epoch,source_acc,target_acc_no_im,target_acc_oracle,target_acc_baseline,target_acc_MLLS,target_acc_RLLS,baseline_AE,MLLS_AE,RLLS_AE,multarget_acc_oracle,multarget_acc_baseline,multarget_acc_MLLS,multarget_acc_RLLS
10,97.03333333333333,97.4349710982659,97.47109826589595,97.47109826589595,97.47109826589595,97.47109826589595,0.0190945692667253,0.017701550839048917,0.01848307945892532,97.47109826589595,97.47109826589595,97.47109826589595,97.47109826589595
