epoch,source_acc,target_acc_no_im,target_acc_oracle,target_acc_baseline,target_acc_MLLS,target_acc_RLLS,baseline_AE,MLLS_AE,RLLS_AE,cal_target_acc_no_im,cal_target_acc_oracle,cal_target_acc_baseline,cal_target_acc_MLLS,cal_target_acc_RLLS,cal_baseline_AE,cal_MLLS_AE,cal_RLLS_AE,cal_source_acc
9,79.93393009377664,79.25657803146318,79.2704997911736,79.06167339551719,78.89461227899206,78.86676875957122,0.08598800702987276,0.1306269309722421,0.11790187491090591,79.50716970625086,79.56285674509257,79.08951691493805,78.78323820130865,78.86676875957122,0.08194994595299424,0.13106017871283523,0.11658083233665202,80.218101733447
