epoch,source_acc,target_acc_no_im,target_acc_oracle,target_acc_baseline,target_acc_MLLS,target_acc_RLLS,baseline_AE,MLLS_AE,RLLS_AE,cal_target_acc_no_im,cal_target_acc_oracle,cal_target_acc_baseline,cal_target_acc_MLLS,cal_target_acc_RLLS,cal_baseline_AE,cal_MLLS_AE,cal_RLLS_AE,cal_source_acc
20,75.41915316851379,4.71976401179941,5.014749262536873,4.480586781471737,0.2391772303276728,4.496531930160249,0.5966691092121247,nan,0.7178848184513025,2.8780993382763294,2.67081240532568,1.46695367934306,0.366738419835765,1.2676393207366659,0.823788217686759,1.9926519717788662,0.9875925034407793,81.43293549303779
