epoch,source_acc,target_acc_no_im,target_acc_oracle,target_acc_baseline,target_acc_MLLS,target_acc_RLLS,baseline_AE,MLLS_AE,RLLS_AE,multarget_acc_oracle,multarget_acc_baseline,multarget_acc_MLLS,multarget_acc_RLLS
10,98.03076923076924,82.47750613469054,82.48659456511861,82.34420915507891,82.34420915507891,82.35329758550698,0.0977699496385806,0.10600147774193219,0.09998278389567274,82.48659456511861,82.34420915507891,82.34420915507891,82.35329758550698
