epoch,source_acc,target_acc_no_im,target_acc_oracle,target_acc_baseline,target_acc_MLLS,target_acc_RLLS,baseline_AE,MLLS_AE,RLLS_AE,cal_target_acc_no_im,cal_target_acc_oracle,cal_target_acc_baseline,cal_target_acc_MLLS,cal_target_acc_RLLS,cal_baseline_AE,cal_MLLS_AE,cal_RLLS_AE,cal_source_acc
10,97.03333333333333,75.55555555555556,77.77777777777779,76.66666666666667,76.66666666666667,76.66666666666667,0.21359808773526717,0.2140330448746624,0.2165645678011373,77.77777777777779,82.22222222222221,78.88888888888889,78.88888888888889,78.88888888888889,0.2514936393437286,0.29165847559644376,0.2549062525006078,97.3
