epoch,source_acc,target_acc_no_im,target_acc_oracle,target_acc_baseline,target_acc_MLLS,target_acc_RLLS,baseline_AE,MLLS_AE,RLLS_AE,cal_target_acc_no_im,cal_target_acc_oracle,cal_target_acc_baseline,cal_target_acc_MLLS,cal_target_acc_RLLS,cal_baseline_AE,cal_MLLS_AE,cal_RLLS_AE,cal_source_acc
10,99.29060565055153,28.24194952132289,45.909486510008705,31.375108790252394,32.15839860748477,31.375108790252394,1.2020212505028962,1.1188800670222758,1.1975170679396778,47.040905134899916,47.86771105308964,43.60313315926893,41.427328111401216,43.60313315926893,0.8228606416690233,1.1528345536620959,0.8256424880038522,99.96719563701973
