epoch,source_acc,target_acc_no_im,target_acc_oracle,target_acc_baseline,target_acc_MLLS,target_acc_RLLS,baseline_AE,MLLS_AE,RLLS_AE,cal_target_acc_no_im,cal_target_acc_oracle,cal_target_acc_baseline,cal_target_acc_MLLS,cal_target_acc_RLLS,cal_baseline_AE,cal_MLLS_AE,cal_RLLS_AE,cal_source_acc
9,98.76,57.6271186440678,67.37288135593221,55.50847457627118,55.50847457627118,55.50847457627118,0.8113643908996521,0.8375019990307321,0.8109591986882878,54.66101694915254,70.33898305084746,51.90677966101694,50.21186440677966,51.90677966101694,0.8538617628342392,0.9396115151867217,0.8531315822248077,98.75
