epoch,source_acc,target_acc_no_im,target_acc_oracle,target_acc_baseline,target_acc_MLLS,target_acc_RLLS,baseline_AE,MLLS_AE,RLLS_AE,cal_target_acc_no_im,cal_target_acc_oracle,cal_target_acc_baseline,cal_target_acc_MLLS,cal_target_acc_RLLS,cal_baseline_AE,cal_MLLS_AE,cal_RLLS_AE,cal_source_acc
44,94.43,97.66949152542372,98.30508474576271,98.30508474576271,98.30508474576271,98.30508474576271,0.05228497486924593,0.01757146083164171,0.02007596456431035,97.45762711864407,98.30508474576271,98.30508474576271,98.09322033898306,98.09322033898306,0.06340287954909568,0.018721562356741116,0.02117297825259476,94.42
