epoch,source_acc,target_acc_no_im,target_acc_oracle,target_acc_baseline,target_acc_MLLS,target_acc_RLLS,baseline_AE,MLLS_AE,RLLS_AE,cal_target_acc_no_im,cal_target_acc_oracle,cal_target_acc_baseline,cal_target_acc_MLLS,cal_target_acc_RLLS,cal_baseline_AE,cal_MLLS_AE,cal_RLLS_AE,cal_source_acc
46,90.2872777017784,72.48576850094877,73.05502846299811,71.5370018975332,60.91081593927894,70.01897533206831,0.2123918608131428,0.6219686791921087,0.28160534214260086,68.69070208728652,69.25996204933587,67.93168880455408,64.89563567362428,66.79316888045541,0.3249762389032202,0.49757111928201064,0.368869283263162,92.61285909712723
