epoch,source_acc,target_acc_no_im,target_acc_oracle,target_acc_baseline,target_acc_MLLS,target_acc_RLLS,baseline_AE,MLLS_AE,RLLS_AE,cal_target_acc_no_im,cal_target_acc_oracle,cal_target_acc_baseline,cal_target_acc_MLLS,cal_target_acc_RLLS,cal_baseline_AE,cal_MLLS_AE,cal_RLLS_AE,cal_source_acc
7,99.47923073768811,99.59866220735786,99.66555183946488,99.66555183946488,99.66555183946488,99.66555183946488,0.005826951580776815,0.005239563932436776,0.009130698951448152,99.59866220735786,99.66555183946488,99.66555183946488,99.66555183946488,99.66555183946488,0.006745412691267705,0.005443846301781466,0.005242892490724007,99.65145364333456
