epoch,source_acc,target_acc_no_im,target_acc_oracle,target_acc_baseline,target_acc_MLLS,target_acc_RLLS,baseline_AE,MLLS_AE,RLLS_AE,cal_target_acc_no_im,cal_target_acc_oracle,cal_target_acc_baseline,cal_target_acc_MLLS,cal_target_acc_RLLS,cal_baseline_AE,cal_MLLS_AE,cal_RLLS_AE,cal_source_acc
20,79.41886899687411,75.7840616966581,78.04627249357327,76.29820051413881,76.34961439588689,76.19537275064268,0.2667310627154038,0.2528515901274218,0.27645463630646794,78.76606683804627,80.0,78.76606683804627,78.45758354755785,78.97172236503856,0.20282443904366249,0.22490995169310374,0.22016097180219732,81.03509519749929
