epoch,source_acc,target_acc_no_im,target_acc_oracle,target_acc_baseline,target_acc_MLLS,target_acc_RLLS,baseline_AE,MLLS_AE,RLLS_AE,cal_target_acc_no_im,cal_target_acc_oracle,cal_target_acc_baseline,cal_target_acc_MLLS,cal_target_acc_RLLS,cal_baseline_AE,cal_MLLS_AE,cal_RLLS_AE,cal_source_acc
40,69.33333333333334,42.857142857142854,61.904761904761905,42.857142857142854,45.23809523809524,40.476190476190474,1.031066616875164,0.9936598745431464,1.1796297352730603,73.80952380952381,80.95238095238095,78.57142857142857,80.95238095238095,78.57142857142857,0.5655106497496099,0.369864987475572,0.43143043096516964,77.88333333333334
