epoch,source_acc,target_acc_no_im,target_acc_oracle,target_acc_baseline,target_acc_MLLS,target_acc_RLLS,baseline_AE,MLLS_AE,RLLS_AE,multarget_acc_oracle,multarget_acc_baseline,multarget_acc_MLLS,multarget_acc_RLLS
49,52.94,50.26595744680851,57.180851063829785,47.87234042553192,35.1063829787234,44.9468085106383,0.7437481865970457,0.9226397903185029,0.7474802228186433,57.180851063829785,47.87234042553192,35.1063829787234,44.9468085106383
