epoch,source_acc,target_acc_no_im,target_acc_oracle,target_acc_baseline,target_acc_MLLS,target_acc_RLLS,baseline_AE,MLLS_AE,RLLS_AE,cal_target_acc_no_im,cal_target_acc_oracle,cal_target_acc_baseline,cal_target_acc_MLLS,cal_target_acc_RLLS,cal_baseline_AE,cal_MLLS_AE,cal_RLLS_AE,cal_source_acc
8,95.7592339261286,73.00380228136882,73.76425855513308,69.96197718631178,67.30038022813687,69.20152091254754,0.3799824457388316,0.5686222903268399,0.39892188442108556,57.79467680608364,60.836501901140686,52.09125475285171,49.80988593155893,52.09125475285171,0.6528735813174998,0.8931242318503828,0.6656688821184646,96.58002735978111
