epoch,source_acc,target_acc_no_im,target_acc_oracle,target_acc_baseline,target_acc_MLLS,target_acc_RLLS,baseline_AE,MLLS_AE,RLLS_AE,multarget_acc_oracle,multarget_acc_baseline,multarget_acc_MLLS,multarget_acc_RLLS
10,89.64549587951123,61.08905275099262,64.23709585933068,58.876914350538854,56.09756097560976,58.252977878615994,0.5384455050915182,0.6962176934947797,0.5832768966326215,64.26545660805445,58.50822461712989,56.66477595008508,57.96937039137833
