epoch,source_acc,target_acc_no_im,target_acc_oracle,target_acc_baseline,target_acc_MLLS,target_acc_RLLS,baseline_AE,MLLS_AE,RLLS_AE,multarget_acc_oracle,multarget_acc_baseline,multarget_acc_MLLS,multarget_acc_RLLS
4,80.5,77.18396711202466,77.80061664953752,78.72559095580678,58.067831449126416,76.87564234326825,0.24998359268058365,0.5145754378355112,0.19081448529493655,77.80061664953752,78.72559095580678,58.067831449126416,76.87564234326825
