epoch,source_acc,target_acc_no_im,target_acc_oracle,target_acc_baseline,target_acc_MLLS,target_acc_RLLS,baseline_AE,MLLS_AE,RLLS_AE,cal_target_acc_no_im,cal_target_acc_oracle,cal_target_acc_baseline,cal_target_acc_MLLS,cal_target_acc_RLLS,cal_baseline_AE,cal_MLLS_AE,cal_RLLS_AE,cal_source_acc
40,87.38461538461539,61.10544217687075,63.20578231292517,61.70918367346939,61.73469387755102,61.743197278911566,0.4694644045870321,0.44713387087392975,0.4328888629123593,69.51530612244898,72.89965986394557,70.74829931972789,70.73979591836735,70.68027210884354,0.30569503416060184,0.2777232683029305,0.28894766144279427,90.0
