epoch,source_acc,target_acc_no_im,target_acc_oracle,target_acc_baseline,target_acc_MLLS,target_acc_RLLS,baseline_AE,MLLS_AE,RLLS_AE,multarget_acc_oracle,multarget_acc_baseline,multarget_acc_MLLS,multarget_acc_RLLS
7,98.82352941176471,98.10426540284361,99.52606635071089,98.5781990521327,99.0521327014218,99.52606635071089,0.04064921230797887,0.02339142572434874,0.02576177137480715,99.52606635071089,98.5781990521327,99.0521327014218,99.52606635071089
