epoch,source_acc,target_acc_no_im,target_acc_oracle,target_acc_baseline,target_acc_MLLS,target_acc_RLLS,baseline_AE,MLLS_AE,RLLS_AE,cal_target_acc_no_im,cal_target_acc_oracle,cal_target_acc_baseline,cal_target_acc_MLLS,cal_target_acc_RLLS,cal_baseline_AE,cal_MLLS_AE,cal_RLLS_AE,cal_source_acc
40,83.86666666666667,50.83690151810043,50.849876735435316,50.79473206176204,50.791488257428306,50.801219670429475,0.07824191740608036,0.08731391602592761,0.09780233831711187,51.16452575580641,51.14830673413779,50.353574672375764,48.86791228753082,49.96756195666278,0.17700874981395123,0.3973077107909684,0.24314104614286786,84.88333333333333
