epoch,source_acc,target_acc_no_im,target_acc_oracle,target_acc_baseline,target_acc_MLLS,target_acc_RLLS,baseline_AE,MLLS_AE,RLLS_AE,cal_target_acc_no_im,cal_target_acc_oracle,cal_target_acc_baseline,cal_target_acc_MLLS,cal_target_acc_RLLS,cal_baseline_AE,cal_MLLS_AE,cal_RLLS_AE,cal_source_acc
41,87.39,72.23042836041358,74.74150664697193,72.52584933530281,72.82127031019202,72.96898079763663,0.3691444772087929,0.339493062605798,0.30701444553601964,84.19497784342688,85.81979320531758,85.37666174298376,84.78581979320532,85.22895125553914,0.12489498072362983,0.141955783604431,0.10688938239526753,91.81
