epoch,source_acc,target_acc_no_im,target_acc_oracle,target_acc_baseline,target_acc_MLLS,target_acc_RLLS,baseline_AE,MLLS_AE,RLLS_AE,cal_target_acc_no_im,cal_target_acc_oracle,cal_target_acc_baseline,cal_target_acc_MLLS,cal_target_acc_RLLS,cal_baseline_AE,cal_MLLS_AE,cal_RLLS_AE,cal_source_acc
9,99.97949727313733,47.47052111068847,49.52453404336249,43.99011030810194,40.43362495245341,43.99011030810194,0.7040237287631894,0.9451972248343736,0.705344234953643,47.50855838721947,48.23126664130849,46.63370102700647,46.50057055914797,46.63370102700647,0.7346198616190518,0.7714211010946597,0.7351317928121138,99.97949727313733
