epoch,source_acc,target_acc_no_im,target_acc_oracle,target_acc_baseline,target_acc_MLLS,target_acc_RLLS,baseline_AE,MLLS_AE,RLLS_AE,multarget_acc_oracle,multarget_acc_baseline,multarget_acc_MLLS,multarget_acc_RLLS
39,78.2,48.926300765537825,48.9230569612041,48.37485402880498,48.13805631244323,48.08615544310367,0.18367708242890227,0.26197728250995983,0.2506923831470128,48.9230569612041,48.37485402880498,48.13805631244323,48.08615544310367
