epoch,source_acc,target_acc_no_im,target_acc_oracle,target_acc_baseline,target_acc_MLLS,target_acc_RLLS,baseline_AE,MLLS_AE,RLLS_AE,multarget_acc_oracle,multarget_acc_baseline,multarget_acc_MLLS,multarget_acc_RLLS
40,68.0,48.57142857142857,51.42857142857142,45.714285714285715,45.714285714285715,42.857142857142854,0.5990633352060935,0.9379976261274091,0.9178151332989348,51.42857142857142,45.714285714285715,45.714285714285715,42.857142857142854
