epoch,source_acc,target_acc_no_im,target_acc_oracle,target_acc_baseline,target_acc_MLLS,target_acc_RLLS,baseline_AE,MLLS_AE,RLLS_AE,cal_target_acc_no_im,cal_target_acc_oracle,cal_target_acc_baseline,cal_target_acc_MLLS,cal_target_acc_RLLS,cal_baseline_AE,cal_MLLS_AE,cal_RLLS_AE,cal_source_acc
40,88.1076923076923,87.61703412866203,88.0096647538508,87.7680459075808,87.79824826336454,87.79824826336454,0.12891541309913487,0.11546745784839482,0.0945742903748316,90.06342494714588,90.81848384173966,90.81848384173966,90.87888855330716,90.8486861975234,0.06302570448572342,0.029390373862143424,0.03710327511791575,89.90769230769232
