epoch,source_acc,target_acc_no_im,target_acc_oracle,target_acc_baseline,target_acc_MLLS,target_acc_RLLS,baseline_AE,MLLS_AE,RLLS_AE,cal_target_acc_no_im,cal_target_acc_oracle,cal_target_acc_baseline,cal_target_acc_MLLS,cal_target_acc_RLLS,cal_baseline_AE,cal_MLLS_AE,cal_RLLS_AE,cal_source_acc
41,86.19,80.05908419497784,81.68389955686854,80.64992614475628,80.79763663220089,80.94534711964549,0.3207402380906937,0.29326213549607966,0.24145560472978123,92.46676514032495,92.76218611521418,92.61447562776958,92.61447562776958,92.46676514032495,0.10212301581883405,0.027666295193509893,0.021969599897285072,90.92
