epoch,source_acc,target_acc_no_im,target_acc_oracle,target_acc_baseline,target_acc_MLLS,target_acc_RLLS,baseline_AE,MLLS_AE,RLLS_AE,cal_target_acc_no_im,cal_target_acc_oracle,cal_target_acc_baseline,cal_target_acc_MLLS,cal_target_acc_RLLS,cal_baseline_AE,cal_MLLS_AE,cal_RLLS_AE,cal_source_acc
40,79.88461538461539,39.519650655021834,39.519650655021834,39.46694774883301,39.46694774883301,39.49706369522662,0.06666762611810934,0.07690668415108226,0.09339528092237287,39.369070923053755,39.30131004366812,38.337599759072425,35.37870802589971,37.53952717964162,0.21084692500062716,0.5749173385928068,0.33938604758064744,80.61538461538461
