epoch,source_acc,target_acc_no_im,target_acc_oracle,target_acc_baseline,target_acc_MLLS,target_acc_RLLS,baseline_AE,MLLS_AE,RLLS_AE,cal_target_acc_no_im,cal_target_acc_oracle,cal_target_acc_baseline,cal_target_acc_MLLS,cal_target_acc_RLLS,cal_baseline_AE,cal_MLLS_AE,cal_RLLS_AE,cal_source_acc
40,79.11538461538463,33.34120982986767,36.1531190926276,33.62476370510397,33.69565217391305,33.62476370510397,0.707605608459034,0.6899625721382284,0.7122595936408836,34.593572778827976,38.06710775047259,35.58601134215501,25.63799621928166,33.22306238185255,0.5694767178664784,1.1944862862750094,0.6199971610352896,77.92307692307693
