epoch,source_acc,target_acc_no_im,target_acc_oracle,target_acc_baseline,target_acc_MLLS,target_acc_RLLS,baseline_AE,MLLS_AE,RLLS_AE,multarget_acc_oracle,multarget_acc_baseline,multarget_acc_MLLS,multarget_acc_RLLS
8,95.7592339261286,73.00380228136882,73.76425855513308,69.96197718631178,67.30038022813687,69.20152091254754,0.3797065167751574,0.5679255097665926,0.39872060343994176,74.52471482889734,69.20152091254754,67.30038022813687,68.8212927756654
