epoch,source_acc,target_acc_no_im,target_acc_oracle,target_acc_baseline,target_acc_MLLS,target_acc_RLLS,baseline_AE,MLLS_AE,RLLS_AE,cal_target_acc_no_im,cal_target_acc_oracle,cal_target_acc_baseline,cal_target_acc_MLLS,cal_target_acc_RLLS,cal_baseline_AE,cal_MLLS_AE,cal_RLLS_AE,cal_source_acc
40,75.34615384615385,0.0,33.33333333333333,0.0,0.0,0.0,1.9999873384530238,2.000000000319948,2.1547500895365324,22.22222222222222,44.44444444444444,33.33333333333333,33.33333333333333,33.33333333333333,1.2309253447456285,0.746205580731233,0.8907813294053216,77.15384615384615
