epoch,source_acc,target_acc_no_im,target_acc_oracle,target_acc_baseline,target_acc_MLLS,target_acc_RLLS,baseline_AE,MLLS_AE,RLLS_AE,multarget_acc_oracle,multarget_acc_baseline,multarget_acc_MLLS,multarget_acc_RLLS
8,95.7592339261286,61.61616161616161,69.6969696969697,62.62626262626263,63.63636363636363,62.62626262626263,0.6292602222926111,0.550502269394054,0.6180227340762471,69.6969696969697,65.65656565656566,63.63636363636363,65.65656565656566
