epoch,source_acc,target_acc_no_im,target_acc_oracle,target_acc_baseline,target_acc_MLLS,target_acc_RLLS,baseline_AE,MLLS_AE,RLLS_AE,multarget_acc_oracle,multarget_acc_baseline,multarget_acc_MLLS,multarget_acc_RLLS
28,50.71069126865013,50.461876832844574,50.93841642228739,50.27859237536657,50.029325513196476,47.551319648093845,0.18958845712146188,0.23671581210083015,0.4812102960993257,49.186217008797655,48.54105571847507,48.45307917888563,46.348973607038126
