epoch,source_acc,target_acc_no_im,target_acc_oracle,target_acc_baseline,target_acc_MLLS,target_acc_RLLS,baseline_AE,MLLS_AE,RLLS_AE,cal_target_acc_no_im,cal_target_acc_oracle,cal_target_acc_baseline,cal_target_acc_MLLS,cal_target_acc_RLLS,cal_baseline_AE,cal_MLLS_AE,cal_RLLS_AE,cal_source_acc
10,89.65260017050298,71.93877551020408,78.8265306122449,71.42857142857143,70.91836734693877,71.42857142857143,0.5298828813936185,0.5081042772283215,0.5164675842448103,71.42857142857143,80.35714285714286,70.1530612244898,67.09183673469387,70.40816326530613,0.5818297694390218,0.5765973789300467,0.5532000363548026,89.81244671781756
