epoch,source_acc,target_acc_no_im,target_acc_oracle,target_acc_baseline,target_acc_MLLS,target_acc_RLLS,baseline_AE,MLLS_AE,RLLS_AE,cal_target_acc_no_im,cal_target_acc_oracle,cal_target_acc_baseline,cal_target_acc_MLLS,cal_target_acc_RLLS,cal_baseline_AE,cal_MLLS_AE,cal_RLLS_AE,cal_source_acc
9,98.76,99.57627118644068,99.57627118644068,99.78813559322035,99.57627118644068,99.57627118644068,0.01153341345005141,0.0031628363722818516,0.00483588762748141,99.36440677966102,99.57627118644068,99.57627118644068,99.57627118644068,99.57627118644068,0.018701677667904405,0.0027668381321349932,0.005446822850731161,98.75
