epoch,source_acc,target_acc_no_im,target_acc_oracle,target_acc_baseline,target_acc_MLLS,target_acc_RLLS,baseline_AE,MLLS_AE,RLLS_AE,cal_target_acc_no_im,cal_target_acc_oracle,cal_target_acc_baseline,cal_target_acc_MLLS,cal_target_acc_RLLS,cal_baseline_AE,cal_MLLS_AE,cal_RLLS_AE,cal_source_acc
40,79.80000000000001,44.44444444444444,43.333333333333336,44.44444444444444,44.44444444444444,43.333333333333336,0.6624529414331644,0.6815330531448125,0.7506823753453061,45.55555555555556,50.0,45.55555555555556,37.77777777777778,42.22222222222222,0.40582754028340184,0.7778312034652407,0.4904469290766489,81.66666666666667
