epoch,source_acc,target_acc_no_im,target_acc_oracle,target_acc_baseline,target_acc_MLLS,target_acc_RLLS,baseline_AE,MLLS_AE,RLLS_AE,cal_target_acc_no_im,cal_target_acc_oracle,cal_target_acc_baseline,cal_target_acc_MLLS,cal_target_acc_RLLS,cal_baseline_AE,cal_MLLS_AE,cal_RLLS_AE,cal_source_acc
9,98.76,97.84172661870504,97.94450154162384,97.94450154162384,97.94450154162384,97.94450154162384,0.0309697725587091,0.028041457828184083,0.027719515666947303,97.63617677286743,97.94450154162384,97.73895169578623,97.73895169578623,97.73895169578623,0.03358490772177787,0.02677583876510993,0.028764646132601983,98.75
