epoch,source_acc,target_acc_no_im,target_acc_oracle,target_acc_baseline,target_acc_MLLS,target_acc_RLLS,baseline_AE,MLLS_AE,RLLS_AE,multarget_acc_oracle,multarget_acc_baseline,multarget_acc_MLLS,multarget_acc_RLLS
15,69.36629724353509,43.63929146537842,47.18196457326892,42.96296296296296,33.107890499194845,41.835748792270536,0.5028424473053424,1.0988249900194833,0.5614009814910017,46.3768115942029,41.99677938808374,36.2962962962963,40.7085346215781
