epoch,source_acc,target_acc_no_im,target_acc_oracle,target_acc_baseline,target_acc_MLLS,target_acc_RLLS,baseline_AE,MLLS_AE,RLLS_AE,cal_target_acc_no_im,cal_target_acc_oracle,cal_target_acc_baseline,cal_target_acc_MLLS,cal_target_acc_RLLS,cal_baseline_AE,cal_MLLS_AE,cal_RLLS_AE,cal_source_acc
44,65.36999999999999,42.02127659574468,49.46808510638298,43.08510638297872,43.351063829787236,42.5531914893617,0.7252661725694667,0.712641773069392,0.8072434173732312,52.92553191489362,59.840425531914896,52.3936170212766,44.41489361702128,50.26595744680851,0.5797044817132855,0.9366670064302509,0.6430191533008855,69.34
