epoch,source_acc,target_acc_no_im,target_acc_oracle,target_acc_baseline,target_acc_MLLS,target_acc_RLLS,baseline_AE,MLLS_AE,RLLS_AE,cal_target_acc_no_im,cal_target_acc_oracle,cal_target_acc_baseline,cal_target_acc_MLLS,cal_target_acc_RLLS,cal_baseline_AE,cal_MLLS_AE,cal_RLLS_AE,cal_source_acc
9,90.09,91.59751037344398,91.59751037344398,91.39004149377593,91.28630705394191,91.49377593360995,0.09368949518171893,0.09905277016568789,0.10115146068140611,91.07883817427386,91.28630705394191,90.97510373443983,91.07883817427386,91.07883817427386,0.09110770931204634,0.09682937468695782,0.09673893845007374,90.48
