epoch,source_acc,target_acc_no_im,target_acc_oracle,target_acc_baseline,target_acc_MLLS,target_acc_RLLS,baseline_AE,MLLS_AE,RLLS_AE,multarget_acc_oracle,multarget_acc_baseline,multarget_acc_MLLS,multarget_acc_RLLS
1,84.0,81.97932053175776,80.79763663220089,81.38847858197931,73.26440177252584,76.80945347119645,0.39071898160714164,0.30047202641461096,0.23980032441250243,80.79763663220089,81.38847858197931,73.26440177252584,76.80945347119645
