epoch,source_acc,target_acc_no_im,target_acc_oracle,target_acc_baseline,target_acc_MLLS,target_acc_RLLS,baseline_AE,MLLS_AE,RLLS_AE,multarget_acc_oracle,multarget_acc_baseline,multarget_acc_MLLS,multarget_acc_RLLS
49,58.15,47.491638795986624,48.99665551839465,42.97658862876254,22.74247491638796,36.78929765886287,0.4098070992926216,1.3338552168384417,0.6040935872256243,48.99665551839465,42.97658862876254,22.74247491638796,36.78929765886287
