epoch,source_acc,target_acc_no_im,target_acc_oracle,target_acc_baseline,target_acc_MLLS,target_acc_RLLS,baseline_AE,MLLS_AE,RLLS_AE,cal_target_acc_no_im,cal_target_acc_oracle,cal_target_acc_baseline,cal_target_acc_MLLS,cal_target_acc_RLLS,cal_baseline_AE,cal_MLLS_AE,cal_RLLS_AE,cal_source_acc
6,55.83119978811689,49.88631195998181,50.34106412005457,49.97726239199636,49.94694558132484,49.87115355464605,0.19798148518862746,0.19107134102631096,0.29060869103694453,52.06912232833106,52.12975594967409,51.993330301652264,46.1876610580567,50.17432166136122,0.18793202356459804,0.4723882926256763,0.3246080284127959,57.61454930696566
