epoch,source_acc,target_acc_no_im,target_acc_oracle,target_acc_baseline,target_acc_MLLS,target_acc_RLLS,baseline_AE,MLLS_AE,RLLS_AE,multarget_acc_oracle,multarget_acc_baseline,multarget_acc_MLLS,multarget_acc_RLLS
7,67.01686236426238,59.417344173441734,68.42818428184282,62.19512195121951,63.143631436314365,64.02439024390245,0.4816705862806794,0.3444037139867897,0.31238670164999865,68.15718157181571,62.737127371273715,63.21138211382114,64.09214092140921
