epoch,source_acc,target_acc_no_im,target_acc_oracle,target_acc_baseline,target_acc_MLLS,target_acc_RLLS,baseline_AE,MLLS_AE,RLLS_AE,multarget_acc_oracle,multarget_acc_baseline,multarget_acc_MLLS,multarget_acc_RLLS
10,99.43412473859024,99.58881578947368,99.61622807017544,99.61622807017544,99.61622807017544,99.61622807017544,0.006376355428967584,0.006509166080177889,0.007218484613096876,99.53399122807018,99.53399122807018,99.53399122807018,99.53399122807018
