epoch,source_acc,target_acc_no_im,target_acc_oracle,target_acc_baseline,target_acc_MLLS,target_acc_RLLS,baseline_AE,MLLS_AE,RLLS_AE,multarget_acc_oracle,multarget_acc_baseline,multarget_acc_MLLS,multarget_acc_RLLS
15,67.55470304063654,39.54281815080177,44.114636642784035,39.03104742408734,28.0791538723985,38.109860116001364,0.6010732710817123,1.268178526022083,0.6583820147426832,42.954622995564655,38.28045035823951,33.33333333333333,37.22279085636301
