epoch,source_acc,target_acc_no_im,target_acc_oracle,target_acc_baseline,target_acc_MLLS,target_acc_RLLS,baseline_AE,MLLS_AE,RLLS_AE,cal_target_acc_no_im,cal_target_acc_oracle,cal_target_acc_baseline,cal_target_acc_MLLS,cal_target_acc_RLLS,cal_baseline_AE,cal_MLLS_AE,cal_RLLS_AE,cal_source_acc
6,49.448221064712634,45.54838709677419,54.70967741935484,45.03225806451613,45.67741935483871,43.74193548387097,0.6958146816891322,0.6525315475135159,0.7352467793860445,55.612903225806456,60.12903225806452,58.19354838709677,59.096774193548384,59.225806451612904,0.4757691813061659,0.27726413748996714,0.29241048444245893,54.73647038050675
