epoch,source_acc,target_acc_no_im,target_acc_oracle,target_acc_baseline,target_acc_MLLS,target_acc_RLLS,baseline_AE,MLLS_AE,RLLS_AE,cal_target_acc_no_im,cal_target_acc_oracle,cal_target_acc_baseline,cal_target_acc_MLLS,cal_target_acc_RLLS,cal_baseline_AE,cal_MLLS_AE,cal_RLLS_AE,cal_source_acc
9,99.97949727313733,40.344572455342984,42.437374484726774,34.83775499418666,29.648028749603633,34.83775499418666,0.8199945656939454,1.0914062787902035,0.8212821069692944,40.36571186978121,40.79906986576472,38.85424373744847,38.801395201352925,38.85424373744847,0.8703504154815382,0.9189483332571617,0.8708010201033632,99.97949727313733
