epoch,source_acc,target_acc_no_im,target_acc_oracle,target_acc_baseline,target_acc_MLLS,target_acc_RLLS,baseline_AE,MLLS_AE,RLLS_AE,cal_target_acc_no_im,cal_target_acc_oracle,cal_target_acc_baseline,cal_target_acc_MLLS,cal_target_acc_RLLS,cal_baseline_AE,cal_MLLS_AE,cal_RLLS_AE,cal_source_acc
49,77.59,52.86885245901639,73.77049180327869,52.04918032786885,50.0,51.63934426229508,0.8078654511568334,0.8081104987061472,0.7133068459507907,54.09836065573771,72.54098360655738,55.73770491803278,52.04918032786885,54.91803278688525,0.7674941058672836,0.7934248579417872,0.7042983595808697,77.94
