epoch,source_acc,target_acc_no_im,target_acc_oracle,target_acc_baseline,target_acc_MLLS,target_acc_RLLS,baseline_AE,MLLS_AE,RLLS_AE,cal_target_acc_no_im,cal_target_acc_oracle,cal_target_acc_baseline,cal_target_acc_MLLS,cal_target_acc_RLLS,cal_baseline_AE,cal_MLLS_AE,cal_RLLS_AE,cal_source_acc
38,79.96666666666667,49.05605293888672,49.06902815622162,48.87764370053198,48.83547424419359,48.8224990268587,0.16228231248996,0.2233109457566474,0.21660481863892278,48.79654859218892,48.81601141819126,48.38458544180615,47.48605164136499,48.01154794342805,0.15032247542722055,0.34171635394272337,0.22706689247797807,80.2
