epoch,source_acc,target_acc_no_im,target_acc_oracle,target_acc_baseline,target_acc_MLLS,target_acc_RLLS,baseline_AE,MLLS_AE,RLLS_AE,cal_target_acc_no_im,cal_target_acc_oracle,cal_target_acc_baseline,cal_target_acc_MLLS,cal_target_acc_RLLS,cal_baseline_AE,cal_MLLS_AE,cal_RLLS_AE,cal_source_acc
20,78.59121909633419,34.01759530791789,46.48093841642228,33.577712609970675,0.7331378299120235,33.43108504398827,1.0749196140238924,nan,1.0573391225353224,43.401759530791786,51.61290322580645,45.01466275659824,39.14956011730205,43.988269794721404,0.8971638875098031,0.9673060399829984,0.8529716287732534,81.06706450696221
