epoch,source_acc,target_acc_no_im,target_acc_oracle,target_acc_baseline,target_acc_MLLS,target_acc_RLLS,baseline_AE,MLLS_AE,RLLS_AE,cal_target_acc_no_im,cal_target_acc_oracle,cal_target_acc_baseline,cal_target_acc_MLLS,cal_target_acc_RLLS,cal_baseline_AE,cal_MLLS_AE,cal_RLLS_AE,cal_source_acc
33,85.11764705882354,84.0909090909091,86.77685950413223,86.57024793388429,86.57024793388429,86.57024793388429,0.16276707713422944,0.09152471377115176,0.10372949725618438,84.50413223140497,85.12396694214877,85.74380165289256,84.91735537190083,84.71074380165288,0.17249946464776744,0.10393739964485986,0.11541459683316402,85.94117647058823
