epoch,source_acc,target_acc_no_im,target_acc_oracle,target_acc_baseline,target_acc_MLLS,target_acc_RLLS,baseline_AE,MLLS_AE,RLLS_AE,cal_target_acc_no_im,cal_target_acc_oracle,cal_target_acc_baseline,cal_target_acc_MLLS,cal_target_acc_RLLS,cal_baseline_AE,cal_MLLS_AE,cal_RLLS_AE,cal_source_acc
50,89.3296853625171,37.06606942889138,37.96192609182531,36.954087346024636,37.06606942889138,36.73012318029115,0.3827827670355927,0.42983165995894707,0.3862553423158358,30.90705487122061,30.45912653975364,28.77939529675252,19.932810750279955,27.21164613661814,0.6792270519482803,1.3343145609981422,0.7305931230837232,93.16005471956224
