epoch,source_acc,target_acc_no_im,target_acc_oracle,target_acc_baseline,target_acc_MLLS,target_acc_RLLS,baseline_AE,MLLS_AE,RLLS_AE,multarget_acc_oracle,multarget_acc_baseline,multarget_acc_MLLS,multarget_acc_RLLS
40,78.17647058823529,47.79946421737466,58.821278224263295,49.98086490623804,50.86107921928817,50.21048603138155,0.5602567944543096,0.4630361953561351,0.5255537962242981,58.821278224263295,49.98086490623804,50.86107921928817,50.21048603138155
