epoch,source_acc,target_acc_no_im,target_acc_oracle,target_acc_baseline,target_acc_MLLS,target_acc_RLLS,baseline_AE,MLLS_AE,RLLS_AE,cal_target_acc_no_im,cal_target_acc_oracle,cal_target_acc_baseline,cal_target_acc_MLLS,cal_target_acc_RLLS,cal_baseline_AE,cal_MLLS_AE,cal_RLLS_AE,cal_source_acc
9,99.97949727313733,99.96721848877233,99.96721848877233,99.96721848877233,99.96721848877233,99.96721848877233,0.0010023992291885442,0.0010064001909690923,0.0010054206260778215,99.96721848877233,99.96721848877233,99.96721848877233,99.96721848877233,99.96721848877233,0.0005474342431685542,0.0005480079378745173,0.0005481647544421792,99.97949727313733
