epoch,source_acc,target_acc_no_im,target_acc_oracle,target_acc_baseline,target_acc_MLLS,target_acc_RLLS,baseline_AE,MLLS_AE,RLLS_AE,multarget_acc_oracle,multarget_acc_baseline,multarget_acc_MLLS,multarget_acc_RLLS
40,86.49230769230769,87.67743884022954,88.58350951374207,88.52310480217457,88.52310480217457,88.67411658109332,0.08964989967902989,0.024833782392347764,0.026402324596866863,88.58350951374207,88.52310480217457,88.52310480217457,88.67411658109332
