epoch,source_acc,target_acc_no_im,target_acc_oracle,target_acc_baseline,target_acc_MLLS,target_acc_RLLS,baseline_AE,MLLS_AE,RLLS_AE,cal_target_acc_no_im,cal_target_acc_oracle,cal_target_acc_baseline,cal_target_acc_MLLS,cal_target_acc_RLLS,cal_baseline_AE,cal_MLLS_AE,cal_RLLS_AE,cal_source_acc
29,58.2766840293105,64.9425287356322,67.81609195402298,66.0919540229885,66.23563218390804,66.0919540229885,0.2938590991371783,0.2544104636726185,0.3833908469016344,64.08045977011494,69.25287356321839,67.09770114942529,68.24712643678161,67.24137931034483,0.38741149507417316,0.20646435184164325,0.2726844468261094,59.053588770195105
