epoch,source_acc,target_acc_no_im,target_acc_oracle,target_acc_baseline,target_acc_MLLS,target_acc_RLLS,baseline_AE,MLLS_AE,RLLS_AE,cal_target_acc_no_im,cal_target_acc_oracle,cal_target_acc_baseline,cal_target_acc_MLLS,cal_target_acc_RLLS,cal_baseline_AE,cal_MLLS_AE,cal_RLLS_AE,cal_source_acc
33,85.11764705882354,63.63636363636363,90.9090909090909,72.72727272727273,72.72727272727273,72.72727272727273,0.6210655360442946,0.567514234366978,0.5862641464582649,63.63636363636363,90.9090909090909,72.72727272727273,72.72727272727273,72.72727272727273,0.6217614271551032,0.5557965429347356,0.5831356086817041,85.94117647058823
