epoch,source_acc,target_acc_no_im,target_acc_oracle,target_acc_baseline,target_acc_MLLS,target_acc_RLLS,baseline_AE,MLLS_AE,RLLS_AE,multarget_acc_oracle,multarget_acc_baseline,multarget_acc_MLLS,multarget_acc_RLLS
49,56.56,56.32780082987552,56.84647302904564,53.941908713692946,39.83402489626556,48.44398340248963,0.23229067568006417,0.8327553558962261,0.41805798729726373,56.84647302904564,53.941908713692946,39.83402489626556,48.44398340248963
