epoch,source_acc,cal_source_acc
1,95.07114446221348,95.07114446221348
2,96.69906097510969,96.69906097510969
3,97.4002542338131,97.4002542338131
4,98.38028457784885,98.38028457784885
5,98.4212900315742,98.4212900315742
6,98.76163529749456,98.76163529749456
7,99.06917620043465,99.06917620043465
8,99.20039365235577,99.20039365235577
9,99.31520892278674,99.31520892278674
10,99.43412473859024,99.43412473859024
