epoch,source_acc,target_acc_no_im,target_acc_oracle,target_acc_baseline,target_acc_MLLS,target_acc_RLLS,baseline_AE,MLLS_AE,RLLS_AE,multarget_acc_oracle,multarget_acc_baseline,multarget_acc_MLLS,multarget_acc_RLLS
10,97.06666666666666,75.16065505804312,75.34203980099502,74.91189883913765,74.87043946932008,74.88080431177447,0.16904320474559592,0.18894609751775987,0.17879442169960502,75.34203980099502,74.91189883913765,74.87043946932008,74.88080431177447
