epoch,source_acc,target_acc_no_im,target_acc_oracle,target_acc_baseline,target_acc_MLLS,target_acc_RLLS,baseline_AE,MLLS_AE,RLLS_AE,cal_target_acc_no_im,cal_target_acc_oracle,cal_target_acc_baseline,cal_target_acc_MLLS,cal_target_acc_RLLS,cal_baseline_AE,cal_MLLS_AE,cal_RLLS_AE,cal_source_acc
7,66.91092080868721,67.87096774193549,73.03225806451613,69.54838709677419,70.70967741935485,71.09677419354838,0.2884780290766643,0.18595018148529233,0.19062060507624623,69.41935483870968,73.54838709677419,70.83870967741936,72.7741935483871,73.03225806451613,0.3460058851848401,0.12012387716463749,0.15583433843609001,67.24640240134192
