epoch,source_acc,target_acc_no_im,target_acc_oracle,target_acc_baseline,target_acc_MLLS,target_acc_RLLS,baseline_AE,MLLS_AE,RLLS_AE,multarget_acc_oracle,multarget_acc_baseline,multarget_acc_MLLS,multarget_acc_RLLS
49,60.529999999999994,28.428093645484946,30.60200668896321,22.909698996655518,8.695652173913043,20.066889632107024,0.4778458094426795,1.6917538789605735,0.6477175782835105,30.60200668896321,22.909698996655518,8.695652173913043,20.066889632107024
