epoch,source_acc,target_acc_no_im,target_acc_oracle,target_acc_baseline,target_acc_MLLS,target_acc_RLLS,baseline_AE,MLLS_AE,RLLS_AE,cal_target_acc_no_im,cal_target_acc_oracle,cal_target_acc_baseline,cal_target_acc_MLLS,cal_target_acc_RLLS,cal_baseline_AE,cal_MLLS_AE,cal_RLLS_AE,cal_source_acc
9,90.09,80.0531914893617,84.04255319148936,81.91489361702128,81.91489361702128,81.91489361702128,0.2544610142879168,0.22641882039543673,0.24367077709199317,81.11702127659575,84.57446808510637,81.38297872340425,79.7872340425532,80.85106382978722,0.29737652527960856,0.26067610923707857,0.2618149602252788,90.48
