epoch,source_acc,target_acc_no_im,target_acc_oracle,target_acc_baseline,target_acc_MLLS,target_acc_RLLS,baseline_AE,MLLS_AE,RLLS_AE,cal_target_acc_no_im,cal_target_acc_oracle,cal_target_acc_baseline,cal_target_acc_MLLS,cal_target_acc_RLLS,cal_baseline_AE,cal_MLLS_AE,cal_RLLS_AE,cal_source_acc
8,95.7592339261286,91.66666666666666,91.66666666666666,91.66666666666666,91.66666666666666,91.66666666666666,0.1743878643156715,0.16589935829334057,0.23880759690386275,91.66666666666666,91.66666666666666,91.66666666666666,91.66666666666666,91.66666666666666,0.18425101168897506,0.15599518440276222,0.2278296536095112,96.58002735978111
