epoch,source_acc,target_acc_no_im,target_acc_oracle,target_acc_baseline,target_acc_MLLS,target_acc_RLLS,baseline_AE,MLLS_AE,RLLS_AE,cal_target_acc_no_im,cal_target_acc_oracle,cal_target_acc_baseline,cal_target_acc_MLLS,cal_target_acc_RLLS,cal_baseline_AE,cal_MLLS_AE,cal_RLLS_AE,cal_source_acc
50,88.78248974008208,39.163498098859314,43.346007604562736,39.163498098859314,39.163498098859314,38.78326996197718,0.5892495633087018,0.65261528549823,0.6052420240507673,39.543726235741445,37.26235741444867,33.07984790874524,28.517110266159694,32.31939163498099,0.6820047373458366,1.2402333860761423,0.745810436858966,92.47606019151847
