epoch,source_acc,target_acc_no_im,target_acc_oracle,target_acc_baseline,target_acc_MLLS,target_acc_RLLS,baseline_AE,MLLS_AE,RLLS_AE,multarget_acc_oracle,multarget_acc_baseline,multarget_acc_MLLS,multarget_acc_RLLS
15,75.23444160272805,47.420725727361884,50.26479241582217,47.355344883949,35.972540045766586,46.786531546256946,0.47087053386898675,1.030341553769319,0.5019716736818228,49.13370382477934,46.05426610003269,43.98823144818568,45.64236678653155
