epoch,source_acc,target_acc_no_im,target_acc_oracle,target_acc_baseline,target_acc_MLLS,target_acc_RLLS,baseline_AE,MLLS_AE,RLLS_AE,cal_target_acc_no_im,cal_target_acc_oracle,cal_target_acc_baseline,cal_target_acc_MLLS,cal_target_acc_RLLS,cal_baseline_AE,cal_MLLS_AE,cal_RLLS_AE,cal_source_acc
40,73.23076923076923,42.82115869017632,57.68261964735516,43.8287153652393,44.83627204030227,47.103274559193956,1.0185307685745604,0.9223758673755176,0.5509539580896953,62.21662468513854,75.06297229219143,67.2544080604534,69.77329974811083,66.75062972292191,0.6311397780415013,0.22790090371204347,0.347945190596525,76.1923076923077
