epoch,source_acc,target_acc_no_im,target_acc_oracle,target_acc_baseline,target_acc_MLLS,target_acc_RLLS,baseline_AE,MLLS_AE,RLLS_AE,multarget_acc_oracle,multarget_acc_baseline,multarget_acc_MLLS,multarget_acc_RLLS
15,75.40139244103439,48.26958105646631,57.74134790528234,49.18032786885246,37.704918032786885,49.18032786885246,0.7797247456103971,1.1151215064947992,0.7459583979159977,57.377049180327866,47.90528233151184,43.35154826958106,46.994535519125684
