epoch,source_acc,target_acc_no_im,target_acc_oracle,target_acc_baseline,target_acc_MLLS,target_acc_RLLS,baseline_AE,MLLS_AE,RLLS_AE,cal_target_acc_no_im,cal_target_acc_oracle,cal_target_acc_baseline,cal_target_acc_MLLS,cal_target_acc_RLLS,cal_baseline_AE,cal_MLLS_AE,cal_RLLS_AE,cal_source_acc
30,73.53846153846155,35.57692307692308,35.57692307692308,36.53846153846153,35.57692307692308,35.57692307692308,0.3658168405079497,0.5195920970290899,0.5334935931497906,35.57692307692308,35.57692307692308,33.65384615384615,33.65384615384615,33.65384615384615,0.2414503012998746,0.6340750160900195,0.43051564550947136,73.34615384615385
