epoch,source_acc,target_acc_no_im,target_acc_oracle,target_acc_baseline,target_acc_MLLS,target_acc_RLLS,baseline_AE,MLLS_AE,RLLS_AE,cal_target_acc_no_im,cal_target_acc_oracle,cal_target_acc_baseline,cal_target_acc_MLLS,cal_target_acc_RLLS,cal_baseline_AE,cal_MLLS_AE,cal_RLLS_AE,cal_source_acc
40,82.71666666666667,29.060824982521556,36.2852481938942,29.66674434863668,29.759962712654392,29.78326730365882,1.057026740474801,1.0176432247592022,0.9977527673407145,39.244931251456535,47.09857841994873,43.69610813330226,37.98648333721743,39.40806338848753,0.8007033585510089,1.0705173948586535,0.8478828357803342,83.6
