epoch,source_acc,target_acc_no_im,target_acc_oracle,target_acc_baseline,target_acc_MLLS,target_acc_RLLS,baseline_AE,MLLS_AE,RLLS_AE,cal_target_acc_no_im,cal_target_acc_oracle,cal_target_acc_baseline,cal_target_acc_MLLS,cal_target_acc_RLLS,cal_baseline_AE,cal_MLLS_AE,cal_RLLS_AE,cal_source_acc
7,98.82352941176471,98.55371900826447,98.55371900826447,98.55371900826447,98.55371900826447,98.55371900826447,0.02064088321183155,0.019638291666535468,0.026008199896808346,98.7603305785124,98.7603305785124,98.7603305785124,98.7603305785124,98.7603305785124,0.024917291148761997,0.02828764538126765,0.02793341747230629,98.76470588235294
