epoch,source_acc,target_acc_no_im,target_acc_oracle,target_acc_baseline,target_acc_MLLS,target_acc_RLLS,baseline_AE,MLLS_AE,RLLS_AE,cal_target_acc_no_im,cal_target_acc_oracle,cal_target_acc_baseline,cal_target_acc_MLLS,cal_target_acc_RLLS,cal_baseline_AE,cal_MLLS_AE,cal_RLLS_AE,cal_source_acc
44,94.43,82.27474150664698,85.52437223042836,85.37666174298376,85.52437223042836,85.52437223042836,0.11870729124401884,0.07051792340504455,0.08509082015919929,82.27474150664698,85.67208271787297,85.22895125553914,85.08124076809453,85.67208271787297,0.1275327353197614,0.0793409028105669,0.091278084728575,94.42
