epoch,source_acc,target_acc_no_im,target_acc_oracle,target_acc_baseline,target_acc_MLLS,target_acc_RLLS,baseline_AE,MLLS_AE,RLLS_AE,multarget_acc_oracle,multarget_acc_baseline,multarget_acc_MLLS,multarget_acc_RLLS
7,99.47923073768811,99.34436977544665,99.34436977544665,99.34436977544665,99.34436977544665,99.34436977544665,0.009398442967673504,0.009421573295136654,0.00964476254198915,99.31158826421897,99.27880675299131,99.27880675299131,99.27880675299131
