epoch,source_acc,target_acc_no_im,target_acc_oracle,target_acc_baseline,target_acc_MLLS,target_acc_RLLS,baseline_AE,MLLS_AE,RLLS_AE,cal_target_acc_no_im,cal_target_acc_oracle,cal_target_acc_baseline,cal_target_acc_MLLS,cal_target_acc_RLLS,cal_baseline_AE,cal_MLLS_AE,cal_RLLS_AE,cal_source_acc
31,86.06153846153846,78.84615384615384,78.84615384615384,78.84615384615384,78.84615384615384,78.84615384615384,0.08306571182150108,0.09277058851260406,0.10244285339353536,79.61538461538461,79.61538461538461,79.23076923076923,79.23076923076923,79.23076923076923,0.0713846075993318,0.10739211250956243,0.09747652700085029,85.98461538461538
