epoch,source_acc,target_acc_no_im,target_acc_oracle,target_acc_baseline,target_acc_MLLS,target_acc_RLLS,baseline_AE,MLLS_AE,RLLS_AE,cal_target_acc_no_im,cal_target_acc_oracle,cal_target_acc_baseline,cal_target_acc_MLLS,cal_target_acc_RLLS,cal_baseline_AE,cal_MLLS_AE,cal_RLLS_AE,cal_source_acc
41,86.83,58.89830508474576,67.79661016949152,58.89830508474576,58.89830508474576,59.11016949152542,0.7155611712674973,0.6993582297305939,0.6282157885992671,81.77966101694916,86.01694915254238,83.89830508474576,84.95762711864407,83.89830508474576,0.27142991326844035,0.1491324940530748,0.21450028823108158,92.23
