epoch,source_acc,target_acc_no_im,target_acc_oracle,target_acc_baseline,target_acc_MLLS,target_acc_RLLS,baseline_AE,MLLS_AE,RLLS_AE,multarget_acc_oracle,multarget_acc_baseline,multarget_acc_MLLS,multarget_acc_RLLS
8,97.19904648390941,96.59354135440795,97.65635645183266,97.61547894808557,97.71085979016215,97.62910478266794,0.0675692601922033,0.02438509027929328,0.006600690329954695,97.6018531135032,97.62910478266794,97.6836081209974,97.64273061725031
