epoch,source_acc,target_acc_no_im,target_acc_oracle,target_acc_baseline,target_acc_MLLS,target_acc_RLLS,baseline_AE,MLLS_AE,RLLS_AE,multarget_acc_oracle,multarget_acc_baseline,multarget_acc_MLLS,multarget_acc_RLLS
49,42.44,8.528428093645484,12.040133779264215,6.521739130434782,2.842809364548495,6.521739130434782,0.5378569433337894,1.9182266864805937,0.7348147596392324,12.040133779264215,6.521739130434782,2.842809364548495,6.521739130434782
