epoch,source_acc,target_acc_no_im,target_acc_oracle,target_acc_baseline,target_acc_MLLS,target_acc_RLLS,baseline_AE,MLLS_AE,RLLS_AE,cal_target_acc_no_im,cal_target_acc_oracle,cal_target_acc_baseline,cal_target_acc_MLLS,cal_target_acc_RLLS,cal_baseline_AE,cal_MLLS_AE,cal_RLLS_AE,cal_source_acc
49,77.59,13.879598662207357,14.715719063545151,7.859531772575251,4.1806020066889635,7.5250836120401345,1.043350081354688,1.7563564970030123,1.3077691422318232,14.54849498327759,15.217391304347828,9.03010033444816,5.852842809364549,8.193979933110368,1.0976043039341814,1.7685424845000397,1.3776792027281994,77.94
