epoch,source_acc,target_acc_no_im,target_acc_oracle,target_acc_baseline,target_acc_MLLS,target_acc_RLLS,baseline_AE,MLLS_AE,RLLS_AE,multarget_acc_oracle,multarget_acc_baseline,multarget_acc_MLLS,multarget_acc_RLLS
40,68.0,65.08264462809917,71.69421487603306,67.97520661157024,68.80165289256198,65.08264462809917,0.41601047306590955,0.2504193931769405,0.45951761177439493,71.69421487603306,67.97520661157024,68.80165289256198,65.08264462809917
