epoch,source_acc,target_acc_no_im,target_acc_oracle,target_acc_baseline,target_acc_MLLS,target_acc_RLLS,baseline_AE,MLLS_AE,RLLS_AE,cal_target_acc_no_im,cal_target_acc_oracle,cal_target_acc_baseline,cal_target_acc_MLLS,cal_target_acc_RLLS,cal_baseline_AE,cal_MLLS_AE,cal_RLLS_AE,cal_source_acc
10,99.58174437200148,40.19659655427545,41.17957932565268,40.10146918930346,40.006341824331464,40.10146918930346,0.4912580844371623,0.5752741467564411,0.4942742548035977,26.170595074516434,25.895782686819572,17.979071979706163,14.744741570658492,17.957932565267942,1.0509144566344857,1.6550989448073907,1.052913292157141,99.96719563701973
