epoch,source_acc,target_acc_no_im,target_acc_oracle,target_acc_baseline,target_acc_MLLS,target_acc_RLLS,baseline_AE,MLLS_AE,RLLS_AE,multarget_acc_oracle,multarget_acc_baseline,multarget_acc_MLLS,multarget_acc_RLLS
9,98.74000000000001,89.83050847457628,92.79661016949152,91.94915254237289,92.16101694915254,91.94915254237289,0.11000733916505664,0.07621546717108055,0.10052535047601745,92.79661016949152,91.94915254237289,92.16101694915254,91.94915254237289
