epoch,source_acc,target_acc_no_im,target_acc_oracle,target_acc_baseline,target_acc_MLLS,target_acc_RLLS,baseline_AE,MLLS_AE,RLLS_AE,cal_target_acc_no_im,cal_target_acc_oracle,cal_target_acc_baseline,cal_target_acc_MLLS,cal_target_acc_RLLS,cal_baseline_AE,cal_MLLS_AE,cal_RLLS_AE,cal_source_acc
9,98.76,99.57627118644068,99.78813559322035,99.78813559322035,99.78813559322035,99.78813559322035,0.010770637461634666,0.0029984210039119327,0.004857936831583698,99.36440677966102,99.57627118644068,99.57627118644068,99.57627118644068,99.57627118644068,0.017964744786495103,0.002587262801888385,0.005678912119709233,98.75
