epoch,source_acc,target_acc_no_im,target_acc_oracle,target_acc_baseline,target_acc_MLLS,target_acc_RLLS,baseline_AE,MLLS_AE,RLLS_AE,cal_target_acc_no_im,cal_target_acc_oracle,cal_target_acc_baseline,cal_target_acc_MLLS,cal_target_acc_RLLS,cal_baseline_AE,cal_MLLS_AE,cal_RLLS_AE,cal_source_acc
9,79.93393009377664,42.72452068617558,44.84359233097881,38.29465186680121,28.7891019172553,36.205852674066605,0.629600183959986,1.1845053551721616,0.7844959471868591,43.23915237134208,44.974772956609485,38.83955600403633,33.087790110998995,37.12411705348133,0.6358777336605569,1.0689877467536943,0.7805475939299498,80.218101733447
