epoch,source_acc,target_acc_no_im,target_acc_oracle,target_acc_baseline,target_acc_MLLS,target_acc_RLLS,baseline_AE,MLLS_AE,RLLS_AE,cal_target_acc_no_im,cal_target_acc_oracle,cal_target_acc_baseline,cal_target_acc_MLLS,cal_target_acc_RLLS,cal_baseline_AE,cal_MLLS_AE,cal_RLLS_AE,cal_source_acc
10,89.65260017050298,65.26625635536527,67.78164302916778,62.6973508161627,60.55659620016056,61.948086700561944,0.4648439672618131,0.6004021765774292,0.5015212333712233,64.8113459994648,67.00561948086701,61.54669521006154,58.01445009365801,60.850949959860856,0.48085552518349106,0.6800563242321761,0.514768286358754,89.81244671781756
