epoch,source_acc,target_acc_no_im,target_acc_oracle,target_acc_baseline,target_acc_MLLS,target_acc_RLLS,baseline_AE,MLLS_AE,RLLS_AE,multarget_acc_oracle,multarget_acc_baseline,multarget_acc_MLLS,multarget_acc_RLLS
40,68.0,43.47826086956522,56.52173913043478,43.47826086956522,56.52173913043478,43.47826086956522,0.595833627426106,0.6932624440551718,0.8703150063996674,56.52173913043478,43.47826086956522,56.52173913043478,43.47826086956522
