epoch,source_acc,target_acc_no_im,target_acc_oracle,target_acc_baseline,target_acc_MLLS,target_acc_RLLS,baseline_AE,MLLS_AE,RLLS_AE,cal_target_acc_no_im,cal_target_acc_oracle,cal_target_acc_baseline,cal_target_acc_MLLS,cal_target_acc_RLLS,cal_baseline_AE,cal_MLLS_AE,cal_RLLS_AE,cal_source_acc
8,95.7592339261286,76.0,84.0,74.66666666666667,70.66666666666667,74.66666666666667,0.422277297025333,0.54813430740498,0.4214027953511914,64.0,66.66666666666666,61.33333333333333,61.33333333333333,61.33333333333333,0.6131048199706959,0.6818736533634366,0.6211312797010055,96.58002735978111
