epoch,source_acc,target_acc_no_im,target_acc_oracle,target_acc_baseline,target_acc_MLLS,target_acc_RLLS,baseline_AE,MLLS_AE,RLLS_AE,multarget_acc_oracle,multarget_acc_baseline,multarget_acc_MLLS,multarget_acc_RLLS
10,97.03333333333333,97.79650032404406,98.1853532080363,98.250162022035,98.05573558003888,98.05573558003888,0.02544750032256277,0.016085346835405585,0.03958365725218282,98.1853532080363,98.250162022035,98.05573558003888,98.05573558003888
