epoch,source_acc,target_acc_no_im,target_acc_oracle,target_acc_baseline,target_acc_MLLS,target_acc_RLLS,baseline_AE,MLLS_AE,RLLS_AE,multarget_acc_oracle,multarget_acc_baseline,multarget_acc_MLLS,multarget_acc_RLLS
49,82.76333789329685,41.935483870967744,55.64516129032258,45.96774193548387,33.064516129032256,44.354838709677416,0.770623495471814,1.162220638211881,0.7566454485051385,54.03225806451613,43.54838709677419,33.064516129032256,45.16129032258064
