epoch,source_acc,target_acc_no_im,target_acc_oracle,target_acc_baseline,target_acc_MLLS,target_acc_RLLS,baseline_AE,MLLS_AE,RLLS_AE,cal_target_acc_no_im,cal_target_acc_oracle,cal_target_acc_baseline,cal_target_acc_MLLS,cal_target_acc_RLLS,cal_baseline_AE,cal_MLLS_AE,cal_RLLS_AE,cal_source_acc
20,79.79894856493321,43.323521541343325,46.66845062884667,43.05592721434305,43.10944607974311,42.922130050842924,0.6109364141869091,0.651378647686783,0.6224996239290675,45.94594594594595,48.19373829274819,45.14316296494514,38.934974578538935,44.12630452234413,0.5759429526418578,0.9390855756619523,0.6126321424416858,81.49332196646775
