epoch,source_acc,target_acc_no_im,target_acc_oracle,target_acc_baseline,target_acc_MLLS,target_acc_RLLS,baseline_AE,MLLS_AE,RLLS_AE,cal_target_acc_no_im,cal_target_acc_oracle,cal_target_acc_baseline,cal_target_acc_MLLS,cal_target_acc_RLLS,cal_baseline_AE,cal_MLLS_AE,cal_RLLS_AE,cal_source_acc
41,91.41,82.73381294964028,83.24768756423433,83.24768756423433,83.14491264131551,83.14491264131551,0.1464538434013066,0.13313296897851795,0.13393377392496075,84.17266187050359,85.30318602261048,84.06988694758479,83.55601233299075,84.06988694758479,0.15696701154357853,0.14707914357746496,0.15669233585424563,92.25
