epoch,source_acc,target_acc_no_im,target_acc_oracle,target_acc_baseline,target_acc_MLLS,target_acc_RLLS,baseline_AE,MLLS_AE,RLLS_AE,cal_target_acc_no_im,cal_target_acc_oracle,cal_target_acc_baseline,cal_target_acc_MLLS,cal_target_acc_RLLS,cal_baseline_AE,cal_MLLS_AE,cal_RLLS_AE,cal_source_acc
40,83.05,79.16666666666666,79.16666666666666,78.75,78.75,78.75,0.11897087792555494,0.12793860534826917,0.149327017983221,78.33333333333333,78.33333333333333,76.66666666666667,76.66666666666667,76.66666666666667,0.13312246650457382,0.20485551562160254,0.18457888013588025,83.71666666666667
