epoch,source_acc,target_acc_no_im,target_acc_oracle,target_acc_baseline,target_acc_MLLS,target_acc_RLLS,baseline_AE,MLLS_AE,RLLS_AE,multarget_acc_oracle,multarget_acc_baseline,multarget_acc_MLLS,multarget_acc_RLLS
7,67.11397545687295,66.04105571847508,66.1217008797654,65.89442815249267,65.6891495601173,64.98533724340176,0.1090164398407677,0.14186337135074434,0.21445181764221494,65.77712609970673,65.52052785923753,65.42521994134898,64.72140762463343
