epoch,source_acc,target_acc_no_im,target_acc_oracle,target_acc_baseline,target_acc_MLLS,target_acc_RLLS,baseline_AE,MLLS_AE,RLLS_AE,multarget_acc_oracle,multarget_acc_baseline,multarget_acc_MLLS,multarget_acc_RLLS
40,86.29230769230769,89.06776488206664,91.05204043429427,90.64020965930362,90.9771621115687,91.20179707974542,0.09116470281875724,0.03358090503817025,0.05550104450595058,91.05204043429427,90.64020965930362,90.9771621115687,91.20179707974542
