epoch,source_acc,target_acc_no_im,target_acc_oracle,target_acc_baseline,target_acc_MLLS,target_acc_RLLS,baseline_AE,MLLS_AE,RLLS_AE,multarget_acc_oracle,multarget_acc_baseline,multarget_acc_MLLS,multarget_acc_RLLS
4,69.19,54.94830132939439,65.73116691285081,53.32348596750369,56.868537666174305,44.903988183161005,0.5653356574310686,0.46282929597744565,0.6138745742719668,65.73116691285081,53.32348596750369,56.868537666174305,44.903988183161005
