epoch,source_acc,target_acc_no_im,target_acc_oracle,target_acc_baseline,target_acc_MLLS,target_acc_RLLS,baseline_AE,MLLS_AE,RLLS_AE,cal_target_acc_no_im,cal_target_acc_oracle,cal_target_acc_baseline,cal_target_acc_MLLS,cal_target_acc_RLLS,cal_baseline_AE,cal_MLLS_AE,cal_RLLS_AE,cal_source_acc
9,99.97949727313733,40.626959247648905,47.210031347962385,39.56112852664577,36.677115987460816,39.49843260188088,0.8503261479026517,0.9917669925826756,0.8513320697959755,40.75235109717868,42.25705329153605,40.50156739811912,40.25078369905956,40.50156739811912,0.8683041199519178,0.885434434991797,0.868709322577752,99.97949727313733
