epoch,source_acc,target_acc_no_im,target_acc_oracle,target_acc_baseline,target_acc_MLLS,target_acc_RLLS,baseline_AE,MLLS_AE,RLLS_AE,multarget_acc_oracle,multarget_acc_baseline,multarget_acc_MLLS,multarget_acc_RLLS
7,99.47923073768811,99.59866220735786,99.66555183946488,99.66555183946488,99.66555183946488,99.66555183946488,0.005826896952887048,0.005240323775242341,0.00912984566080242,99.66555183946488,99.59866220735786,99.59866220735786,99.59866220735786
