epoch,source_acc,target_acc_no_im,target_acc_oracle,target_acc_baseline,target_acc_MLLS,target_acc_RLLS,baseline_AE,MLLS_AE,RLLS_AE,multarget_acc_oracle,multarget_acc_baseline,multarget_acc_MLLS,multarget_acc_RLLS
10,94.78410628613607,55.71596138229721,56.482901741405755,55.264819994586304,55.219705855815214,55.30091130560317,0.28190826970657334,0.39496308256718476,0.29187344838314017,55.860326626364696,54.669313362807905,54.606153568528384,54.74149598484165
