epoch,source_acc,target_acc_no_im,target_acc_oracle,target_acc_baseline,target_acc_MLLS,target_acc_RLLS,baseline_AE,MLLS_AE,RLLS_AE,cal_target_acc_no_im,cal_target_acc_oracle,cal_target_acc_baseline,cal_target_acc_MLLS,cal_target_acc_RLLS,cal_baseline_AE,cal_MLLS_AE,cal_RLLS_AE,cal_source_acc
9,98.76,92.70298047276464,93.11408016443987,92.90853031860226,93.01130524152107,93.01130524152107,0.05458650623906676,0.04564213137097374,0.048329916772363264,92.60020554984584,93.21685508735868,93.5251798561151,93.31963001027749,93.4224049331963,0.058623608670753544,0.04560309149638843,0.05175238975029296,98.75
