epoch,source_acc,target_acc_no_im,target_acc_oracle,target_acc_baseline,target_acc_MLLS,target_acc_RLLS,baseline_AE,MLLS_AE,RLLS_AE,cal_target_acc_no_im,cal_target_acc_oracle,cal_target_acc_baseline,cal_target_acc_MLLS,cal_target_acc_RLLS,cal_baseline_AE,cal_MLLS_AE,cal_RLLS_AE,cal_source_acc
9,90.09,91.48936170212765,94.68085106382979,92.5531914893617,93.35106382978722,92.81914893617021,0.14482020443246343,0.11167694991231561,0.1452020091340215,91.48936170212765,93.61702127659575,93.08510638297872,93.08510638297872,93.35106382978722,0.1758614177759498,0.12143728960366447,0.15105224490700936,90.48
