epoch,source_acc,target_acc_no_im,target_acc_oracle,target_acc_baseline,target_acc_MLLS,target_acc_RLLS,baseline_AE,MLLS_AE,RLLS_AE,multarget_acc_oracle,multarget_acc_baseline,multarget_acc_MLLS,multarget_acc_RLLS
8,97.19904648390941,96.72673777123943,97.24163295329166,97.2171141350987,97.20485472600221,97.2171141350987,0.049382755945487966,0.019270216633514414,0.0063579184442944525,97.24163295329166,97.24163295329166,97.22937354419517,97.24163295329166
