epoch,source_acc,target_acc_no_im,target_acc_oracle,target_acc_baseline,target_acc_MLLS,target_acc_RLLS,baseline_AE,MLLS_AE,RLLS_AE,multarget_acc_oracle,multarget_acc_baseline,multarget_acc_MLLS,multarget_acc_RLLS
9,98.72999999999999,62.62924667651403,65.4357459379616,60.4135893648449,58.78877400295421,60.118168389955684,0.6260692323413588,0.7437785944287174,0.6270976285228457,65.4357459379616,60.4135893648449,58.78877400295421,60.118168389955684
