epoch,source_acc,target_acc_no_im,target_acc_oracle,target_acc_baseline,target_acc_MLLS,target_acc_RLLS,baseline_AE,MLLS_AE,RLLS_AE,cal_target_acc_no_im,cal_target_acc_oracle,cal_target_acc_baseline,cal_target_acc_MLLS,cal_target_acc_RLLS,cal_baseline_AE,cal_MLLS_AE,cal_RLLS_AE,cal_source_acc
49,77.59,77.6595744680851,83.77659574468085,78.19148936170212,79.7872340425532,79.25531914893617,0.33656863314025304,0.2505582403634922,0.2575291222078019,76.32978723404256,83.51063829787235,77.92553191489363,79.25531914893617,78.98936170212765,0.3221401034741653,0.25287529456654084,0.26340291877618266,77.94
