epoch,source_acc,target_acc_no_im,target_acc_oracle,target_acc_baseline,target_acc_MLLS,target_acc_RLLS,baseline_AE,MLLS_AE,RLLS_AE,cal_target_acc_no_im,cal_target_acc_oracle,cal_target_acc_baseline,cal_target_acc_MLLS,cal_target_acc_RLLS,cal_baseline_AE,cal_MLLS_AE,cal_RLLS_AE,cal_source_acc
44,94.43,87.25590955806783,87.66700924974306,86.9475847893114,86.84480986639261,86.9475847893114,0.10614456929924983,0.12048920281690843,0.10948550786582077,86.74203494347378,87.66700924974306,86.74203494347378,86.84480986639261,86.84480986639261,0.11133996718290347,0.13116766363841778,0.11228748588649648,94.42
