epoch,source_acc,target_acc_no_im,target_acc_oracle,target_acc_baseline,target_acc_MLLS,target_acc_RLLS,baseline_AE,MLLS_AE,RLLS_AE,cal_target_acc_no_im,cal_target_acc_oracle,cal_target_acc_baseline,cal_target_acc_MLLS,cal_target_acc_RLLS,cal_baseline_AE,cal_MLLS_AE,cal_RLLS_AE,cal_source_acc
31,86.06153846153846,84.90566037735849,90.56603773584906,86.79245283018868,86.79245283018868,86.79245283018868,0.2066573135846927,0.14963214622796828,0.17829041793121117,84.90566037735849,90.56603773584906,90.56603773584906,90.56603773584906,90.56603773584906,0.2215245575819797,0.11947695076650808,0.1568271216069956,85.98461538461538
