epoch,source_acc,target_acc_no_im,target_acc_oracle,target_acc_baseline,target_acc_MLLS,target_acc_RLLS,baseline_AE,MLLS_AE,RLLS_AE,cal_target_acc_no_im,cal_target_acc_oracle,cal_target_acc_baseline,cal_target_acc_MLLS,cal_target_acc_RLLS,cal_baseline_AE,cal_MLLS_AE,cal_RLLS_AE,cal_source_acc
44,94.43,93.22033898305084,95.55084745762711,95.12711864406779,95.12711864406779,95.12711864406779,0.1178700540341058,0.09118165763029629,0.09234438971801082,93.22033898305084,95.55084745762711,94.91525423728814,94.91525423728814,95.12711864406779,0.1414861537642398,0.0913843691656192,0.11495154668286381,94.42
