epoch,source_acc,target_acc_no_im,target_acc_oracle,target_acc_baseline,target_acc_MLLS,target_acc_RLLS,baseline_AE,MLLS_AE,RLLS_AE,multarget_acc_oracle,multarget_acc_baseline,multarget_acc_MLLS,multarget_acc_RLLS
39,78.2,79.01011560693641,79.94942196531792,79.15462427745665,79.40751445086705,78.4320809248555,0.16891246063990056,0.1312092348497167,0.187785422898926,79.94942196531792,79.15462427745665,79.40751445086705,78.4320809248555
