epoch,source_acc,target_acc_no_im,target_acc_oracle,target_acc_baseline,target_acc_MLLS,target_acc_RLLS,baseline_AE,MLLS_AE,RLLS_AE,cal_target_acc_no_im,cal_target_acc_oracle,cal_target_acc_baseline,cal_target_acc_MLLS,cal_target_acc_RLLS,cal_baseline_AE,cal_MLLS_AE,cal_RLLS_AE,cal_source_acc
38,79.96666666666667,72.08333333333333,72.08333333333333,70.41666666666667,70.41666666666667,70.0,0.18789823142190776,0.23317017940183482,0.2550557623999606,71.66666666666667,71.66666666666667,70.41666666666667,69.58333333333333,70.0,0.16231064336995282,0.2676752291619777,0.23243113656184336,80.2
