epoch,source_acc,target_acc_no_im,target_acc_oracle,target_acc_baseline,target_acc_MLLS,target_acc_RLLS,baseline_AE,MLLS_AE,RLLS_AE,multarget_acc_oracle,multarget_acc_baseline,multarget_acc_MLLS,multarget_acc_RLLS
40,84.9076923076923,87.49622470552703,87.52642706131078,87.40561763817578,87.31501057082453,86.71096345514951,0.08309937950265311,0.07316670654247631,0.11700991840772323,87.52642706131078,87.40561763817578,87.31501057082453,86.71096345514951
