epoch,source_acc,target_acc_no_im,target_acc_oracle,target_acc_baseline,target_acc_MLLS,target_acc_RLLS,baseline_AE,MLLS_AE,RLLS_AE,multarget_acc_oracle,multarget_acc_baseline,multarget_acc_MLLS,multarget_acc_RLLS
28,50.631235101968755,52.76836158192091,55.225988700564976,53.78531073446327,53.92655367231638,51.101694915254235,0.28151923493675557,0.21919731739897838,0.4788100856652552,53.50282485875706,51.94915254237288,52.71186440677966,50.16949152542372
