epoch,source_acc,target_acc_no_im,target_acc_oracle,target_acc_baseline,target_acc_MLLS,target_acc_RLLS,baseline_AE,MLLS_AE,RLLS_AE,cal_target_acc_no_im,cal_target_acc_oracle,cal_target_acc_baseline,cal_target_acc_MLLS,cal_target_acc_RLLS,cal_baseline_AE,cal_MLLS_AE,cal_RLLS_AE,cal_source_acc
33,85.11764705882354,85.30805687203792,90.99526066350711,88.15165876777252,88.62559241706161,88.62559241706161,0.22691285901954528,0.14640724077110145,0.10731132114011774,84.36018957345972,91.4691943127962,90.04739336492891,90.52132701421802,90.52132701421802,0.2920918124374796,0.09287564415083156,0.10105714212860764,85.94117647058823
