epoch,source_acc,target_acc_no_im,target_acc_oracle,target_acc_baseline,target_acc_MLLS,target_acc_RLLS,baseline_AE,MLLS_AE,RLLS_AE,multarget_acc_oracle,multarget_acc_baseline,multarget_acc_MLLS,multarget_acc_RLLS
49,82.76333789329685,60.0,66.20689655172414,57.931034482758626,53.103448275862064,58.620689655172406,0.6443733686179821,0.847162109511988,0.6565086572526143,66.89655172413794,53.103448275862064,53.103448275862064,53.79310344827586
