epoch,source_acc,target_acc_no_im,target_acc_oracle,target_acc_baseline,target_acc_MLLS,target_acc_RLLS,baseline_AE,MLLS_AE,RLLS_AE,cal_target_acc_no_im,cal_target_acc_oracle,cal_target_acc_baseline,cal_target_acc_MLLS,cal_target_acc_RLLS,cal_baseline_AE,cal_MLLS_AE,cal_RLLS_AE,cal_source_acc
9,90.09,81.32780082987551,81.2240663900415,81.12033195020747,80.60165975103735,80.70539419087137,0.15475292706715243,0.17874744712545135,0.17721524041326667,80.8091286307054,80.8091286307054,78.7344398340249,77.59336099585063,78.3195020746888,0.17690093445599359,0.2530145898611208,0.20746992505897877,90.48
