epoch,source_acc,target_acc_no_im,target_acc_oracle,target_acc_baseline,target_acc_MLLS,target_acc_RLLS,baseline_AE,MLLS_AE,RLLS_AE,multarget_acc_oracle,multarget_acc_baseline,multarget_acc_MLLS,multarget_acc_RLLS
10,98.03076923076924,98.95968790637191,99.28478543563068,99.28478543563068,99.28478543563068,99.28478543563068,0.012949095237957769,0.011644721114068283,0.02109888920766938,99.28478543563068,99.28478543563068,99.28478543563068,99.28478543563068
