epoch,source_acc,target_acc_no_im,target_acc_oracle,target_acc_baseline,target_acc_MLLS,target_acc_RLLS,baseline_AE,MLLS_AE,RLLS_AE,cal_target_acc_no_im,cal_target_acc_oracle,cal_target_acc_baseline,cal_target_acc_MLLS,cal_target_acc_RLLS,cal_baseline_AE,cal_MLLS_AE,cal_RLLS_AE,cal_source_acc
7,99.47923073768811,58.92634207240949,64.76903870162297,58.0274656679151,57.55305867665418,58.002496878901376,0.7248592967628508,0.7803553450105889,0.7269023353528767,56.12983770287141,63.52059925093633,53.73283395755306,52.734082397003746,53.73283395755306,0.7642641497261999,0.870053324750456,0.7665592764942514,99.65145364333456
