epoch,source_acc,target_acc_no_im,target_acc_oracle,target_acc_baseline,target_acc_MLLS,target_acc_RLLS,baseline_AE,MLLS_AE,RLLS_AE,cal_target_acc_no_im,cal_target_acc_oracle,cal_target_acc_baseline,cal_target_acc_MLLS,cal_target_acc_RLLS,cal_baseline_AE,cal_MLLS_AE,cal_RLLS_AE,cal_source_acc
38,79.96666666666667,66.66666666666666,67.77777777777779,67.77777777777779,67.77777777777779,67.77777777777779,0.3569585029656689,0.3907175428619625,0.4028355353870859,66.66666666666666,68.88888888888889,66.66666666666666,66.66666666666666,66.66666666666666,0.33843065546825524,0.4223545923337547,0.3903969206757906,80.2
