epoch,source_acc,target_acc_no_im,target_acc_oracle,target_acc_baseline,target_acc_MLLS,target_acc_RLLS,baseline_AE,MLLS_AE,RLLS_AE,multarget_acc_oracle,multarget_acc_baseline,multarget_acc_MLLS,multarget_acc_RLLS
8,95.7592339261286,72.04968944099379,75.15527950310559,69.56521739130434,67.08074534161491,69.56521739130434,0.4676651245135646,0.6172888928830133,0.4841179399962401,75.77639751552795,70.1863354037267,67.08074534161491,70.1863354037267
