epoch,source_acc,target_acc_no_im,target_acc_oracle,target_acc_baseline,target_acc_MLLS,target_acc_RLLS,baseline_AE,MLLS_AE,RLLS_AE,cal_target_acc_no_im,cal_target_acc_oracle,cal_target_acc_baseline,cal_target_acc_MLLS,cal_target_acc_RLLS,cal_baseline_AE,cal_MLLS_AE,cal_RLLS_AE,cal_source_acc
50,82.76333789329685,36.734693877551024,56.12244897959183,37.755102040816325,37.755102040816325,37.755102040816325,1.1221392765164266,1.0608345948842712,1.0389075190146504,46.93877551020408,54.08163265306123,46.93877551020408,42.857142857142854,45.91836734693878,0.7196579453383178,0.7700376238978415,0.6907225974365905,90.2872777017784
