epoch,source_acc,target_acc_no_im,target_acc_oracle,target_acc_baseline,target_acc_MLLS,target_acc_RLLS,baseline_AE,MLLS_AE,RLLS_AE,multarget_acc_oracle,multarget_acc_baseline,multarget_acc_MLLS,multarget_acc_RLLS
40,72.5,74.55919395465995,84.1309823677582,80.60453400503779,82.61964735516372,80.60453400503779,0.47578793094565,0.14120652663889402,0.28784878927022656,84.1309823677582,80.60453400503779,82.61964735516372,80.60453400503779
