epoch,source_acc,target_acc_no_im,target_acc_oracle,target_acc_baseline,target_acc_MLLS,target_acc_RLLS,baseline_AE,MLLS_AE,RLLS_AE,cal_target_acc_no_im,cal_target_acc_oracle,cal_target_acc_baseline,cal_target_acc_MLLS,cal_target_acc_RLLS,cal_baseline_AE,cal_MLLS_AE,cal_RLLS_AE,cal_source_acc
40,74.82352941176471,45.45454545454545,72.72727272727273,45.45454545454545,45.45454545454545,45.45454545454545,1.0908558331246507,1.0909091173182381,1.1272867922797114,63.63636363636363,63.63636363636363,63.63636363636363,63.63636363636363,63.63636363636363,0.6246987450656227,0.7272727816816611,0.7644152523052865,83.23529411764706
