epoch,source_acc,target_acc_no_im,target_acc_oracle,target_acc_baseline,target_acc_MLLS,target_acc_RLLS,baseline_AE,MLLS_AE,RLLS_AE,cal_target_acc_no_im,cal_target_acc_oracle,cal_target_acc_baseline,cal_target_acc_MLLS,cal_target_acc_RLLS,cal_baseline_AE,cal_MLLS_AE,cal_RLLS_AE,cal_source_acc
38,79.96666666666667,50.985915492957744,52.21379559407728,51.440953412784395,51.44817623690863,51.54929577464789,0.22479764995420454,0.23207496912923264,0.23980465097602544,50.72589382448537,52.44492596605272,51.159263271939324,50.81979053810039,51.02202961357891,0.237992268793067,0.3347188412310383,0.2626631342800714,80.2
