epoch,source_acc,target_acc_no_im,target_acc_oracle,target_acc_baseline,target_acc_MLLS,target_acc_RLLS,baseline_AE,MLLS_AE,RLLS_AE,cal_target_acc_no_im,cal_target_acc_oracle,cal_target_acc_baseline,cal_target_acc_MLLS,cal_target_acc_RLLS,cal_baseline_AE,cal_MLLS_AE,cal_RLLS_AE,cal_source_acc
10,98.03076923076924,82.11382113821138,83.73983739837398,83.73983739837398,83.73983739837398,83.73983739837398,0.15712081327489236,0.14591776964262246,0.1556546046326724,80.48780487804879,82.11382113821138,82.11382113821138,82.11382113821138,82.11382113821138,0.2013621429299436,0.18686383606759996,0.19945992981735836,98.15384615384616
