epoch,source_acc,target_acc_no_im,target_acc_oracle,target_acc_baseline,target_acc_MLLS,target_acc_RLLS,baseline_AE,MLLS_AE,RLLS_AE,multarget_acc_oracle,multarget_acc_baseline,multarget_acc_MLLS,multarget_acc_RLLS
28,49.24516641652688,43.9367816091954,46.03448275862069,43.62068965517241,43.333333333333336,41.206896551724135,0.364107170989389,0.3568543253659433,0.5653170535116759,45.54597701149425,43.2183908045977,43.87931034482759,41.75287356321839
