epoch,source_acc,target_acc_no_im,target_acc_oracle,target_acc_baseline,target_acc_MLLS,target_acc_RLLS,baseline_AE,MLLS_AE,RLLS_AE,cal_target_acc_no_im,cal_target_acc_oracle,cal_target_acc_baseline,cal_target_acc_MLLS,cal_target_acc_RLLS,cal_baseline_AE,cal_MLLS_AE,cal_RLLS_AE,cal_source_acc
8,97.6549463647199,82.07915746560217,82.46984881943264,82.04518430439953,82.0281977237982,82.0281977237982,0.19674508113376715,0.20160395202502318,0.1982158244748155,81.99422456259555,82.43587565822999,82.01121114319687,81.99422456259555,82.01121114319687,0.20821054119579413,0.21462618561595997,0.21060068883081384,97.63408820023838
