epoch,source_acc,target_acc_no_im,target_acc_oracle,target_acc_baseline,target_acc_MLLS,target_acc_RLLS,baseline_AE,MLLS_AE,RLLS_AE,cal_target_acc_no_im,cal_target_acc_oracle,cal_target_acc_baseline,cal_target_acc_MLLS,cal_target_acc_RLLS,cal_baseline_AE,cal_MLLS_AE,cal_RLLS_AE,cal_source_acc
40,86.72307692307693,62.601626016260155,62.601626016260155,62.601626016260155,61.78861788617886,60.97560975609756,0.37925502833554414,0.37680993777343896,0.395153422091203,64.22764227642277,69.91869918699187,64.22764227642277,61.78861788617886,63.41463414634146,0.2669132505429954,0.2643266979877542,0.2719696418369073,88.01538461538462
