epoch,source_acc,target_acc_no_im,target_acc_oracle,target_acc_baseline,target_acc_MLLS,target_acc_RLLS,baseline_AE,MLLS_AE,RLLS_AE,cal_target_acc_no_im,cal_target_acc_oracle,cal_target_acc_baseline,cal_target_acc_MLLS,cal_target_acc_RLLS,cal_baseline_AE,cal_MLLS_AE,cal_RLLS_AE,cal_source_acc
10,89.65260017050298,63.66132723112128,65.96273291925466,61.33376920562276,59.248120300751886,60.80418437397842,0.45418271006610544,0.5978030296897909,0.49667602062242655,63.44557044785878,65.33507682249102,60.34651847008826,56.46289637136319,59.63386727688788,0.4721125382272725,0.6843755215753848,0.5098918759119198,89.81244671781756
