epoch,source_acc,target_acc_no_im,target_acc_oracle,target_acc_baseline,target_acc_MLLS,target_acc_RLLS,baseline_AE,MLLS_AE,RLLS_AE,cal_target_acc_no_im,cal_target_acc_oracle,cal_target_acc_baseline,cal_target_acc_MLLS,cal_target_acc_RLLS,cal_baseline_AE,cal_MLLS_AE,cal_RLLS_AE,cal_source_acc
9,98.76,62.0398773006135,64.03374233128835,58.742331288343564,57.82208588957055,58.742331288343564,0.5385399143571503,0.6603321433981504,0.5448546620764694,63.880368098159515,66.71779141104295,58.358895705521476,54.44785276073619,58.05214723926381,0.5133671629602559,0.7160858401080217,0.5223480735031143,98.75
