epoch,source_acc,target_acc_no_im,target_acc_oracle,target_acc_baseline,target_acc_MLLS,target_acc_RLLS,baseline_AE,MLLS_AE,RLLS_AE,cal_target_acc_no_im,cal_target_acc_oracle,cal_target_acc_baseline,cal_target_acc_MLLS,cal_target_acc_RLLS,cal_baseline_AE,cal_MLLS_AE,cal_RLLS_AE,cal_source_acc
40,78.86666666666666,49.63942307692308,64.90384615384616,51.442307692307686,51.92307692307693,53.36538461538461,0.9097502675050727,0.822572097970316,0.5595004376381122,76.20192307692307,83.65384615384616,82.57211538461539,83.41346153846155,82.8125,0.4608476044377312,0.08934219723678383,0.12035617044840544,84.25
