epoch,source_acc,target_acc_no_im,target_acc_oracle,target_acc_baseline,target_acc_MLLS,target_acc_RLLS,baseline_AE,MLLS_AE,RLLS_AE,multarget_acc_oracle,multarget_acc_baseline,multarget_acc_MLLS,multarget_acc_RLLS
10,93.72616558002214,45.039164490861616,64.79547432550044,51.65361183637947,55.61357702349869,52.82854656222803,0.891239868478608,0.6102870587124574,0.8339847639276277,64.62140992167102,49.521322889469104,53.13315926892951,50.0870322019147
