epoch,source_acc,target_acc_no_im,target_acc_oracle,target_acc_baseline,target_acc_MLLS,target_acc_RLLS,baseline_AE,MLLS_AE,RLLS_AE,cal_target_acc_no_im,cal_target_acc_oracle,cal_target_acc_baseline,cal_target_acc_MLLS,cal_target_acc_RLLS,cal_baseline_AE,cal_MLLS_AE,cal_RLLS_AE,cal_source_acc
38,79.96666666666667,80.39151712887438,80.4078303425775,80.34257748776508,80.30995106035888,80.32626427406198,0.03963998643465667,0.04368449115782342,0.054121255187055885,80.48939641109298,80.44045676998368,80.34257748776508,80.2936378466558,80.2773246329527,0.03912518757895291,0.05467959694005244,0.056123112486244686,80.2
