epoch,source_acc,target_acc_no_im,target_acc_oracle,target_acc_baseline,target_acc_MLLS,target_acc_RLLS,baseline_AE,MLLS_AE,RLLS_AE,multarget_acc_oracle,multarget_acc_baseline,multarget_acc_MLLS,multarget_acc_RLLS
10,97.03333333333333,95.83333333333334,95.83333333333334,95.41666666666667,95.41666666666667,95.41666666666667,0.047784194971124336,0.04932069840530555,0.05000513391790874,95.83333333333334,95.41666666666667,95.41666666666667,95.41666666666667
