epoch,source_acc,target_acc_no_im,target_acc_oracle,target_acc_baseline,target_acc_MLLS,target_acc_RLLS,baseline_AE,MLLS_AE,RLLS_AE,multarget_acc_oracle,multarget_acc_baseline,multarget_acc_MLLS,multarget_acc_RLLS
8,64.49344457687724,72.21872045382919,71.68294988969429,68.46832650488497,67.63315474314528,54.995272612669396,0.4381141154746546,0.5393906770925059,1.021899411516302,71.55688622754491,68.43681058934762,67.5701229120706,54.995272612669396
