epoch,source_acc,target_acc_no_im,target_acc_oracle,target_acc_baseline,target_acc_MLLS,target_acc_RLLS,baseline_AE,MLLS_AE,RLLS_AE,cal_target_acc_no_im,cal_target_acc_oracle,cal_target_acc_baseline,cal_target_acc_MLLS,cal_target_acc_RLLS,cal_baseline_AE,cal_MLLS_AE,cal_RLLS_AE,cal_source_acc
9,98.76,96.3957055214724,96.47239263803681,96.47239263803681,96.47239263803681,96.47239263803681,0.02215648252814094,0.02311022520248142,0.02279987929116231,96.0122699386503,96.16564417177914,96.24233128834356,96.24233128834356,96.24233128834356,0.03156311188373094,0.031971500443717424,0.03124403466380994,98.75
