epoch,source_acc,target_acc_no_im,target_acc_oracle,target_acc_baseline,target_acc_MLLS,target_acc_RLLS,baseline_AE,MLLS_AE,RLLS_AE,cal_target_acc_no_im,cal_target_acc_oracle,cal_target_acc_baseline,cal_target_acc_MLLS,cal_target_acc_RLLS,cal_baseline_AE,cal_MLLS_AE,cal_RLLS_AE,cal_source_acc
7,66.91092080868721,59.62643678160919,61.37931034482759,59.856321839080465,60.20114942528736,59.425287356321846,0.2821179718214045,0.2833712520318684,0.324569967737236,59.741379310344826,62.12643678160919,60.287356321839084,58.41954022988506,59.25287356321839,0.27917692753434153,0.35449093303785745,0.30142129162560555,67.24640240134192
