epoch,source_acc,target_acc_no_im,target_acc_oracle,target_acc_baseline,target_acc_MLLS,target_acc_RLLS,baseline_AE,MLLS_AE,RLLS_AE,cal_target_acc_no_im,cal_target_acc_oracle,cal_target_acc_baseline,cal_target_acc_MLLS,cal_target_acc_RLLS,cal_baseline_AE,cal_MLLS_AE,cal_RLLS_AE,cal_source_acc
10,97.1275327771156,96.77067720397874,97.49284643684426,97.53372394059137,97.50647227142663,97.50647227142663,0.05796292860536553,0.00904555182428382,0.00548835911927853,96.79792887314348,97.49284643684426,97.49284643684426,97.49284643684426,97.49284643684426,0.051539842677402276,0.0006216510060308156,0.004402584402039195,97.12455303933254
