epoch,source_acc,target_acc_no_im,target_acc_oracle,target_acc_baseline,target_acc_MLLS,target_acc_RLLS,baseline_AE,MLLS_AE,RLLS_AE,cal_target_acc_no_im,cal_target_acc_oracle,cal_target_acc_baseline,cal_target_acc_MLLS,cal_target_acc_RLLS,cal_baseline_AE,cal_MLLS_AE,cal_RLLS_AE,cal_source_acc
44,64.16,22.872340425531913,28.98936170212766,22.872340425531913,22.872340425531913,21.27659574468085,0.8901883606274381,0.9095991513266869,1.0619555463708696,20.47872340425532,27.659574468085108,11.170212765957446,1.3297872340425532,6.914893617021277,0.931842495983298,1.9376594304842696,1.183883924824584,70.84
