epoch,source_acc,target_acc_no_im,target_acc_oracle,target_acc_baseline,target_acc_MLLS,target_acc_RLLS,baseline_AE,MLLS_AE,RLLS_AE,cal_target_acc_no_im,cal_target_acc_oracle,cal_target_acc_baseline,cal_target_acc_MLLS,cal_target_acc_RLLS,cal_baseline_AE,cal_MLLS_AE,cal_RLLS_AE,cal_source_acc
9,98.76,94.55292908530318,94.55292908530318,94.45015416238438,94.45015416238438,94.45015416238438,0.07182000605973347,0.07153414777132615,0.0719418091711869,94.24460431654677,94.03905447070915,93.62795477903391,93.62795477903391,93.62795477903391,0.0800259720308195,0.07952009915026768,0.07819656113136775,98.75
