epoch,source_acc,target_acc_no_im,target_acc_oracle,target_acc_baseline,target_acc_MLLS,target_acc_RLLS,baseline_AE,MLLS_AE,RLLS_AE,multarget_acc_oracle,multarget_acc_baseline,multarget_acc_MLLS,multarget_acc_RLLS
40,84.9076923076923,88.67924528301887,88.67924528301887,90.56603773584906,88.67924528301887,90.56603773584906,0.21623288521560713,0.14494404520287651,0.16467758098006247,88.67924528301887,90.56603773584906,88.67924528301887,90.56603773584906
