epoch,source_acc,target_acc_no_im,target_acc_oracle,target_acc_baseline,target_acc_MLLS,target_acc_RLLS,baseline_AE,MLLS_AE,RLLS_AE,multarget_acc_oracle,multarget_acc_baseline,multarget_acc_MLLS,multarget_acc_RLLS
40,73.70588235294117,39.705882352941174,39.705882352941174,29.411764705882355,30.88235294117647,30.88235294117647,0.4828922546139973,0.8742177484611917,0.7111557758258388,39.705882352941174,29.411764705882355,30.88235294117647,30.88235294117647
