epoch,source_acc,target_acc_no_im,target_acc_oracle,target_acc_baseline,target_acc_MLLS,target_acc_RLLS,baseline_AE,MLLS_AE,RLLS_AE,cal_target_acc_no_im,cal_target_acc_oracle,cal_target_acc_baseline,cal_target_acc_MLLS,cal_target_acc_RLLS,cal_baseline_AE,cal_MLLS_AE,cal_RLLS_AE,cal_source_acc
44,67.9,61.7056856187291,61.87290969899666,61.53846153846154,61.37123745819398,60.86956521739131,0.34468580535293736,0.3458206030111106,0.4625850642852228,64.21404682274247,65.05016722408027,63.7123745819398,60.03344481605352,62.374581939799334,0.28175327530127625,0.4671849850982896,0.3731489059449849,69.85
