epoch,source_acc,target_acc_no_im,target_acc_oracle,target_acc_baseline,target_acc_MLLS,target_acc_RLLS,baseline_AE,MLLS_AE,RLLS_AE,cal_target_acc_no_im,cal_target_acc_oracle,cal_target_acc_baseline,cal_target_acc_MLLS,cal_target_acc_RLLS,cal_baseline_AE,cal_MLLS_AE,cal_RLLS_AE,cal_source_acc
44,94.43,93.79615952732644,95.56868537666175,95.42097488921713,95.42097488921713,95.42097488921713,0.08671558953607057,0.04002150771774883,0.049981704294284536,93.79615952732644,95.71639586410635,95.42097488921713,95.56868537666175,95.56868537666175,0.09067326197139315,0.04128266777052235,0.05390980628228728,94.42
