epoch,source_acc,target_acc_no_im,target_acc_oracle,target_acc_baseline,target_acc_MLLS,target_acc_RLLS,baseline_AE,MLLS_AE,RLLS_AE,cal_target_acc_no_im,cal_target_acc_oracle,cal_target_acc_baseline,cal_target_acc_MLLS,cal_target_acc_RLLS,cal_baseline_AE,cal_MLLS_AE,cal_RLLS_AE,cal_source_acc
29,58.2766840293105,52.77777777777778,59.68834688346883,54.47154471544715,55.35230352303523,57.52032520325203,0.4716095977965954,0.394336646510031,0.31683315041887977,52.77777777777778,62.33062330623306,55.35230352303523,59.82384823848238,59.62059620596206,0.6004079167187204,0.29088187594163795,0.2863226520626393,59.053588770195105
