epoch,source_acc,target_acc_no_im,target_acc_oracle,target_acc_baseline,target_acc_MLLS,target_acc_RLLS,baseline_AE,MLLS_AE,RLLS_AE,multarget_acc_oracle,multarget_acc_baseline,multarget_acc_MLLS,multarget_acc_RLLS
9,98.74000000000001,95.71639586410635,96.4549483013294,96.4549483013294,96.4549483013294,96.4549483013294,0.06957468082866959,0.05171700571546749,0.061911028819486985,96.4549483013294,96.4549483013294,96.4549483013294,96.4549483013294
