epoch,source_acc,target_acc_no_im,target_acc_oracle,target_acc_baseline,target_acc_MLLS,target_acc_RLLS,baseline_AE,MLLS_AE,RLLS_AE,multarget_acc_oracle,multarget_acc_baseline,multarget_acc_MLLS,multarget_acc_RLLS
7,99.49153237380571,59.30087390761548,65.2434456928839,58.92634207240949,58.1772784019975,58.82646691635456,0.7128025257955312,0.7616307018509312,0.7147512541541146,64.36953807740325,57.95255930087391,57.37827715355805,57.877652933832714
