epoch,source_acc,target_acc_no_im,target_acc_oracle,target_acc_baseline,target_acc_MLLS,target_acc_RLLS,baseline_AE,MLLS_AE,RLLS_AE,cal_target_acc_no_im,cal_target_acc_oracle,cal_target_acc_baseline,cal_target_acc_MLLS,cal_target_acc_RLLS,cal_baseline_AE,cal_MLLS_AE,cal_RLLS_AE,cal_source_acc
6,54.28621876931226,39.42093541202672,44.98886414253897,40.089086859688194,40.53452115812918,40.089086859688194,0.6306978693196369,0.5907735927896428,0.680728936559192,48.775055679287306,56.57015590200446,51.44766146993318,46.5478841870824,50.33407572383074,0.52965437721442,0.566286666593203,0.5203185628037494,57.332038492098526
