epoch,source_acc,target_acc_no_im,target_acc_oracle,target_acc_baseline,target_acc_MLLS,target_acc_RLLS,baseline_AE,MLLS_AE,RLLS_AE,cal_target_acc_no_im,cal_target_acc_oracle,cal_target_acc_baseline,cal_target_acc_MLLS,cal_target_acc_RLLS,cal_baseline_AE,cal_MLLS_AE,cal_RLLS_AE,cal_source_acc
9,96.96153846153847,97.34939759036145,97.40963855421687,97.40963855421687,97.40963855421687,97.46987951807229,0.021447531519884083,0.01967199897640441,0.023718476399153376,96.86746987951807,96.98795180722891,97.04819277108435,97.04819277108435,96.98795180722891,0.02392108478100904,0.028278028543096,0.03080136249098532,97.34615384615385
