epoch,source_acc,target_acc_no_im,target_acc_oracle,target_acc_baseline,target_acc_MLLS,target_acc_RLLS,baseline_AE,MLLS_AE,RLLS_AE,cal_target_acc_no_im,cal_target_acc_oracle,cal_target_acc_baseline,cal_target_acc_MLLS,cal_target_acc_RLLS,cal_baseline_AE,cal_MLLS_AE,cal_RLLS_AE,cal_source_acc
40,87.82352941176471,48.258706467661696,51.894374282433986,48.29697665518561,48.33524684270953,48.37351703023345,0.6253465137166787,0.6113102305074601,0.5910303471786211,54.5732874091083,59.54841178721776,55.91274397244547,54.955989284347496,55.109070034443164,0.5131777255652259,0.5243194744866263,0.45464513966961184,89.11764705882354
