epoch,source_acc,target_acc_no_im,target_acc_oracle,target_acc_baseline,target_acc_MLLS,target_acc_RLLS,baseline_AE,MLLS_AE,RLLS_AE,cal_target_acc_no_im,cal_target_acc_oracle,cal_target_acc_baseline,cal_target_acc_MLLS,cal_target_acc_RLLS,cal_baseline_AE,cal_MLLS_AE,cal_RLLS_AE,cal_source_acc
44,61.050000000000004,36.885245901639344,59.01639344262295,37.295081967213115,38.52459016393443,38.114754098360656,1.1063583975950162,1.047959736411433,1.1394869316566798,54.50819672131148,64.75409836065575,57.786885245901644,54.09836065573771,56.557377049180324,0.7342048548519816,0.5843601309886758,0.5556298851365005,67.23
