epoch,source_acc,target_acc_no_im,target_acc_oracle,target_acc_baseline,target_acc_MLLS,target_acc_RLLS,baseline_AE,MLLS_AE,RLLS_AE,cal_target_acc_no_im,cal_target_acc_oracle,cal_target_acc_baseline,cal_target_acc_MLLS,cal_target_acc_RLLS,cal_baseline_AE,cal_MLLS_AE,cal_RLLS_AE,cal_source_acc
46,90.2872777017784,38.23529411764706,67.64705882352942,41.17647058823529,29.411764705882355,41.17647058823529,1.1605406869065893,1.2303326939667345,1.1016173050297464,41.17647058823529,67.64705882352942,38.23529411764706,29.411764705882355,41.17647058823529,1.1133333541860568,1.1970717104918815,1.098503488734925,92.61285909712723
