epoch,source_acc,target_acc_no_im,target_acc_oracle,target_acc_baseline,target_acc_MLLS,target_acc_RLLS,baseline_AE,MLLS_AE,RLLS_AE,multarget_acc_oracle,multarget_acc_baseline,multarget_acc_MLLS,multarget_acc_RLLS
10,89.64549587951123,65.40005351886539,67.995718490768,63.07198287396307,61.1988225849612,62.295959325662295,0.4594648921506875,0.589208564001916,0.49573912686002886,67.2999732405673,62.37623762376238,60.31576130586031,61.43965747926144
