epoch,source_acc,target_acc_no_im,target_acc_oracle,target_acc_baseline,target_acc_MLLS,target_acc_RLLS,baseline_AE,MLLS_AE,RLLS_AE,multarget_acc_oracle,multarget_acc_baseline,multarget_acc_MLLS,multarget_acc_RLLS
40,74.11538461538461,37.99621928166352,44.636105860113425,38.8468809073724,39.177693761814744,39.05954631379962,0.5572688126679517,0.5260639172962855,0.52091826779175,44.636105860113425,38.8468809073724,39.177693761814744,39.05954631379962
