epoch,source_acc,target_acc_no_im,target_acc_oracle,target_acc_baseline,target_acc_MLLS,target_acc_RLLS,baseline_AE,MLLS_AE,RLLS_AE,multarget_acc_oracle,multarget_acc_baseline,multarget_acc_MLLS,multarget_acc_RLLS
15,75.16695083830633,40.47417442845047,45.30059271803557,34.885690093141406,29.38187976291279,33.700254022015244,0.7970535948395568,1.2883822505288007,0.9227959730317346,44.87722269263336,35.64775613886537,30.05927180355631,33.86960203217612
