epoch,source_acc,target_acc_no_im,target_acc_oracle,target_acc_baseline,target_acc_MLLS,target_acc_RLLS,baseline_AE,MLLS_AE,RLLS_AE,cal_target_acc_no_im,cal_target_acc_oracle,cal_target_acc_baseline,cal_target_acc_MLLS,cal_target_acc_RLLS,cal_baseline_AE,cal_MLLS_AE,cal_RLLS_AE,cal_source_acc
8,96.82061978545889,95.69423627197166,97.11132306853794,96.83880637689059,96.98869055729664,97.002316391879,0.09499611396818139,0.05552089796816595,0.0493939658325013,97.76536312849163,98.17413816596266,98.21501566970977,98.18776400054503,98.18776400054503,0.0381483777287481,0.003870525742417502,0.007946050904877128,97.65792610250298
