epoch,source_acc,target_acc_no_im,target_acc_oracle,target_acc_baseline,target_acc_MLLS,target_acc_RLLS,baseline_AE,MLLS_AE,RLLS_AE,cal_target_acc_no_im,cal_target_acc_oracle,cal_target_acc_baseline,cal_target_acc_MLLS,cal_target_acc_RLLS,cal_baseline_AE,cal_MLLS_AE,cal_RLLS_AE,cal_source_acc
31,86.06153846153846,63.75836892968584,63.80381108182617,63.555393983459055,63.519040261746795,63.540246599412285,0.12404095389353167,0.15257357813822162,0.14900099141643247,63.740192068829714,63.69777939349874,63.09188403162774,62.71016995364901,63.02523554182192,0.1432796122259725,0.23667948336669095,0.1864662531886263,85.98461538461538
