epoch,source_acc,target_acc_no_im,target_acc_oracle,target_acc_baseline,target_acc_MLLS,target_acc_RLLS,baseline_AE,MLLS_AE,RLLS_AE,multarget_acc_oracle,multarget_acc_baseline,multarget_acc_MLLS,multarget_acc_RLLS
10,98.03076923076924,95.0,95.0,94.61538461538461,94.61538461538461,94.61538461538461,0.05154315840739471,0.053167936320488274,0.054375674998328696,95.0,94.61538461538461,94.61538461538461,94.61538461538461
