epoch,source_acc,target_acc_no_im,target_acc_oracle,target_acc_baseline,target_acc_MLLS,target_acc_RLLS,baseline_AE,MLLS_AE,RLLS_AE,cal_target_acc_no_im,cal_target_acc_oracle,cal_target_acc_baseline,cal_target_acc_MLLS,cal_target_acc_RLLS,cal_baseline_AE,cal_MLLS_AE,cal_RLLS_AE,cal_source_acc
46,90.2872777017784,38.01980198019802,37.42574257425743,32.475247524752476,21.584158415841586,31.683168316831683,0.4742884969052923,1.2562495139648266,0.567609051323296,34.05940594059406,35.445544554455445,33.26732673267327,31.08910891089109,32.87128712871287,0.6718687664224939,0.9340861109698356,0.7194509797045828,92.61285909712723
