epoch,source_acc,target_acc_no_im,target_acc_oracle,target_acc_baseline,target_acc_MLLS,target_acc_RLLS,baseline_AE,MLLS_AE,RLLS_AE,multarget_acc_oracle,multarget_acc_baseline,multarget_acc_MLLS,multarget_acc_RLLS
40,72.5,76.6867469879518,76.6867469879518,76.02409638554218,75.96385542168674,75.6024096385542,0.16864428381962948,0.16738962589662115,0.2309743781469794,76.6867469879518,76.02409638554218,75.96385542168674,75.6024096385542
