epoch,source_acc,target_acc_no_im,target_acc_oracle,target_acc_baseline,target_acc_MLLS,target_acc_RLLS,baseline_AE,MLLS_AE,RLLS_AE,multarget_acc_oracle,multarget_acc_baseline,multarget_acc_MLLS,multarget_acc_RLLS
10,94.68569319719523,47.210031347962385,54.921630094043884,47.58620689655172,47.711598746081506,47.83699059561128,0.6966188823272909,0.7115576018979276,0.6904000606733208,55.42319749216301,47.210031347962385,47.39811912225706,47.64890282131661
