epoch,source_acc,target_acc_no_im,target_acc_oracle,target_acc_baseline,target_acc_MLLS,target_acc_RLLS,baseline_AE,MLLS_AE,RLLS_AE,cal_target_acc_no_im,cal_target_acc_oracle,cal_target_acc_baseline,cal_target_acc_MLLS,cal_target_acc_RLLS,cal_baseline_AE,cal_MLLS_AE,cal_RLLS_AE,cal_source_acc
44,67.96,54.347826086956516,54.515050167224075,54.515050167224075,54.515050167224075,54.515050167224075,0.40926730648200194,0.4138578068461879,0.5350920236430541,57.859531772575245,60.03344481605352,55.18394648829431,49.83277591973244,53.17725752508361,0.36558214920638343,0.7023439748827054,0.5377505750563466,70.32000000000001
