epoch,source_acc,target_acc_no_im,target_acc_oracle,target_acc_baseline,target_acc_MLLS,target_acc_RLLS,baseline_AE,MLLS_AE,RLLS_AE,multarget_acc_oracle,multarget_acc_baseline,multarget_acc_MLLS,multarget_acc_RLLS
7,99.48333128306065,68.8160088938299,71.73429683157309,69.62201222901612,69.48304613674263,69.59421901056142,0.44732246902632034,0.5075954613339728,0.4542937972692419,71.23401889938854,69.26070038910505,69.14952751528627,69.17732073374097
