epoch,source_acc,target_acc_no_im,target_acc_oracle,target_acc_baseline,target_acc_MLLS,target_acc_RLLS,baseline_AE,MLLS_AE,RLLS_AE,cal_target_acc_no_im,cal_target_acc_oracle,cal_target_acc_baseline,cal_target_acc_MLLS,cal_target_acc_RLLS,cal_baseline_AE,cal_MLLS_AE,cal_RLLS_AE,cal_source_acc
41,91.7,79.4478527607362,79.67791411042946,79.52453987730061,79.52453987730061,79.60122699386503,0.14161764080721906,0.13999373088676503,0.13463043011975584,78.9877300613497,79.06441717791411,77.2239263803681,76.38036809815951,76.84049079754601,0.19971067812636584,0.2932401520022951,0.22636346407605423,92.5
