epoch,source_acc,target_acc_no_im,target_acc_oracle,target_acc_baseline,target_acc_MLLS,target_acc_RLLS,baseline_AE,MLLS_AE,RLLS_AE,multarget_acc_oracle,multarget_acc_baseline,multarget_acc_MLLS,multarget_acc_RLLS
40,73.76923076923076,38.301791994640766,40.24451515659019,38.8879584659186,38.737229944732874,38.87121085245352,0.2894209500357292,0.35597917760841347,0.30384290051847823,40.24451515659019,38.8879584659186,38.737229944732874,38.87121085245352
