epoch,source_acc,target_acc_no_im,target_acc_oracle,target_acc_baseline,target_acc_MLLS,target_acc_RLLS,baseline_AE,MLLS_AE,RLLS_AE,multarget_acc_oracle,multarget_acc_baseline,multarget_acc_MLLS,multarget_acc_RLLS
8,95.7592339261286,67.64705882352942,88.23529411764706,67.64705882352942,70.58823529411765,67.64705882352942,0.6648668467738281,0.6354598409856933,0.6714862837376121,88.23529411764706,67.64705882352942,70.58823529411765,67.64705882352942
