epoch,source_acc,target_acc_no_im,target_acc_oracle,target_acc_baseline,target_acc_MLLS,target_acc_RLLS,baseline_AE,MLLS_AE,RLLS_AE,cal_target_acc_no_im,cal_target_acc_oracle,cal_target_acc_baseline,cal_target_acc_MLLS,cal_target_acc_RLLS,cal_baseline_AE,cal_MLLS_AE,cal_RLLS_AE,cal_source_acc
29,58.2766840293105,51.73033086965532,51.909926089659464,51.654348276576634,51.67507080196173,51.274435311183254,0.18228165348862205,0.19185861238618757,0.3279738145184714,52.179318919665675,52.697382054293016,52.19313393658908,51.24680527733646,51.83394349658078,0.14345256640143833,0.3254648338019348,0.25169410196162856,59.053588770195105
