epoch,source_acc,target_acc_no_im,target_acc_oracle,target_acc_baseline,target_acc_MLLS,target_acc_RLLS,baseline_AE,MLLS_AE,RLLS_AE,cal_target_acc_no_im,cal_target_acc_oracle,cal_target_acc_baseline,cal_target_acc_MLLS,cal_target_acc_RLLS,cal_baseline_AE,cal_MLLS_AE,cal_RLLS_AE,cal_source_acc
44,67.42,66.38795986622074,67.05685618729098,65.7190635451505,65.88628762541806,64.88294314381271,0.3304809771305305,0.3284549882735147,0.455086161613116,68.72909698996655,69.06354515050167,67.89297658862876,66.05351170568562,65.55183946488295,0.25548212821003563,0.33544949138125113,0.3273664995039928,69.32000000000001
