epoch,source_acc,target_acc_no_im,target_acc_oracle,target_acc_baseline,target_acc_MLLS,target_acc_RLLS,baseline_AE,MLLS_AE,RLLS_AE,multarget_acc_oracle,multarget_acc_baseline,multarget_acc_MLLS,multarget_acc_RLLS
4,69.19,49.36440677966102,59.7457627118644,46.39830508474576,47.03389830508475,49.152542372881356,0.8945425188137311,0.8650659637730885,0.693539949109518,59.7457627118644,46.39830508474576,47.03389830508475,49.152542372881356
