epoch,source_acc,target_acc_no_im,target_acc_oracle,target_acc_baseline,target_acc_MLLS,target_acc_RLLS,baseline_AE,MLLS_AE,RLLS_AE,cal_target_acc_no_im,cal_target_acc_oracle,cal_target_acc_baseline,cal_target_acc_MLLS,cal_target_acc_RLLS,cal_baseline_AE,cal_MLLS_AE,cal_RLLS_AE,cal_source_acc
10,98.03076923076924,79.61538461538461,79.61538461538461,80.38461538461539,80.38461538461539,80.38461538461539,0.13001415763910001,0.1411082733135957,0.1340477034619844,78.07692307692308,78.07692307692308,78.07692307692308,77.6923076923077,78.07692307692308,0.12271524478609747,0.1498382527094621,0.12636503651750247,98.15384615384616
