epoch,source_acc,target_acc_no_im,target_acc_oracle,target_acc_baseline,target_acc_MLLS,target_acc_RLLS,baseline_AE,MLLS_AE,RLLS_AE,cal_target_acc_no_im,cal_target_acc_oracle,cal_target_acc_baseline,cal_target_acc_MLLS,cal_target_acc_RLLS,cal_baseline_AE,cal_MLLS_AE,cal_RLLS_AE,cal_source_acc
29,58.2766840293105,61.201501877346686,62.3279098873592,61.07634543178973,61.326658322903626,61.95244055068836,0.23244327413623564,0.23993229176421857,0.4063424941423086,61.57697121401752,63.7046307884856,62.3279098873592,62.57822277847309,62.828535669586984,0.2129718453384186,0.2514725864247713,0.2679761660542856,59.053588770195105
