epoch,source_acc,target_acc_no_im,target_acc_oracle,target_acc_baseline,target_acc_MLLS,target_acc_RLLS,baseline_AE,MLLS_AE,RLLS_AE,cal_target_acc_no_im,cal_target_acc_oracle,cal_target_acc_baseline,cal_target_acc_MLLS,cal_target_acc_RLLS,cal_baseline_AE,cal_MLLS_AE,cal_RLLS_AE,cal_source_acc
10,95.8338459015049,92.24080267558529,98.79598662207358,95.7190635451505,96.65551839464884,96.78929765886288,0.19393196448210293,0.07459631796465271,0.07154049197127756,99.93311036789298,99.93311036789298,99.93311036789298,99.93311036789298,99.93311036789298,0.001465038263786851,0.0014624244663911073,0.0013722522351035946,99.97949727313733
