epoch,source_acc,target_acc_no_im,target_acc_oracle,target_acc_baseline,target_acc_MLLS,target_acc_RLLS,baseline_AE,MLLS_AE,RLLS_AE,multarget_acc_oracle,multarget_acc_baseline,multarget_acc_MLLS,multarget_acc_RLLS
10,99.51728247914183,94.47936130456938,94.47936130456938,94.47936130456938,94.47936130456938,94.47936130456938,0.022808508687094664,0.026783125214652037,0.024844604624854272,94.47936130456938,94.47936130456938,94.49634788517072,94.49634788517072
