epoch,source_acc,target_acc_no_im,target_acc_oracle,target_acc_baseline,target_acc_MLLS,target_acc_RLLS,baseline_AE,MLLS_AE,RLLS_AE,multarget_acc_oracle,multarget_acc_baseline,multarget_acc_MLLS,multarget_acc_RLLS
9,90.10000000000001,91.48936170212765,94.68085106382979,92.81914893617021,93.35106382978722,92.81914893617021,0.14488749887779337,0.11167712261444554,0.14515731479024646,94.68085106382979,92.81914893617021,93.35106382978722,92.81914893617021
