epoch,source_acc,target_acc_no_im,target_acc_oracle,target_acc_baseline,target_acc_MLLS,target_acc_RLLS,baseline_AE,MLLS_AE,RLLS_AE,multarget_acc_oracle,multarget_acc_baseline,multarget_acc_MLLS,multarget_acc_RLLS
10,99.43412473859024,33.60200111172874,52.41801000555865,30.183435241801,26.598110061145082,30.016675931072818,0.9436524156359047,1.1614417968279,0.9478947287540553,52.834908282379104,31.57309616453585,28.237909949972206,31.40633685380767
