epoch,source_acc,target_acc_no_im,target_acc_oracle,target_acc_baseline,target_acc_MLLS,target_acc_RLLS,baseline_AE,MLLS_AE,RLLS_AE,cal_target_acc_no_im,cal_target_acc_oracle,cal_target_acc_baseline,cal_target_acc_MLLS,cal_target_acc_RLLS,cal_baseline_AE,cal_MLLS_AE,cal_RLLS_AE,cal_source_acc
8,97.59237187127533,82.84159266685764,82.87023775422514,82.8845602979089,82.8559152105414,82.94185047264394,0.10401931405067444,0.12107614775088554,0.11183205823865794,82.78430249212259,82.81294757949011,82.6124319679175,82.6124319679175,82.62675451160126,0.13869354128837585,0.16139088847476624,0.14948895826435532,97.66090584028605
