epoch,source_acc,target_acc_no_im,target_acc_oracle,target_acc_baseline,target_acc_MLLS,target_acc_RLLS,baseline_AE,MLLS_AE,RLLS_AE,multarget_acc_oracle,multarget_acc_baseline,multarget_acc_MLLS,multarget_acc_RLLS
15,70.78360329639102,44.13265306122449,56.88775510204081,46.1734693877551,38.01020408163265,44.89795918367347,0.9644666191303927,1.168184414887535,0.9235200638613341,56.63265306122449,45.1530612244898,40.05102040816326,44.13265306122449
