epoch,source_acc,target_acc_no_im,target_acc_oracle,target_acc_baseline,target_acc_MLLS,target_acc_RLLS,baseline_AE,MLLS_AE,RLLS_AE,multarget_acc_oracle,multarget_acc_baseline,multarget_acc_MLLS,multarget_acc_RLLS
8,97.19904648390941,85.40532798625036,85.47694070466915,85.43397307361788,85.43397307361788,85.44829561730162,0.007568299770355225,0.007983475923538208,0.007232719957398714,85.40532798625036,85.36236035519909,85.34803781151533,85.37668289888283
