epoch,source_acc,target_acc_no_im,target_acc_oracle,target_acc_baseline,target_acc_MLLS,target_acc_RLLS,baseline_AE,MLLS_AE,RLLS_AE,cal_target_acc_no_im,cal_target_acc_oracle,cal_target_acc_baseline,cal_target_acc_MLLS,cal_target_acc_RLLS,cal_baseline_AE,cal_MLLS_AE,cal_RLLS_AE,cal_source_acc
49,77.59,79.149377593361,78.94190871369294,78.21576763485477,77.38589211618257,77.4896265560166,0.12079850197054784,0.14787299292262537,0.14560748299439852,78.3195020746888,79.25311203319502,77.80082987551867,77.17842323651453,76.97095435684648,0.12489733009510268,0.14367993025368087,0.15344713590814296,77.94
