epoch,source_acc,target_acc_no_im,target_acc_oracle,target_acc_baseline,target_acc_MLLS,target_acc_RLLS,baseline_AE,MLLS_AE,RLLS_AE,multarget_acc_oracle,multarget_acc_baseline,multarget_acc_MLLS,multarget_acc_RLLS
4,69.19,70.40082219938336,58.78725590955807,57.965056526207604,34.73792394655704,37.10174717368962,0.22837773645019113,0.9221351735541851,0.834463762157478,58.78725590955807,57.965056526207604,34.73792394655704,37.10174717368962
