epoch,source_acc,target_acc_no_im,target_acc_oracle,target_acc_baseline,target_acc_MLLS,target_acc_RLLS,baseline_AE,MLLS_AE,RLLS_AE,cal_target_acc_no_im,cal_target_acc_oracle,cal_target_acc_baseline,cal_target_acc_MLLS,cal_target_acc_RLLS,cal_baseline_AE,cal_MLLS_AE,cal_RLLS_AE,cal_source_acc
20,79.77053140096618,36.57352009572746,38.178362778911804,36.02449496726965,35.1868797071866,35.749982403040754,0.6052827426420497,0.8446229752465315,0.6615993280476906,35.05314281692124,35.961145913986066,31.590061237418176,19.011754768775955,29.83740409657211,0.6674001919128674,1.4525952361626266,0.793229683651589,81.62119920431941
