epoch,source_acc,target_acc_no_im,target_acc_oracle,target_acc_baseline,target_acc_MLLS,target_acc_RLLS,baseline_AE,MLLS_AE,RLLS_AE,multarget_acc_oracle,multarget_acc_baseline,multarget_acc_MLLS,multarget_acc_RLLS
10,97.05,75.42795232936078,76.12856626941134,75.42072950523655,75.30516431924883,75.37016973636692,0.19581807909150628,0.20412787088741569,0.2045283649499311,76.12856626941134,75.42072950523655,75.30516431924883,75.37016973636692
