epoch,source_acc,target_acc_no_im,target_acc_oracle,target_acc_baseline,target_acc_MLLS,target_acc_RLLS,baseline_AE,MLLS_AE,RLLS_AE,cal_target_acc_no_im,cal_target_acc_oracle,cal_target_acc_baseline,cal_target_acc_MLLS,cal_target_acc_RLLS,cal_baseline_AE,cal_MLLS_AE,cal_RLLS_AE,cal_source_acc
30,73.53846153846155,38.25614366729679,42.29678638941399,38.77599243856333,38.89413988657845,39.083175803402646,0.5266674068318028,0.49498570145289145,0.47410529807953466,38.20888468809074,44.65973534971644,39.29584120982987,36.93289224952741,38.657844990548206,0.5749713264102916,0.5739277375776232,0.5383376290405643,73.34615384615385
