epoch,source_acc,target_acc_no_im,target_acc_oracle,target_acc_baseline,target_acc_MLLS,target_acc_RLLS,baseline_AE,MLLS_AE,RLLS_AE,cal_target_acc_no_im,cal_target_acc_oracle,cal_target_acc_baseline,cal_target_acc_MLLS,cal_target_acc_RLLS,cal_baseline_AE,cal_MLLS_AE,cal_RLLS_AE,cal_source_acc
40,79.82352941176471,47.82608695652174,52.17391304347826,47.82608695652174,52.17391304347826,43.47826086956522,0.576214721912704,0.5485089846441279,0.7035788570134562,52.17391304347826,56.52173913043478,56.52173913043478,56.52173913043478,56.52173913043478,0.44506604329723376,0.7678472993186756,0.5508200017263241,83.76470588235294
