epoch,source_acc,target_acc_no_im,target_acc_oracle,target_acc_baseline,target_acc_MLLS,target_acc_RLLS,baseline_AE,MLLS_AE,RLLS_AE,cal_target_acc_no_im,cal_target_acc_oracle,cal_target_acc_baseline,cal_target_acc_MLLS,cal_target_acc_RLLS,cal_baseline_AE,cal_MLLS_AE,cal_RLLS_AE,cal_source_acc
7,66.91092080868721,68.47635726795096,68.73905429071804,68.38879159369527,68.60770577933451,68.08231173380035,0.10487441598401434,0.11889681507148789,0.22619963288555847,68.60770577933451,69.13309982486865,68.82661996497373,68.0385288966725,68.25744308231172,0.1097304805661242,0.151930369078524,0.16285589716608495,67.24640240134192
