epoch,source_acc,target_acc_no_im,target_acc_oracle,target_acc_baseline,target_acc_MLLS,target_acc_RLLS,baseline_AE,MLLS_AE,RLLS_AE,cal_target_acc_no_im,cal_target_acc_oracle,cal_target_acc_baseline,cal_target_acc_MLLS,cal_target_acc_RLLS,cal_baseline_AE,cal_MLLS_AE,cal_RLLS_AE,cal_source_acc
40,78.03846153846153,80.01679261125105,81.10831234256926,80.60453400503779,80.77246011754828,80.85642317380352,0.19536852094991483,0.1727915375229944,0.13054226912836045,81.86397984886649,82.70361041141896,82.36775818639799,82.53568429890848,82.70361041141896,0.13458014829639475,0.08776985698064445,0.07956163082518312,79.38461538461539
