epoch,source_acc,target_acc_no_im,target_acc_oracle,target_acc_baseline,target_acc_MLLS,target_acc_RLLS,baseline_AE,MLLS_AE,RLLS_AE,cal_target_acc_no_im,cal_target_acc_oracle,cal_target_acc_baseline,cal_target_acc_MLLS,cal_target_acc_RLLS,cal_baseline_AE,cal_MLLS_AE,cal_RLLS_AE,cal_source_acc
9,90.09,38.29431438127091,39.96655518394649,35.618729096989966,32.94314381270903,34.61538461538461,0.7445371933887346,0.9778713148538909,0.8461966045873212,37.12374581939799,38.46153846153847,32.441471571906355,24.581939799331103,30.60200668896321,0.7485893418237428,1.3094866052270642,0.8741660503608241,90.48
