epoch,source_acc,target_acc_no_im,target_acc_oracle,target_acc_baseline,target_acc_MLLS,target_acc_RLLS,baseline_AE,MLLS_AE,RLLS_AE,cal_target_acc_no_im,cal_target_acc_oracle,cal_target_acc_baseline,cal_target_acc_MLLS,cal_target_acc_RLLS,cal_baseline_AE,cal_MLLS_AE,cal_RLLS_AE,cal_source_acc
40,88.6,60.76923076923077,60.76923076923077,61.15384615384616,61.15384615384616,61.15384615384616,0.1177701193552751,0.12254838158304876,0.1353396757639539,61.15384615384616,61.15384615384616,60.38461538461538,58.46153846153847,59.61538461538461,0.13168716344695824,0.20428063433903915,0.1536523904793532,89.38461538461539
