epoch,source_acc,target_acc_no_im,target_acc_oracle,target_acc_baseline,target_acc_MLLS,target_acc_RLLS,baseline_AE,MLLS_AE,RLLS_AE,cal_target_acc_no_im,cal_target_acc_oracle,cal_target_acc_baseline,cal_target_acc_MLLS,cal_target_acc_RLLS,cal_baseline_AE,cal_MLLS_AE,cal_RLLS_AE,cal_source_acc
10,89.65260017050298,70.44877222692634,74.25910245554614,70.11007620660457,69.17866215071973,69.60203217612192,0.43917871821409404,0.50302236291025,0.45786208669482864,70.44877222692634,73.41236240474174,68.077900084674,64.77561388653683,67.6545300592718,0.4671680328033517,0.6005671024898117,0.4945264462803166,89.81244671781756
