epoch,source_acc,target_acc_no_im,target_acc_oracle,target_acc_baseline,target_acc_MLLS,target_acc_RLLS,baseline_AE,MLLS_AE,RLLS_AE,cal_target_acc_no_im,cal_target_acc_oracle,cal_target_acc_baseline,cal_target_acc_MLLS,cal_target_acc_RLLS,cal_baseline_AE,cal_MLLS_AE,cal_RLLS_AE,cal_source_acc
10,97.1275327771156,97.09894507093489,97.12622771917061,97.11713350309203,97.12622771917061,97.12622771917061,0.012026924768678893,0.0033525416052267443,0.0039702731754448495,97.08985085485631,97.10803928701345,97.12622771917061,97.11713350309203,97.11713350309203,0.010154444853059996,0.003547508398287047,0.002954101749147564,97.12455303933254
