epoch,source_acc,target_acc_no_im,target_acc_oracle,target_acc_baseline,target_acc_MLLS,target_acc_RLLS,baseline_AE,MLLS_AE,RLLS_AE,cal_target_acc_no_im,cal_target_acc_oracle,cal_target_acc_baseline,cal_target_acc_MLLS,cal_target_acc_RLLS,cal_baseline_AE,cal_MLLS_AE,cal_RLLS_AE,cal_source_acc
40,89.38461538461539,64.41879487412524,64.43394225817201,64.41273592050652,64.40364749007847,64.39758853645975,0.049724050020136135,0.05285773441687991,0.05734882472339925,64.04919870338392,64.03405131933715,63.43724438789421,63.13732618376806,63.34030112999485,0.13136648171826196,0.2089120575158198,0.15807652801180422,89.92307692307693
