epoch,source_acc,target_acc_no_im,target_acc_oracle,target_acc_baseline,target_acc_MLLS,target_acc_RLLS,baseline_AE,MLLS_AE,RLLS_AE,cal_target_acc_no_im,cal_target_acc_oracle,cal_target_acc_baseline,cal_target_acc_MLLS,cal_target_acc_RLLS,cal_baseline_AE,cal_MLLS_AE,cal_RLLS_AE,cal_source_acc
40,84.45,85.30179445350734,85.30179445350734,85.26916802610114,85.26916802610114,85.28548123980424,0.030680579890847996,0.03180730511748869,0.03777493372757817,85.13866231647634,85.15497553017944,85.05709624796086,85.10603588907014,85.10603588907014,0.0419532403167562,0.053728466267054846,0.05351862170303454,84.78333333333333
