epoch,source_acc,target_acc_no_im,target_acc_oracle,target_acc_baseline,target_acc_MLLS,target_acc_RLLS,baseline_AE,MLLS_AE,RLLS_AE,multarget_acc_oracle,multarget_acc_baseline,multarget_acc_MLLS,multarget_acc_RLLS
15,75.16695083830633,40.74074074074074,43.188405797101446,35.52334943639291,28.438003220611918,33.49436392914654,0.708604619234107,1.2586472706716636,0.8627992980646274,43.091787439613526,35.84541062801932,29.951690821256037,33.687600644122384
