epoch,source_acc,target_acc_no_im,target_acc_oracle,target_acc_baseline,target_acc_MLLS,target_acc_RLLS,baseline_AE,MLLS_AE,RLLS_AE,multarget_acc_oracle,multarget_acc_baseline,multarget_acc_MLLS,multarget_acc_RLLS
49,82.76333789329685,47.05882352941176,67.64705882352942,44.11764705882353,50.0,44.11764705882353,1.1319298164316398,1.0113613088704083,1.0690818806494193,67.64705882352942,44.11764705882353,50.0,44.11764705882353
