epoch,source_acc,target_acc_no_im,target_acc_oracle,target_acc_baseline,target_acc_MLLS,target_acc_RLLS,baseline_AE,MLLS_AE,RLLS_AE,cal_target_acc_no_im,cal_target_acc_oracle,cal_target_acc_baseline,cal_target_acc_MLLS,cal_target_acc_RLLS,cal_baseline_AE,cal_MLLS_AE,cal_RLLS_AE,cal_source_acc
38,79.96666666666667,39.130434782608695,78.26086956521739,52.17391304347826,52.17391304347826,52.17391304347826,0.9689939772566584,0.7238226472251182,0.8541843078766964,39.130434782608695,78.26086956521739,52.17391304347826,60.86956521739131,56.52173913043478,1.0555892887920062,0.7213933855781091,0.8416320552492184,80.2
