epoch,source_acc,target_acc_no_im,target_acc_oracle,target_acc_baseline,target_acc_MLLS,target_acc_RLLS,baseline_AE,MLLS_AE,RLLS_AE,multarget_acc_oracle,multarget_acc_baseline,multarget_acc_MLLS,multarget_acc_RLLS
10,99.51430274135876,92.3694779116466,93.10181904086936,92.88920387432081,92.9128277817151,92.88920387432081,0.1297370266215953,0.11629044227768509,0.12431151351984002,93.07819513347508,92.86557996692653,92.88920387432081,92.88920387432081
