epoch,source_acc,target_acc_no_im,target_acc_oracle,target_acc_baseline,target_acc_MLLS,target_acc_RLLS,baseline_AE,MLLS_AE,RLLS_AE,multarget_acc_oracle,multarget_acc_baseline,multarget_acc_MLLS,multarget_acc_RLLS
40,68.0,52.17391304347826,60.86956521739131,47.82608695652174,52.17391304347826,52.17391304347826,0.6424593405352663,0.903803883114057,0.9139399636978816,60.86956521739131,47.82608695652174,52.17391304347826,52.17391304347826
