epoch,source_acc,target_acc_no_im,target_acc_oracle,target_acc_baseline,target_acc_MLLS,target_acc_RLLS,baseline_AE,MLLS_AE,RLLS_AE,multarget_acc_oracle,multarget_acc_baseline,multarget_acc_MLLS,multarget_acc_RLLS
9,96.96153846153847,73.07692307692307,73.07692307692307,73.07692307692307,71.15384615384616,73.07692307692307,0.3122951813364545,0.4109561446910207,0.32656301211699706,73.07692307692307,73.07692307692307,71.15384615384616,73.07692307692307
