epoch,source_acc,target_acc_no_im,target_acc_oracle,target_acc_baseline,target_acc_MLLS,target_acc_RLLS,baseline_AE,MLLS_AE,RLLS_AE,multarget_acc_oracle,multarget_acc_baseline,multarget_acc_MLLS,multarget_acc_RLLS
1,84.53,79.75334018499485,77.28674203494347,79.23946557040082,66.90647482014388,74.10071942446042,0.15418578197706764,0.3738631564623198,0.19627509494500647,77.28674203494347,79.23946557040082,66.90647482014388,74.10071942446042
