epoch,source_acc,target_acc_no_im,target_acc_oracle,target_acc_baseline,target_acc_MLLS,target_acc_RLLS,baseline_AE,MLLS_AE,RLLS_AE,cal_target_acc_no_im,cal_target_acc_oracle,cal_target_acc_baseline,cal_target_acc_MLLS,cal_target_acc_RLLS,cal_baseline_AE,cal_MLLS_AE,cal_RLLS_AE,cal_source_acc
8,97.63408820023838,82.74503624330288,82.71352032776552,82.61897258115349,82.52442483454145,82.58745666561613,0.1548244566936956,0.16548591431654858,0.15928600228625478,82.47715096123542,82.44563504569807,82.36684525685472,82.35108729908603,82.35108729908603,0.17715909195141655,0.1912169736786568,0.1835190971959682,97.6549463647199
