epoch,source_acc,target_acc_no_im,target_acc_oracle,target_acc_baseline,target_acc_MLLS,target_acc_RLLS,baseline_AE,MLLS_AE,RLLS_AE,multarget_acc_oracle,multarget_acc_baseline,multarget_acc_MLLS,multarget_acc_RLLS
40,72.5,68.26923076923077,68.26923076923077,67.3076923076923,62.5,64.42307692307693,0.24122785970282096,0.38330013204652535,0.3915061315755763,68.26923076923077,67.3076923076923,62.5,64.42307692307693
