epoch,source_acc,target_acc_no_im,target_acc_oracle,target_acc_baseline,target_acc_MLLS,target_acc_RLLS,baseline_AE,MLLS_AE,RLLS_AE,multarget_acc_oracle,multarget_acc_baseline,multarget_acc_MLLS,multarget_acc_RLLS
15,76.32495026996305,76.11026033690659,76.19379089516914,75.53946818877905,74.95475428094112,74.67631908673256,0.1226904460291942,0.18014579723189736,0.18058431678712678,75.80398162327718,74.92691076152026,74.39788389252402,74.30043157455101
