epoch,source_acc,target_acc_no_im,target_acc_oracle,target_acc_baseline,target_acc_MLLS,target_acc_RLLS,baseline_AE,MLLS_AE,RLLS_AE,cal_target_acc_no_im,cal_target_acc_oracle,cal_target_acc_baseline,cal_target_acc_MLLS,cal_target_acc_RLLS,cal_baseline_AE,cal_MLLS_AE,cal_RLLS_AE,cal_source_acc
7,99.47923073768811,62.382596685082866,62.54834254143646,58.10082872928177,56.38812154696132,58.06629834254144,0.5984423203900642,0.7549062979576122,0.6039383521998961,64.59254143646409,65.73204419889503,61.74033149171271,60.27624309392265,61.73342541436464,0.5552705021451603,0.6680383801336776,0.5582599829053105,99.65145364333456
