epoch,source_acc,target_acc_no_im,target_acc_oracle,target_acc_baseline,target_acc_MLLS,target_acc_RLLS,baseline_AE,MLLS_AE,RLLS_AE,multarget_acc_oracle,multarget_acc_baseline,multarget_acc_MLLS,multarget_acc_RLLS
7,98.82352941176471,88.57142857142857,88.57142857142857,88.57142857142857,88.57142857142857,88.57142857142857,0.2452308201896293,0.27234647042512516,0.2512854296739895,88.57142857142857,88.57142857142857,88.57142857142857,88.57142857142857
