epoch,source_acc,target_acc_no_im,target_acc_oracle,target_acc_baseline,target_acc_MLLS,target_acc_RLLS,baseline_AE,MLLS_AE,RLLS_AE,cal_target_acc_no_im,cal_target_acc_oracle,cal_target_acc_baseline,cal_target_acc_MLLS,cal_target_acc_RLLS,cal_baseline_AE,cal_MLLS_AE,cal_RLLS_AE,cal_source_acc
44,94.43,85.81979320531758,88.92171344165436,87.00147710487445,86.85376661742984,87.00147710487445,0.21461579991171642,0.19006565429904265,0.21702507901879936,85.67208271787297,88.33087149187593,86.70605612998523,86.85376661742984,86.41063515509602,0.23620206439534708,0.21556318997039137,0.2379295085825617,94.42
