epoch,source_acc,target_acc_no_im,target_acc_oracle,target_acc_baseline,target_acc_MLLS,target_acc_RLLS,baseline_AE,MLLS_AE,RLLS_AE,cal_target_acc_no_im,cal_target_acc_oracle,cal_target_acc_baseline,cal_target_acc_MLLS,cal_target_acc_RLLS,cal_baseline_AE,cal_MLLS_AE,cal_RLLS_AE,cal_source_acc
10,97.03333333333333,97.79650032404406,98.1853532080363,98.250162022035,98.05573558003888,97.99092676604018,0.025467157515314535,0.01609806794507524,0.03961037370242772,97.73169151004537,97.99092676604018,97.99092676604018,97.99092676604018,97.86130913804277,0.026174951158599764,0.020579009191015362,0.04113617584117078,97.3
