epoch,source_acc,target_acc_no_im,target_acc_oracle,target_acc_baseline,target_acc_MLLS,target_acc_RLLS,baseline_AE,MLLS_AE,RLLS_AE,cal_target_acc_no_im,cal_target_acc_oracle,cal_target_acc_baseline,cal_target_acc_MLLS,cal_target_acc_RLLS,cal_baseline_AE,cal_MLLS_AE,cal_RLLS_AE,cal_source_acc
10,97.1275327771156,75.92723836522562,82.91991495393339,78.92747460429955,80.13229388140799,79.16371367824239,0.32233823054005234,0.18613601439167587,0.28685498746871957,76.16347743916843,82.35294117647058,78.88022678951098,79.89605480746516,79.06921804866525,0.3128815662162456,0.19466856830288498,0.28105851906414797,97.12455303933254
