epoch,source_acc,target_acc_no_im,target_acc_oracle,target_acc_baseline,target_acc_MLLS,target_acc_RLLS,baseline_AE,MLLS_AE,RLLS_AE,cal_target_acc_no_im,cal_target_acc_oracle,cal_target_acc_baseline,cal_target_acc_MLLS,cal_target_acc_RLLS,cal_baseline_AE,cal_MLLS_AE,cal_RLLS_AE,cal_source_acc
20,79.35493037794828,36.472193790515185,39.16751961787786,36.131013306038895,35.24394404640054,35.68747867621972,0.6905812247249661,0.8773287186886662,0.7410948861979431,35.34629819174343,37.086318662572495,32.173319686113956,18.219037871033777,30.296827021494373,0.7117951478844662,1.51443679418924,0.828977996331795,81.51463483944302
