epoch,source_acc,target_acc_no_im,target_acc_oracle,target_acc_baseline,target_acc_MLLS,target_acc_RLLS,baseline_AE,MLLS_AE,RLLS_AE,cal_target_acc_no_im,cal_target_acc_oracle,cal_target_acc_baseline,cal_target_acc_MLLS,cal_target_acc_RLLS,cal_baseline_AE,cal_MLLS_AE,cal_RLLS_AE,cal_source_acc
9,99.97949727313733,52.34986945169713,66.62315056570931,57.61531766753699,59.61705831157529,57.61531766753699,0.7468520570558548,0.7462662391768243,0.748181034332119,52.39338555265448,57.48476936466492,53.82941688424717,54.00348128807659,53.78590078328982,0.7132836167014256,0.7107602150273267,0.7139254810325132,99.97949727313733
