epoch,source_acc,target_acc_no_im,target_acc_oracle,target_acc_baseline,target_acc_MLLS,target_acc_RLLS,baseline_AE,MLLS_AE,RLLS_AE,multarget_acc_oracle,multarget_acc_baseline,multarget_acc_MLLS,multarget_acc_RLLS
9,96.92307692307692,71.57929994975716,72.19896164796516,71.88075699212862,71.67978563054764,71.79701892480321,0.18942563185738776,0.21821614006885787,0.19481473401186783,72.19896164796516,71.88075699212862,71.67978563054764,71.79701892480321
