epoch,source_acc,target_acc_no_im,target_acc_oracle,target_acc_baseline,target_acc_MLLS,target_acc_RLLS,baseline_AE,MLLS_AE,RLLS_AE,multarget_acc_oracle,multarget_acc_baseline,multarget_acc_MLLS,multarget_acc_RLLS
40,73.92307692307692,39.527179641620236,39.60999849420268,39.49706369522662,39.04532449932239,39.37659990965216,0.1389776306071746,0.3115659522021967,0.21422740412845756,39.60999849420268,39.49706369522662,39.04532449932239,39.37659990965216
