epoch,source_acc,target_acc_no_im,target_acc_oracle,target_acc_baseline,target_acc_MLLS,target_acc_RLLS,baseline_AE,MLLS_AE,RLLS_AE,multarget_acc_oracle,multarget_acc_baseline,multarget_acc_MLLS,multarget_acc_RLLS
28,50.11918425002207,43.53448275862069,46.40804597701149,43.9367816091954,44.59770114942529,42.787356321839084,0.41124159079006584,0.3755375771084647,0.520792094720111,44.48275862068966,41.7816091954023,42.55747126436782,40.833333333333336
