epoch,source_acc,target_acc_no_im,target_acc_oracle,target_acc_baseline,target_acc_MLLS,target_acc_RLLS,baseline_AE,MLLS_AE,RLLS_AE,cal_target_acc_no_im,cal_target_acc_oracle,cal_target_acc_baseline,cal_target_acc_MLLS,cal_target_acc_RLLS,cal_baseline_AE,cal_MLLS_AE,cal_RLLS_AE,cal_source_acc
30,73.53846153846155,78.35514018691589,78.35514018691589,78.42990654205607,78.35514018691589,78.42990654205607,0.051882484170878054,0.05906188128846829,0.0799342383046289,77.57009345794393,77.60747663551402,77.60747663551402,77.23364485981308,77.23364485981308,0.06202017207847578,0.09958192727624257,0.10853111750451515,73.34615384615385
