epoch,source_acc,target_acc_no_im,target_acc_oracle,target_acc_baseline,target_acc_MLLS,target_acc_RLLS,baseline_AE,MLLS_AE,RLLS_AE,cal_target_acc_no_im,cal_target_acc_oracle,cal_target_acc_baseline,cal_target_acc_MLLS,cal_target_acc_RLLS,cal_baseline_AE,cal_MLLS_AE,cal_RLLS_AE,cal_source_acc
9,79.93393009377664,41.73913043478261,44.412238325281805,37.745571658615134,29.04991948470209,35.68438003220612,0.6658618978982683,1.212979217000358,0.8126028557863167,42.447665056360705,44.669887278582934,38.293075684380035,32.30273752012883,36.489533011272144,0.6677559516926641,1.1184692347161018,0.8035188846126922,80.218101733447
