epoch,source_acc,target_acc_no_im,target_acc_oracle,target_acc_baseline,target_acc_MLLS,target_acc_RLLS,baseline_AE,MLLS_AE,RLLS_AE,cal_target_acc_no_im,cal_target_acc_oracle,cal_target_acc_baseline,cal_target_acc_MLLS,cal_target_acc_RLLS,cal_baseline_AE,cal_MLLS_AE,cal_RLLS_AE,cal_source_acc
9,96.96153846153847,95.1923076923077,95.1923076923077,95.1923076923077,95.1923076923077,95.1923076923077,0.09994654944882941,0.10404899558768821,0.10940645677415123,96.15384615384616,96.15384615384616,94.23076923076923,94.23076923076923,94.23076923076923,0.10465594008564949,0.1203291192650795,0.11148869032426222,97.34615384615385
