epoch,source_acc,target_acc_no_im,target_acc_oracle,target_acc_baseline,target_acc_MLLS,target_acc_RLLS,baseline_AE,MLLS_AE,RLLS_AE,cal_target_acc_no_im,cal_target_acc_oracle,cal_target_acc_baseline,cal_target_acc_MLLS,cal_target_acc_RLLS,cal_baseline_AE,cal_MLLS_AE,cal_RLLS_AE,cal_source_acc
33,85.11764705882354,48.71086556169429,63.53591160220995,53.31491712707182,54.32780847145487,53.86740331491713,0.7010915033162518,0.5948067856163581,0.6484514510711353,47.42173112338858,70.25782688766114,56.537753222836095,61.60220994475139,58.195211786372006,0.7752377522001335,0.48740516466553396,0.6859105957063483,85.94117647058823
