epoch,source_acc,target_acc_no_im,target_acc_oracle,target_acc_baseline,target_acc_MLLS,target_acc_RLLS,baseline_AE,MLLS_AE,RLLS_AE,multarget_acc_oracle,multarget_acc_baseline,multarget_acc_MLLS,multarget_acc_RLLS
28,50.11035578705747,53.80645161290323,61.41935483870967,56.00000000000001,57.54838709677419,54.32258064516129,0.45564768540796885,0.31304043122421715,0.49709687406415376,57.67741935483871,53.677419354838705,54.70967741935484,52.903225806451616
