epoch,source_acc,target_acc_no_im,target_acc_oracle,target_acc_baseline,target_acc_MLLS,target_acc_RLLS,baseline_AE,MLLS_AE,RLLS_AE,multarget_acc_oracle,multarget_acc_baseline,multarget_acc_MLLS,multarget_acc_RLLS
7,98.82352941176471,84.2720510095643,84.82111229188807,83.81154799858307,83.669854764435,83.81154799858307,0.18766048107279074,0.20654945749772322,0.193199728543896,84.82111229188807,83.81154799858307,83.669854764435,83.81154799858307
