epoch,source_acc,target_acc_no_im,target_acc_oracle,target_acc_baseline,target_acc_MLLS,target_acc_RLLS,baseline_AE,MLLS_AE,RLLS_AE,multarget_acc_oracle,multarget_acc_baseline,multarget_acc_MLLS,multarget_acc_RLLS
1,84.7,86.01694915254238,88.77118644067797,90.67796610169492,83.47457627118644,88.13559322033898,0.5475755568783162,0.2393387356229841,0.22025580120335547,88.77118644067797,90.67796610169492,83.47457627118644,88.13559322033898
