epoch,source_acc,target_acc_no_im,target_acc_oracle,target_acc_baseline,target_acc_MLLS,target_acc_RLLS,baseline_AE,MLLS_AE,RLLS_AE,cal_target_acc_no_im,cal_target_acc_oracle,cal_target_acc_baseline,cal_target_acc_MLLS,cal_target_acc_RLLS,cal_baseline_AE,cal_MLLS_AE,cal_RLLS_AE,cal_source_acc
20,78.29639102017619,37.52276867030965,48.816029143898,36.79417122040073,36.42987249544626,36.0655737704918,0.9723758457263079,0.9699114081427852,0.9812995697923015,44.990892531876135,48.998178506375226,43.169398907103826,37.52276867030965,42.07650273224044,0.8098394310232828,1.0521364709469356,0.8184565594996711,80.79354930377949
