epoch,source_acc,target_acc_no_im,target_acc_oracle,target_acc_baseline,target_acc_MLLS,target_acc_RLLS,baseline_AE,MLLS_AE,RLLS_AE,cal_target_acc_no_im,cal_target_acc_oracle,cal_target_acc_baseline,cal_target_acc_MLLS,cal_target_acc_RLLS,cal_baseline_AE,cal_MLLS_AE,cal_RLLS_AE,cal_source_acc
9,90.09,39.8936170212766,44.41489361702128,38.297872340425535,36.43617021276596,37.765957446808514,0.7826154758437583,0.9560334955837225,0.8382867524736866,38.82978723404255,44.148936170212764,36.702127659574465,26.595744680851062,35.638297872340424,0.8168563042222655,1.2104707427351702,0.8764488489139902,90.48
