epoch,source_acc,target_acc_no_im,target_acc_oracle,target_acc_baseline,target_acc_MLLS,target_acc_RLLS,baseline_AE,MLLS_AE,RLLS_AE,multarget_acc_oracle,multarget_acc_baseline,multarget_acc_MLLS,multarget_acc_RLLS
10,98.03076923076924,98.35878732619102,98.38158194666059,98.38158194666059,98.38158194666059,98.38158194666059,0.010563029848839063,0.009741602027765396,0.008606541158680932,98.38158194666059,98.38158194666059,98.38158194666059,98.38158194666059
