epoch,source_acc,target_acc_no_im,target_acc_oracle,target_acc_baseline,target_acc_MLLS,target_acc_RLLS,baseline_AE,MLLS_AE,RLLS_AE,cal_target_acc_no_im,cal_target_acc_oracle,cal_target_acc_baseline,cal_target_acc_MLLS,cal_target_acc_RLLS,cal_baseline_AE,cal_MLLS_AE,cal_RLLS_AE,cal_source_acc
7,99.47923073768811,64.63051520346477,64.72074348100695,62.32067129838491,61.274023278895605,62.32067129838491,0.5118126447878822,0.628124876772803,0.5170220580257867,64.86510872507444,66.1373274384192,62.75376703058738,61.77027880537761,62.74474420283317,0.4945046103092723,0.5608574988435835,0.49594498084179844,99.65145364333456
