epoch,source_acc,target_acc_no_im,target_acc_oracle,target_acc_baseline,target_acc_MLLS,target_acc_RLLS,baseline_AE,MLLS_AE,RLLS_AE,cal_target_acc_no_im,cal_target_acc_oracle,cal_target_acc_baseline,cal_target_acc_MLLS,cal_target_acc_RLLS,cal_baseline_AE,cal_MLLS_AE,cal_RLLS_AE,cal_source_acc
46,90.2872777017784,36.50615901455767,36.28219484882419,31.69092945128779,18.029115341545353,30.23516237402016,0.45637131858541974,1.3311790390209899,0.566431013956894,34.49048152295633,34.49048152295633,32.92273236282195,30.68309070548712,32.36282194848824,0.6589601034268058,0.9947134202664829,0.7220626972629365,92.61285909712723
