epoch,source_acc,target_acc_no_im,target_acc_oracle,target_acc_baseline,target_acc_MLLS,target_acc_RLLS,baseline_AE,MLLS_AE,RLLS_AE,multarget_acc_oracle,multarget_acc_baseline,multarget_acc_MLLS,multarget_acc_RLLS
40,84.9076923076923,87.84135240572172,91.93758127438232,90.83224967490247,91.222366710013,90.37711313394018,0.18004347947553306,0.07865137026405686,0.12801126788269998,91.93758127438232,90.83224967490247,91.222366710013,90.37711313394018
