epoch,source_acc,target_acc_no_im,target_acc_oracle,target_acc_baseline,target_acc_MLLS,target_acc_RLLS,baseline_AE,MLLS_AE,RLLS_AE,cal_target_acc_no_im,cal_target_acc_oracle,cal_target_acc_baseline,cal_target_acc_MLLS,cal_target_acc_RLLS,cal_baseline_AE,cal_MLLS_AE,cal_RLLS_AE,cal_source_acc
50,88.91928864569083,36.83168316831683,38.613861386138616,37.227722772277225,37.02970297029703,36.83168316831683,0.45882301915824264,0.5326768166048542,0.47740899578714685,30.495049504950494,30.297029702970296,28.51485148514851,19.207920792079207,27.12871287128713,0.665934863754762,1.3132022999390016,0.6986817447157502,93.296853625171
