epoch,source_acc,target_acc_no_im,target_acc_oracle,target_acc_baseline,target_acc_MLLS,target_acc_RLLS,baseline_AE,MLLS_AE,RLLS_AE,multarget_acc_oracle,multarget_acc_baseline,multarget_acc_MLLS,multarget_acc_RLLS
10,89.64549587951123,64.84517304189436,70.12750455373407,63.20582877959927,61.56648451730419,62.47723132969034,0.6140636727375349,0.6822359378144336,0.6227222659685496,69.58105646630237,62.841530054644814,61.20218579234973,62.47723132969034
