epoch,source_acc,target_acc_no_im,target_acc_oracle,target_acc_baseline,target_acc_MLLS,target_acc_RLLS,baseline_AE,MLLS_AE,RLLS_AE,multarget_acc_oracle,multarget_acc_baseline,multarget_acc_MLLS,multarget_acc_RLLS
40,84.9076923076923,83.53658536585365,82.92682926829268,81.70731707317073,81.70731707317073,81.70731707317073,0.1385674758291826,0.16042243484861973,0.1986539673797842,82.92682926829268,81.70731707317073,81.70731707317073,81.70731707317073
