epoch,source_acc,target_acc_no_im,target_acc_oracle,target_acc_baseline,target_acc_MLLS,target_acc_RLLS,baseline_AE,MLLS_AE,RLLS_AE,cal_target_acc_no_im,cal_target_acc_oracle,cal_target_acc_baseline,cal_target_acc_MLLS,cal_target_acc_RLLS,cal_baseline_AE,cal_MLLS_AE,cal_RLLS_AE,cal_source_acc
40,87.58823529411764,89.19683257918552,89.19683257918552,89.19683257918552,89.25339366515837,89.25339366515837,0.02041004948756274,0.02227750398656901,0.023786622164518677,88.85746606334841,88.85746606334841,88.7443438914027,88.7443438914027,88.7443438914027,0.03739894203403417,0.046582974274368846,0.04703272376326993,87.3529411764706
