epoch,source_acc,target_acc_no_im,target_acc_oracle,target_acc_baseline,target_acc_MLLS,target_acc_RLLS,baseline_AE,MLLS_AE,RLLS_AE,multarget_acc_oracle,multarget_acc_baseline,multarget_acc_MLLS,multarget_acc_RLLS
40,72.5,61.29032258064516,61.29032258064516,61.29032258064516,58.06451612903226,58.06451612903226,0.4210244316190872,0.6319135843255848,0.6600096750022293,61.29032258064516,61.29032258064516,58.06451612903226,58.06451612903226
