epoch,source_acc,target_acc_no_im,target_acc_oracle,target_acc_baseline,target_acc_MLLS,target_acc_RLLS,baseline_AE,MLLS_AE,RLLS_AE,multarget_acc_oracle,multarget_acc_baseline,multarget_acc_MLLS,multarget_acc_RLLS
9,90.08,84.78260869565217,85.78595317725753,84.2809364548495,83.94648829431438,84.11371237458194,0.19667647548376532,0.21604205374812313,0.2222117041017243,85.78595317725753,84.2809364548495,83.94648829431438,84.11371237458194
