epoch,source_acc,target_acc_no_im,target_acc_oracle,target_acc_baseline,target_acc_MLLS,target_acc_RLLS,baseline_AE,MLLS_AE,RLLS_AE,multarget_acc_oracle,multarget_acc_baseline,multarget_acc_MLLS,multarget_acc_RLLS
9,90.09,91.59751037344398,91.59751037344398,91.39004149377593,91.28630705394191,91.49377593360995,0.09361966414941297,0.0989921506845945,0.10107279478751997,91.59751037344398,91.39004149377593,91.28630705394191,91.49377593360995
