epoch,source_acc,target_acc_no_im,target_acc_oracle,target_acc_baseline,target_acc_MLLS,target_acc_RLLS,baseline_AE,MLLS_AE,RLLS_AE,multarget_acc_oracle,multarget_acc_baseline,multarget_acc_MLLS,multarget_acc_RLLS
49,42.44,35.953177257525084,39.130434782608695,30.100334448160538,20.401337792642142,26.755852842809364,0.5260755668766486,1.1839276698191086,0.7207183303582684,39.130434782608695,30.100334448160538,20.401337792642142,26.755852842809364
