epoch,source_acc,target_acc_no_im,target_acc_oracle,target_acc_baseline,target_acc_MLLS,target_acc_RLLS,baseline_AE,MLLS_AE,RLLS_AE,multarget_acc_oracle,multarget_acc_baseline,multarget_acc_MLLS,multarget_acc_RLLS
40,84.9076923076923,87.8048780487805,85.36585365853658,84.5528455284553,84.5528455284553,83.73983739837398,0.1729156879511306,0.17173167614160273,0.18351043981352305,85.36585365853658,84.5528455284553,84.5528455284553,83.73983739837398
