epoch,source_acc,target_acc_no_im,target_acc_oracle,target_acc_baseline,target_acc_MLLS,target_acc_RLLS,baseline_AE,MLLS_AE,RLLS_AE,multarget_acc_oracle,multarget_acc_baseline,multarget_acc_MLLS,multarget_acc_RLLS
39,78.2,80.42773817239144,83.60337005832793,82.24238496435515,82.82566429034348,82.24238496435515,0.2142174734519125,0.11915993701585259,0.15494721338297784,83.60337005832793,82.24238496435515,82.82566429034348,82.24238496435515
