epoch,source_acc,target_acc_no_im,target_acc_oracle,target_acc_baseline,target_acc_MLLS,target_acc_RLLS,baseline_AE,MLLS_AE,RLLS_AE,cal_target_acc_no_im,cal_target_acc_oracle,cal_target_acc_baseline,cal_target_acc_MLLS,cal_target_acc_RLLS,cal_baseline_AE,cal_MLLS_AE,cal_RLLS_AE,cal_source_acc
9,98.76,94.55521472392638,94.32515337423312,94.24846625766872,94.32515337423312,94.24846625766872,0.06101979290140917,0.061126988129747414,0.0611147157502588,94.32515337423312,94.09509202453987,94.09509202453987,94.09509202453987,94.09509202453987,0.06958139088987571,0.06825012114881736,0.06885613617812611,98.75
