epoch,source_acc,target_acc_no_im,target_acc_oracle,target_acc_baseline,target_acc_MLLS,target_acc_RLLS,baseline_AE,MLLS_AE,RLLS_AE,multarget_acc_oracle,multarget_acc_baseline,multarget_acc_MLLS,multarget_acc_RLLS
8,95.7592339261286,84.6938775510204,93.87755102040816,86.73469387755102,85.71428571428571,86.73469387755102,0.3136141802750323,0.2407103549933486,0.2865448138085327,92.85714285714286,87.75510204081633,87.75510204081633,87.75510204081633
