epoch,source_acc,target_acc_no_im,target_acc_oracle,target_acc_baseline,target_acc_MLLS,target_acc_RLLS,baseline_AE,MLLS_AE,RLLS_AE,cal_target_acc_no_im,cal_target_acc_oracle,cal_target_acc_baseline,cal_target_acc_MLLS,cal_target_acc_RLLS,cal_baseline_AE,cal_MLLS_AE,cal_RLLS_AE,cal_source_acc
10,99.63095091647189,37.86738605707795,39.798381371574614,37.76799659236121,37.56921766292773,37.76799659236121,0.6102478827516324,0.6839316940522471,0.6126223889144575,25.457901462444983,25.756069856595197,18.287661507880166,15.305977566377965,18.287661507880166,1.0676390892192555,1.6336509556419834,1.069553330523038,99.96719563701973
