epoch,source_acc,target_acc_no_im,target_acc_oracle,target_acc_baseline,target_acc_MLLS,target_acc_RLLS,baseline_AE,MLLS_AE,RLLS_AE,cal_target_acc_no_im,cal_target_acc_oracle,cal_target_acc_baseline,cal_target_acc_MLLS,cal_target_acc_RLLS,cal_baseline_AE,cal_MLLS_AE,cal_RLLS_AE,cal_source_acc
33,85.11764705882354,60.86956521739131,69.56521739130434,60.86956521739131,60.86956521739131,60.86956521739131,0.5577163304589465,0.6084444598994081,0.6423064714413866,60.86956521739131,69.56521739130434,60.86956521739131,56.52173913043478,60.86956521739131,0.4616397359691884,0.7596282799444768,0.5961978341238556,85.94117647058823
