epoch,source_acc,target_acc_no_im,target_acc_oracle,target_acc_baseline,target_acc_MLLS,target_acc_RLLS,baseline_AE,MLLS_AE,RLLS_AE,cal_target_acc_no_im,cal_target_acc_oracle,cal_target_acc_baseline,cal_target_acc_MLLS,cal_target_acc_RLLS,cal_baseline_AE,cal_MLLS_AE,cal_RLLS_AE,cal_source_acc
46,90.2872777017784,50.4930966469428,51.4792899408284,47.53451676528599,27.021696252465482,46.35108481262327,0.40549481898560913,1.2259826036929646,0.4978160493019549,50.69033530571993,51.28205128205128,47.53451676528599,42.80078895463511,46.35108481262327,0.5585016442529971,0.8015008012530316,0.6230323264448471,92.61285909712723
