epoch,source_acc,target_acc_no_im,target_acc_oracle,target_acc_baseline,target_acc_MLLS,target_acc_RLLS,baseline_AE,MLLS_AE,RLLS_AE,cal_target_acc_no_im,cal_target_acc_oracle,cal_target_acc_baseline,cal_target_acc_MLLS,cal_target_acc_RLLS,cal_baseline_AE,cal_MLLS_AE,cal_RLLS_AE,cal_source_acc
31,86.06153846153846,87.40561763817578,87.70764119601328,87.55662941709453,87.55662941709453,87.7680459075808,0.04995428845545144,0.021211498687271582,0.023261750334192886,86.771368166717,87.82845061914828,87.73784355179704,87.79824826336454,87.7680459075808,0.07624422403840596,0.026135440217120068,0.04127428511045283,85.98461538461538
