epoch,source_acc,target_acc_no_im,target_acc_oracle,target_acc_baseline,target_acc_MLLS,target_acc_RLLS,baseline_AE,MLLS_AE,RLLS_AE,multarget_acc_oracle,multarget_acc_baseline,multarget_acc_MLLS,multarget_acc_RLLS
10,94.87431828433182,52.624572080639034,55.78166603271206,53.27120578166603,53.38531761125903,53.30924305819703,0.4409681909358764,0.5280090213394428,0.45154160105758,55.05895777862305,52.24419931532902,52.51046025104602,52.24419931532902
