epoch,source_acc,target_acc_no_im,target_acc_oracle,target_acc_baseline,target_acc_MLLS,target_acc_RLLS,baseline_AE,MLLS_AE,RLLS_AE,multarget_acc_oracle,multarget_acc_baseline,multarget_acc_MLLS,multarget_acc_RLLS
39,79.88333333333333,68.88888888888889,68.88888888888889,68.88888888888889,65.55555555555556,66.66666666666666,0.32990762891196135,0.3722978122118431,0.39019204532574037,68.88888888888889,68.88888888888889,65.55555555555556,66.66666666666666
