epoch,source_acc,target_acc_no_im,target_acc_oracle,target_acc_baseline,target_acc_MLLS,target_acc_RLLS,baseline_AE,MLLS_AE,RLLS_AE,multarget_acc_oracle,multarget_acc_baseline,multarget_acc_MLLS,multarget_acc_RLLS
4,69.19,67.3559822747415,73.55982274741507,65.28803545051699,63.8109305760709,53.61890694239291,0.5719673707916166,0.3718170844571475,0.6888848714712004,73.55982274741507,65.28803545051699,63.8109305760709,53.61890694239291
