epoch,source_acc,target_acc_no_im,target_acc_oracle,target_acc_baseline,target_acc_MLLS,target_acc_RLLS,baseline_AE,MLLS_AE,RLLS_AE,multarget_acc_oracle,multarget_acc_baseline,multarget_acc_MLLS,multarget_acc_RLLS
10,98.03076923076924,82.11382113821138,83.73983739837398,83.73983739837398,83.73983739837398,83.73983739837398,0.15712957143238404,0.14590968390002965,0.1556638753965298,83.73983739837398,83.73983739837398,83.73983739837398,83.73983739837398
