epoch,source_acc,target_acc_no_im,target_acc_oracle,target_acc_baseline,target_acc_MLLS,target_acc_RLLS,baseline_AE,MLLS_AE,RLLS_AE,cal_target_acc_no_im,cal_target_acc_oracle,cal_target_acc_baseline,cal_target_acc_MLLS,cal_target_acc_RLLS,cal_baseline_AE,cal_MLLS_AE,cal_RLLS_AE,cal_source_acc
10,97.03333333333333,73.33333333333333,73.33333333333333,72.91666666666666,72.91666666666666,72.91666666666666,0.16964095830917358,0.1954044047743082,0.17999817935813783,72.91666666666666,72.91666666666666,72.91666666666666,71.66666666666667,72.5,0.1875010042140881,0.26355108109613257,0.19666536488132863,97.3
