epoch,source_acc,target_acc_no_im,target_acc_oracle,target_acc_baseline,target_acc_MLLS,target_acc_RLLS,baseline_AE,MLLS_AE,RLLS_AE,multarget_acc_oracle,multarget_acc_baseline,multarget_acc_MLLS,multarget_acc_RLLS
10,99.43412473859024,24.180036916086895,25.23072554309243,19.480335084481045,16.75422405225046,19.43773959960244,1.0703152487176189,1.4931564707598453,1.0855900192404777,24.81896918926594,19.380945619764304,16.669033082493257,19.295754650007098
