epoch,source_acc,target_acc_no_im,target_acc_oracle,target_acc_baseline,target_acc_MLLS,target_acc_RLLS,baseline_AE,MLLS_AE,RLLS_AE,cal_target_acc_no_im,cal_target_acc_oracle,cal_target_acc_baseline,cal_target_acc_MLLS,cal_target_acc_RLLS,cal_baseline_AE,cal_MLLS_AE,cal_RLLS_AE,cal_source_acc
9,90.09,80.58510638297872,85.37234042553192,82.97872340425532,83.51063829787235,83.24468085106383,0.25627906168563913,0.22670971908788193,0.25219078496720065,78.98936170212765,84.8404255319149,82.4468085106383,82.7127659574468,81.91489361702128,0.29557808228068133,0.24962976527959696,0.26148510214009835,90.48
