epoch,source_acc,cal_source_acc
1,98.14245294624186,98.14245294624186
2,99.2413991060811,99.2413991060811
3,99.51613564604092,99.51613564604092
4,99.762168368393,99.762168368393
5,99.80727436749088,99.80727436749088
6,99.85238036658876,99.85238036658876
7,99.88518472956903,99.88518472956903
8,99.9056874564317,99.9056874564317
9,99.93849181941198,99.93849181941198
10,99.95079345552959,99.95079345552959
