epoch,source_acc,target_acc_no_im,target_acc_oracle,target_acc_baseline,target_acc_MLLS,target_acc_RLLS,baseline_AE,MLLS_AE,RLLS_AE,cal_target_acc_no_im,cal_target_acc_oracle,cal_target_acc_baseline,cal_target_acc_MLLS,cal_target_acc_RLLS,cal_baseline_AE,cal_MLLS_AE,cal_RLLS_AE,cal_source_acc
10,99.51728247914183,92.19137332672285,93.08378780366881,92.83589489340605,92.8854734754586,92.8854734754586,0.14146527614727078,0.12513077225818692,0.13537597265505122,92.66236985622211,94.89340604858701,94.39762022806147,94.59593455627169,94.44719881011403,0.13686278429164944,0.07488162782325802,0.12787983344801393,99.53516090584029
