epoch,source_acc,target_acc_no_im,target_acc_oracle,target_acc_baseline,target_acc_MLLS,target_acc_RLLS,baseline_AE,MLLS_AE,RLLS_AE,cal_target_acc_no_im,cal_target_acc_oracle,cal_target_acc_baseline,cal_target_acc_MLLS,cal_target_acc_RLLS,cal_baseline_AE,cal_MLLS_AE,cal_RLLS_AE,cal_source_acc
41,91.13,77.08119218910586,77.5950668036999,77.18396711202466,77.18396711202466,77.18396711202466,0.22972574789854264,0.2246599044355986,0.21803965294053237,77.80061664953752,78.82836587872559,76.87564234326825,75.84789311408016,76.56731757451182,0.1922793896660163,0.30390621646511284,0.2240955533269801,92.28
