epoch,source_acc,target_acc_no_im,target_acc_oracle,target_acc_baseline,target_acc_MLLS,target_acc_RLLS,baseline_AE,MLLS_AE,RLLS_AE,cal_target_acc_no_im,cal_target_acc_oracle,cal_target_acc_baseline,cal_target_acc_MLLS,cal_target_acc_RLLS,cal_baseline_AE,cal_MLLS_AE,cal_RLLS_AE,cal_source_acc
41,86.57000000000001,80.20679468242245,82.27474150664698,80.94534711964549,81.0930576070901,81.24076809453472,0.32248657222622606,0.2911285201811192,0.2498061554408429,90.98966026587888,91.72821270310192,92.17134416543574,91.87592319054653,91.87592319054653,0.11008283606506171,0.030411367700125685,0.028193112407598676,91.06
