epoch,source_acc,target_acc_no_im,target_acc_oracle,target_acc_baseline,target_acc_MLLS,target_acc_RLLS,baseline_AE,MLLS_AE,RLLS_AE,multarget_acc_oracle,multarget_acc_baseline,multarget_acc_MLLS,multarget_acc_RLLS
10,99.43412473859024,30.020718232044196,29.62707182320442,24.972375690607734,22.037292817679557,24.88950276243094,0.8774319220101461,1.371694927383037,0.9062124759738176,29.661602209944753,25.16574585635359,22.18232044198895,25.04834254143646
