epoch,source_acc,target_acc_no_im,target_acc_oracle,target_acc_baseline,target_acc_MLLS,target_acc_RLLS,baseline_AE,MLLS_AE,RLLS_AE,cal_target_acc_no_im,cal_target_acc_oracle,cal_target_acc_baseline,cal_target_acc_MLLS,cal_target_acc_RLLS,cal_baseline_AE,cal_MLLS_AE,cal_RLLS_AE,cal_source_acc
46,90.2872777017784,37.096774193548384,49.193548387096776,38.70967741935484,34.67741935483871,40.32258064516129,0.7303456684364186,1.0498516538768217,0.7278880449498267,39.516129032258064,43.54838709677419,38.70967741935484,40.32258064516129,39.516129032258064,0.7432525360193817,0.9419840374474231,0.757192979912763,92.61285909712723
