epoch,source_acc,target_acc_no_im,target_acc_oracle,target_acc_baseline,target_acc_MLLS,target_acc_RLLS,baseline_AE,MLLS_AE,RLLS_AE,multarget_acc_oracle,multarget_acc_baseline,multarget_acc_MLLS,multarget_acc_RLLS
40,73.38461538461539,45.16129032258064,51.61290322580645,41.935483870967744,41.935483870967744,38.70967741935484,0.5535872572612377,0.7914385937306281,0.6466888912635806,51.61290322580645,41.935483870967744,41.935483870967744,38.70967741935484
