epoch,source_acc,target_acc_no_im,target_acc_oracle,target_acc_baseline,target_acc_MLLS,target_acc_RLLS,baseline_AE,MLLS_AE,RLLS_AE,cal_target_acc_no_im,cal_target_acc_oracle,cal_target_acc_baseline,cal_target_acc_MLLS,cal_target_acc_RLLS,cal_baseline_AE,cal_MLLS_AE,cal_RLLS_AE,cal_source_acc
8,95.80154946364719,59.34341674217607,59.41311772495992,59.48978880602217,59.53160939569248,59.50372900257893,0.15719187705244447,0.21858113986401767,0.18818857265543554,61.803861434446226,61.782951139611065,61.260193768732144,59.84526381821984,61.07200111521573,0.45325117258753206,0.7733175451574762,0.5108792051245459,97.10965435041716
