epoch,source_acc,target_acc_no_im,target_acc_oracle,target_acc_baseline,target_acc_MLLS,target_acc_RLLS,baseline_AE,MLLS_AE,RLLS_AE,cal_target_acc_no_im,cal_target_acc_oracle,cal_target_acc_baseline,cal_target_acc_MLLS,cal_target_acc_RLLS,cal_baseline_AE,cal_MLLS_AE,cal_RLLS_AE,cal_source_acc
41,90.86,80.88386433710176,81.19218910585818,80.88386433710176,80.88386433710176,80.88386433710176,0.19144123727178156,0.1849081994006592,0.17915278900989853,82.01438848920863,82.11716341212744,82.01438848920863,80.98663926002055,81.6032887975334,0.1565864723451428,0.20427101296693365,0.15417622723953114,92.30000000000001
