epoch,source_acc,target_acc_no_im,target_acc_oracle,target_acc_baseline,target_acc_MLLS,target_acc_RLLS,baseline_AE,MLLS_AE,RLLS_AE,multarget_acc_oracle,multarget_acc_baseline,multarget_acc_MLLS,multarget_acc_RLLS
10,99.43412473859024,99.40993279790197,99.40993279790197,99.40993279790197,99.40993279790197,99.40993279790197,0.008372804295614156,0.008397778641775044,0.008623674100462754,99.42632355351581,99.40993279790197,99.40993279790197,99.40993279790197
