epoch,source_acc,target_acc_no_im,target_acc_oracle,target_acc_baseline,target_acc_MLLS,target_acc_RLLS,baseline_AE,MLLS_AE,RLLS_AE,cal_target_acc_no_im,cal_target_acc_oracle,cal_target_acc_baseline,cal_target_acc_MLLS,cal_target_acc_RLLS,cal_baseline_AE,cal_MLLS_AE,cal_RLLS_AE,cal_source_acc
10,99.36031492188461,35.547526403557534,45.77543079488605,36.60366870483602,37.242912729294055,36.631461923290715,0.9276524025567908,0.8612465186913257,0.9234828967913526,32.37909949972207,50.38910505836576,24.763757643135076,17.481934408004445,24.763757643135076,1.019417821234501,1.462378401170601,1.019331047210819,99.96309509164719
