epoch,source_acc,target_acc_no_im,target_acc_oracle,target_acc_baseline,target_acc_MLLS,target_acc_RLLS,baseline_AE,MLLS_AE,RLLS_AE,cal_target_acc_no_im,cal_target_acc_oracle,cal_target_acc_baseline,cal_target_acc_MLLS,cal_target_acc_RLLS,cal_baseline_AE,cal_MLLS_AE,cal_RLLS_AE,cal_source_acc
46,90.2872777017784,71.71492204899778,71.49220489977728,69.82182628062361,58.01781737193764,67.81737193763921,0.20741730255338225,0.6477429682730194,0.27614042920108706,67.26057906458797,67.26057906458797,67.03786191536749,64.3652561247216,66.03563474387528,0.3122123978497411,0.46084436257755,0.346357115187076,92.61285909712723
