epoch,source_acc,target_acc_no_im,target_acc_oracle,target_acc_baseline,target_acc_MLLS,target_acc_RLLS,baseline_AE,MLLS_AE,RLLS_AE,cal_target_acc_no_im,cal_target_acc_oracle,cal_target_acc_baseline,cal_target_acc_MLLS,cal_target_acc_RLLS,cal_baseline_AE,cal_MLLS_AE,cal_RLLS_AE,cal_source_acc
20,79.26257459505541,44.35923309788093,46.25630676084763,43.86478304742684,43.40060544904137,43.713420787083756,0.5156632187699735,0.6707719486583512,0.5702527828963375,43.75378405650858,44.71241170534813,40.46417759838547,30.585267406659938,38.32492431886983,0.5575524999249467,1.176223778014252,0.6815062384426738,81.58212560386472
