epoch,source_acc,target_acc_no_im,target_acc_oracle,target_acc_baseline,target_acc_MLLS,target_acc_RLLS,baseline_AE,MLLS_AE,RLLS_AE,multarget_acc_oracle,multarget_acc_baseline,multarget_acc_MLLS,multarget_acc_RLLS
28,50.8342897501545,55.22904062229905,61.7113223854797,58.42696629213483,59.80985306828004,57.64909248055316,0.41381671225439975,0.25909512509777377,0.4092025188307466,59.204840103716506,56.52549697493517,57.13050993949871,55.834053586862574
