epoch,source_acc,target_acc_no_im,target_acc_oracle,target_acc_baseline,target_acc_MLLS,target_acc_RLLS,baseline_AE,MLLS_AE,RLLS_AE,cal_target_acc_no_im,cal_target_acc_oracle,cal_target_acc_baseline,cal_target_acc_MLLS,cal_target_acc_RLLS,cal_baseline_AE,cal_MLLS_AE,cal_RLLS_AE,cal_source_acc
20,80.29624893435636,78.94135567402894,79.0936785986291,78.52246763137852,78.40822543792841,78.52246763137852,0.16832928047053827,0.17192843262515198,0.20166990259575424,79.66488956587966,80.12185833968012,79.58872810357958,79.28408225437929,79.51256664127952,0.1420579304211625,0.19482027504313124,0.1915763025558375,81.15231599886332
