epoch,source_acc,target_acc_no_im,target_acc_oracle,target_acc_baseline,target_acc_MLLS,target_acc_RLLS,baseline_AE,MLLS_AE,RLLS_AE,multarget_acc_oracle,multarget_acc_baseline,multarget_acc_MLLS,multarget_acc_RLLS
40,86.50769230769231,87.77633289986996,91.87256176853056,91.15734720416124,91.74252275682704,91.41742522756827,0.15898529025853186,0.038837148600024074,0.06809596155626016,91.87256176853056,91.15734720416124,91.74252275682704,91.41742522756827
