epoch,source_acc,target_acc_no_im,target_acc_oracle,target_acc_baseline,target_acc_MLLS,target_acc_RLLS,baseline_AE,MLLS_AE,RLLS_AE,multarget_acc_oracle,multarget_acc_baseline,multarget_acc_MLLS,multarget_acc_RLLS
10,97.03333333333333,60.86956521739131,82.6086956521739,65.21739130434783,65.21739130434783,65.21739130434783,0.7295857074504768,0.5940498126171265,0.719818841652698,82.6086956521739,65.21739130434783,65.21739130434783,65.21739130434783
