epoch,source_acc,target_acc_no_im,target_acc_oracle,target_acc_baseline,target_acc_MLLS,target_acc_RLLS,baseline_AE,MLLS_AE,RLLS_AE,multarget_acc_oracle,multarget_acc_baseline,multarget_acc_MLLS,multarget_acc_RLLS
10,99.52026221692492,99.33233410546396,99.41408911295817,99.41408911295817,99.41408911295817,99.41408911295817,0.010331009221362847,0.007974032950687188,0.003730265242928771,99.41408911295817,99.40046327837581,99.40046327837581,99.41408911295817
