epoch,source_acc,target_acc_no_im,target_acc_oracle,target_acc_baseline,target_acc_MLLS,target_acc_RLLS,baseline_AE,MLLS_AE,RLLS_AE,cal_target_acc_no_im,cal_target_acc_oracle,cal_target_acc_baseline,cal_target_acc_MLLS,cal_target_acc_RLLS,cal_baseline_AE,cal_MLLS_AE,cal_RLLS_AE,cal_source_acc
10,99.51728247914183,94.1853135833596,94.16955562559093,94.1853135833596,94.1853135833596,94.1853135833596,0.03534815597338814,0.03784520315928597,0.036618747830283016,94.23258745666561,94.20107154112827,94.16955562559093,94.15379766782225,94.16955562559093,0.017345973728133623,0.02693355965418953,0.018938184734701546,99.53516090584029
