epoch,source_acc,target_acc_no_im,target_acc_oracle,target_acc_baseline,target_acc_MLLS,target_acc_RLLS,baseline_AE,MLLS_AE,RLLS_AE,multarget_acc_oracle,multarget_acc_baseline,multarget_acc_MLLS,multarget_acc_RLLS
40,73.03846153846155,55.55555555555556,77.77777777777779,55.55555555555556,66.66666666666666,66.66666666666666,0.7492868048397617,0.6666666834249858,0.7509939072904284,77.77777777777779,55.55555555555556,66.66666666666666,66.66666666666666
