epoch,source_acc,target_acc_no_im,target_acc_oracle,target_acc_baseline,target_acc_MLLS,target_acc_RLLS,baseline_AE,MLLS_AE,RLLS_AE,cal_target_acc_no_im,cal_target_acc_oracle,cal_target_acc_baseline,cal_target_acc_MLLS,cal_target_acc_RLLS,cal_baseline_AE,cal_MLLS_AE,cal_RLLS_AE,cal_source_acc
10,98.03076923076924,96.7479674796748,95.9349593495935,95.9349593495935,95.9349593495935,95.9349593495935,0.05217592512840419,0.04947937933379798,0.05576293468394939,94.3089430894309,95.1219512195122,95.1219512195122,95.1219512195122,95.1219512195122,0.06622492649963474,0.059602154433969545,0.06791429494203438,98.15384615384616
