epoch,source_acc,target_acc_no_im,target_acc_oracle,target_acc_baseline,target_acc_MLLS,target_acc_RLLS,baseline_AE,MLLS_AE,RLLS_AE,cal_target_acc_no_im,cal_target_acc_oracle,cal_target_acc_baseline,cal_target_acc_MLLS,cal_target_acc_RLLS,cal_baseline_AE,cal_MLLS_AE,cal_RLLS_AE,cal_source_acc
50,89.87688098495212,65.81291759465479,67.14922048997772,65.81291759465479,66.25835189309576,66.03563474387528,0.24179384610688268,0.2620552512236305,0.262085382201164,65.03340757238307,64.47661469933185,62.1380846325167,53.11804008908686,60.91314031180401,0.33641620076138046,0.6641547371538585,0.4014729986773291,93.16005471956224
