epoch,source_acc,target_acc_no_im,target_acc_oracle,target_acc_baseline,target_acc_MLLS,target_acc_RLLS,baseline_AE,MLLS_AE,RLLS_AE,multarget_acc_oracle,multarget_acc_baseline,multarget_acc_MLLS,multarget_acc_RLLS
15,65.14634839443023,38.67854491462509,50.25983667409057,40.60876020786934,31.997030438010395,41.27691165553081,0.8872419008456129,1.211492904674655,0.8202470602317534,49.74016332590943,39.42093541202672,37.49072011878248,39.71789161098738
