epoch,source_acc,target_acc_no_im,target_acc_oracle,target_acc_baseline,target_acc_MLLS,target_acc_RLLS,baseline_AE,MLLS_AE,RLLS_AE,multarget_acc_oracle,multarget_acc_baseline,multarget_acc_MLLS,multarget_acc_RLLS
7,99.48743182843319,66.17341874943608,66.10123612740233,63.81846070558513,62.89813227465487,63.78236939456826,0.4790041896149561,0.5942529179256454,0.4837807518668127,65.55084363439502,63.32220517910313,62.356762609401784,63.29513669584048
