epoch,source_acc,target_acc_no_im,target_acc_oracle,target_acc_baseline,target_acc_MLLS,target_acc_RLLS,baseline_AE,MLLS_AE,RLLS_AE,cal_target_acc_no_im,cal_target_acc_oracle,cal_target_acc_baseline,cal_target_acc_MLLS,cal_target_acc_RLLS,cal_baseline_AE,cal_MLLS_AE,cal_RLLS_AE,cal_source_acc
40,86.3529411764706,36.55616942909761,47.974217311233886,37.75322283609576,37.84530386740331,38.02946593001841,1.0033852719525167,0.9691933282474348,0.9524658775847286,54.69613259668509,68.78453038674033,62.79926335174954,67.12707182320442,64.08839779005525,0.684607004822261,0.28854555275666965,0.5663865631191245,87.94117647058823
