epoch,source_acc,target_acc_no_im,target_acc_oracle,target_acc_baseline,target_acc_MLLS,target_acc_RLLS,baseline_AE,MLLS_AE,RLLS_AE,cal_target_acc_no_im,cal_target_acc_oracle,cal_target_acc_baseline,cal_target_acc_MLLS,cal_target_acc_RLLS,cal_baseline_AE,cal_MLLS_AE,cal_RLLS_AE,cal_source_acc
44,94.43,84.73926380368098,84.89263803680981,83.12883435582822,82.28527607361963,82.82208588957054,0.20396003984143396,0.269402896242639,0.23535588509497354,84.3558282208589,84.43251533742331,81.82515337423312,80.98159509202453,81.6717791411043,0.21699254326750894,0.29727143906285425,0.2525812628765669,94.42
