epoch,source_acc,target_acc_no_im,target_acc_oracle,target_acc_baseline,target_acc_MLLS,target_acc_RLLS,baseline_AE,MLLS_AE,RLLS_AE,cal_target_acc_no_im,cal_target_acc_oracle,cal_target_acc_baseline,cal_target_acc_MLLS,cal_target_acc_RLLS,cal_baseline_AE,cal_MLLS_AE,cal_RLLS_AE,cal_source_acc
10,97.1275327771156,97.08216234088279,97.08216234088279,97.08216234088279,97.08216234088279,97.08216234088279,0.0032279274496762045,0.00477714157435577,0.004769552127669274,97.08216234088279,97.09042816994544,97.07389651182014,97.07389651182014,97.07389651182014,0.002442636254760433,0.0036159238848416098,0.0037153250435716934,97.12455303933254
