epoch,source_acc,target_acc_no_im,target_acc_oracle,target_acc_baseline,target_acc_MLLS,target_acc_RLLS,baseline_AE,MLLS_AE,RLLS_AE,multarget_acc_oracle,multarget_acc_baseline,multarget_acc_MLLS,multarget_acc_RLLS
49,81.3953488372093,64.24581005586593,67.59776536312849,63.40782122905028,54.46927374301676,62.56983240223464,0.29091846204867494,0.7403213318607084,0.3318444015429052,63.687150837988824,61.1731843575419,54.7486033519553,60.614525139664806
