epoch,source_acc,target_acc_no_im,target_acc_oracle,target_acc_baseline,target_acc_MLLS,target_acc_RLLS,baseline_AE,MLLS_AE,RLLS_AE,multarget_acc_oracle,multarget_acc_baseline,multarget_acc_MLLS,multarget_acc_RLLS
28,50.61357817603955,45.285625474891205,45.610278372591004,45.11293776334876,44.926435034882914,42.943980106375626,0.21147172434938838,0.26850643978386635,0.4233046566493444,44.39455688333218,43.489673274849764,43.655453477930514,41.87331629481246
