epoch,source_acc,target_acc_no_im,target_acc_oracle,target_acc_baseline,target_acc_MLLS,target_acc_RLLS,baseline_AE,MLLS_AE,RLLS_AE,cal_target_acc_no_im,cal_target_acc_oracle,cal_target_acc_baseline,cal_target_acc_MLLS,cal_target_acc_RLLS,cal_baseline_AE,cal_MLLS_AE,cal_RLLS_AE,cal_source_acc
10,98.03076923076924,83.72553876641071,84.18379985137479,83.91751300470646,83.9670547436215,83.92989843943522,0.12502724890488046,0.12001541775510782,0.12445039198797678,81.96680703492693,83.13723061679464,82.67277681446619,82.84617290066882,82.68516224919495,0.16018723804436316,0.13956823378500516,0.15806823592983282,98.15384615384616
