epoch,source_acc,target_acc_no_im,target_acc_oracle,target_acc_baseline,target_acc_MLLS,target_acc_RLLS,baseline_AE,MLLS_AE,RLLS_AE,cal_target_acc_no_im,cal_target_acc_oracle,cal_target_acc_baseline,cal_target_acc_MLLS,cal_target_acc_RLLS,cal_baseline_AE,cal_MLLS_AE,cal_RLLS_AE,cal_source_acc
50,85.77291381668947,20.588235294117645,44.11764705882353,20.588235294117645,20.588235294117645,20.588235294117645,1.4693670862482793,1.4731654943912575,1.5174732546872354,32.35294117647059,38.23529411764706,29.411764705882355,26.47058823529412,29.411764705882355,1.2003406012065714,1.4321832145227185,1.195897377503012,91.38166894664843
