epoch,source_acc,target_acc_no_im,target_acc_oracle,target_acc_baseline,target_acc_MLLS,target_acc_RLLS,baseline_AE,MLLS_AE,RLLS_AE,multarget_acc_oracle,multarget_acc_baseline,multarget_acc_MLLS,multarget_acc_RLLS
49,42.44,16.59751037344398,16.59751037344398,12.136929460580912,6.327800829875518,12.136929460580912,0.4155998307809667,1.7437797031449735,0.5947749542606818,16.59751037344398,12.136929460580912,6.327800829875518,12.136929460580912
