epoch,source_acc,target_acc_no_im,target_acc_oracle,target_acc_baseline,target_acc_MLLS,target_acc_RLLS,baseline_AE,MLLS_AE,RLLS_AE,multarget_acc_oracle,multarget_acc_baseline,multarget_acc_MLLS,multarget_acc_RLLS
40,86.29230769230769,65.59690716847547,66.09530020028879,65.81582747216918,65.90432716940705,65.84377474498113,0.14246458669788564,0.13680797924883092,0.14094929941546758,66.09530020028879,65.81582747216918,65.90432716940705,65.84377474498113
