epoch,source_acc,target_acc_no_im,target_acc_oracle,target_acc_baseline,target_acc_MLLS,target_acc_RLLS,baseline_AE,MLLS_AE,RLLS_AE,multarget_acc_oracle,multarget_acc_baseline,multarget_acc_MLLS,multarget_acc_RLLS
7,98.82352941176471,98.55371900826447,98.55371900826447,98.55371900826447,98.55371900826447,98.55371900826447,0.020642402548196714,0.019633453445617587,0.025999565326966484,98.55371900826447,98.55371900826447,98.55371900826447,98.55371900826447
