epoch,source_acc,target_acc_no_im,target_acc_oracle,target_acc_baseline,target_acc_MLLS,target_acc_RLLS,baseline_AE,MLLS_AE,RLLS_AE,multarget_acc_oracle,multarget_acc_baseline,multarget_acc_MLLS,multarget_acc_RLLS
7,66.91974927165181,68.47635726795096,68.82661996497373,68.38879159369527,68.60770577933451,68.16987740805604,0.10418466560680914,0.1186640987576161,0.22479817036699842,68.47635726795096,68.25744308231172,68.1260945709282,67.29422066549913
