epoch,source_acc,target_acc_no_im,target_acc_oracle,target_acc_baseline,target_acc_MLLS,target_acc_RLLS,baseline_AE,MLLS_AE,RLLS_AE,multarget_acc_oracle,multarget_acc_baseline,multarget_acc_MLLS,multarget_acc_RLLS
40,72.5,48.38709677419355,48.38709677419355,45.16129032258064,38.70967741935484,41.935483870967744,0.5676281031731876,0.9371732880000867,0.6751055707200517,48.38709677419355,45.16129032258064,38.70967741935484,41.935483870967744
