epoch,source_acc,target_acc_no_im,target_acc_oracle,target_acc_baseline,target_acc_MLLS,target_acc_RLLS,baseline_AE,MLLS_AE,RLLS_AE,cal_target_acc_no_im,cal_target_acc_oracle,cal_target_acc_baseline,cal_target_acc_MLLS,cal_target_acc_RLLS,cal_baseline_AE,cal_MLLS_AE,cal_RLLS_AE,cal_source_acc
8,95.7592339261286,65.14851485148515,65.74257425742574,63.76237623762376,62.57425742574257,63.366336633663366,0.3559322177393288,0.5193360562416688,0.3909750710904026,56.43564356435643,57.62376237623762,53.26732673267327,49.9009900990099,52.87128712871287,0.5862680274888976,0.836310151588167,0.6230030772954259,96.58002735978111
