epoch,source_acc,target_acc_no_im,target_acc_oracle,target_acc_baseline,target_acc_MLLS,target_acc_RLLS,baseline_AE,MLLS_AE,RLLS_AE,cal_target_acc_no_im,cal_target_acc_oracle,cal_target_acc_baseline,cal_target_acc_MLLS,cal_target_acc_RLLS,cal_baseline_AE,cal_MLLS_AE,cal_RLLS_AE,cal_source_acc
40,83.6470588235294,72.31404958677686,76.03305785123968,72.93388429752066,73.34710743801654,73.7603305785124,0.48552454010514184,0.42900584571925565,0.3269750282865448,84.71074380165288,86.36363636363636,86.15702479338843,85.9504132231405,85.9504132231405,0.18506510675815513,0.08469277240828861,0.09256216128635797,87.29411764705883
