epoch,source_acc,target_acc_no_im,target_acc_oracle,target_acc_baseline,target_acc_MLLS,target_acc_RLLS,baseline_AE,MLLS_AE,RLLS_AE,multarget_acc_oracle,multarget_acc_baseline,multarget_acc_MLLS,multarget_acc_RLLS
40,87.0,73.17073170731707,82.92682926829268,78.04878048780488,79.26829268292683,78.04878048780488,0.3429594702689295,0.25763503921490793,0.2996159306047815,82.92682926829268,78.04878048780488,79.26829268292683,78.04878048780488
