epoch,source_acc,target_acc_no_im,target_acc_oracle,target_acc_baseline,target_acc_MLLS,target_acc_RLLS,baseline_AE,MLLS_AE,RLLS_AE,cal_target_acc_no_im,cal_target_acc_oracle,cal_target_acc_baseline,cal_target_acc_MLLS,cal_target_acc_RLLS,cal_baseline_AE,cal_MLLS_AE,cal_RLLS_AE,cal_source_acc
31,86.06153846153846,69.81132075471697,77.35849056603774,69.81132075471697,69.81132075471697,69.81132075471697,0.3994249985509394,0.39733738009404307,0.38193746192573147,69.81132075471697,79.24528301886792,69.81132075471697,71.69811320754717,71.69811320754717,0.3983376063582188,0.37186709534865836,0.36154236062165557,85.98461538461538
