epoch,source_acc,target_acc_no_im,target_acc_oracle,target_acc_baseline,target_acc_MLLS,target_acc_RLLS,baseline_AE,MLLS_AE,RLLS_AE,multarget_acc_oracle,multarget_acc_baseline,multarget_acc_MLLS,multarget_acc_RLLS
39,79.91666666666667,52.083333333333336,52.083333333333336,51.66666666666667,50.416666666666664,51.66666666666667,0.18966421696046987,0.3479759936236102,0.25609810809009187,52.083333333333336,51.66666666666667,50.416666666666664,51.66666666666667
