epoch,source_acc,target_acc_no_im,target_acc_oracle,target_acc_baseline,target_acc_MLLS,target_acc_RLLS,baseline_AE,MLLS_AE,RLLS_AE,multarget_acc_oracle,multarget_acc_baseline,multarget_acc_MLLS,multarget_acc_RLLS
4,78.05,81.14406779661016,86.22881355932203,88.13559322033898,79.66101694915254,86.01694915254238,0.7654270354847786,0.24634653535055834,0.23797269803240523,86.22881355932203,88.13559322033898,79.66101694915254,86.01694915254238
