epoch,source_acc,target_acc_no_im,target_acc_oracle,target_acc_baseline,target_acc_MLLS,target_acc_RLLS,baseline_AE,MLLS_AE,RLLS_AE,multarget_acc_oracle,multarget_acc_baseline,multarget_acc_MLLS,multarget_acc_RLLS
40,77.17647058823529,49.50407368048176,50.336521431101666,49.132128940843074,48.9727240524265,49.07899397803755,0.22051153870796297,0.2695427532055426,0.2755538229108389,50.336521431101666,49.132128940843074,48.9727240524265,49.07899397803755
