epoch,source_acc,target_acc_no_im,target_acc_oracle,target_acc_baseline,target_acc_MLLS,target_acc_RLLS,baseline_AE,MLLS_AE,RLLS_AE,multarget_acc_oracle,multarget_acc_baseline,multarget_acc_MLLS,multarget_acc_RLLS
4,69.19,58.89830508474576,77.96610169491525,55.932203389830505,59.11016949152542,48.30508474576271,0.8381947339591332,0.4177725595474142,0.7411096833318932,77.96610169491525,55.932203389830505,59.11016949152542,48.30508474576271
