epoch,source_acc,target_acc_no_im,target_acc_oracle,target_acc_baseline,target_acc_MLLS,target_acc_RLLS,baseline_AE,MLLS_AE,RLLS_AE,multarget_acc_oracle,multarget_acc_baseline,multarget_acc_MLLS,multarget_acc_RLLS
8,97.19904648390941,85.58146864166403,85.15600378190986,85.36085723290262,85.26630948629058,85.29782540182792,0.028833350660370405,0.00882654500202995,0.02122305617185488,85.12448786637252,85.29782540182792,85.17176173967854,85.28206744405925
