epoch,source_acc,target_acc_no_im,target_acc_oracle,target_acc_baseline,target_acc_MLLS,target_acc_RLLS,baseline_AE,MLLS_AE,RLLS_AE,multarget_acc_oracle,multarget_acc_baseline,multarget_acc_MLLS,multarget_acc_RLLS
8,97.19904648390941,53.252544837615126,64.14929714008724,51.09064469219583,49.45225399903054,50.75133301017936,0.8112155288038934,0.9079054683027947,0.8302232358773208,64.02326708676685,50.916141541444496,49.3456131846825,50.59621909840038
