epoch,source_acc,target_acc_no_im,target_acc_oracle,target_acc_baseline,target_acc_MLLS,target_acc_RLLS,baseline_AE,MLLS_AE,RLLS_AE,multarget_acc_oracle,multarget_acc_baseline,multarget_acc_MLLS,multarget_acc_RLLS
10,99.50536352800954,95.39736656477781,95.39736656477781,95.36209734305197,95.36209734305197,95.36209734305197,0.05652734637260437,0.05733904242515564,0.0570046067520093,95.39736656477781,95.35621913943099,95.35034093581002,95.35034093581002
