epoch,source_acc,target_acc_no_im,target_acc_oracle,target_acc_baseline,target_acc_MLLS,target_acc_RLLS,baseline_AE,MLLS_AE,RLLS_AE,multarget_acc_oracle,multarget_acc_baseline,multarget_acc_MLLS,multarget_acc_RLLS
39,78.2,65.41666666666667,65.41666666666667,63.74999999999999,63.33333333333333,63.33333333333333,0.18947001410027348,0.24445238150656223,0.2604589551792461,65.41666666666667,63.74999999999999,63.33333333333333,63.33333333333333
