epoch,source_acc,target_acc_no_im,target_acc_oracle,target_acc_baseline,target_acc_MLLS,target_acc_RLLS,baseline_AE,MLLS_AE,RLLS_AE,cal_target_acc_no_im,cal_target_acc_oracle,cal_target_acc_baseline,cal_target_acc_MLLS,cal_target_acc_RLLS,cal_baseline_AE,cal_MLLS_AE,cal_RLLS_AE,cal_source_acc
10,89.65260017050298,59.23840360385725,61.38523263180122,56.80298444428803,53.663686914901106,56.22580418103752,0.5164956348323061,0.7156669400291678,0.5673843411377628,58.72457239389034,60.463151967340046,54.80396987400577,48.82804251425354,54.29013866403886,0.5366861869269847,0.857914156767761,0.5943971414113111,89.81244671781756
