epoch,source_acc,target_acc_no_im,target_acc_oracle,target_acc_baseline,target_acc_MLLS,target_acc_RLLS,baseline_AE,MLLS_AE,RLLS_AE,multarget_acc_oracle,multarget_acc_baseline,multarget_acc_MLLS,multarget_acc_RLLS
10,98.03076923076924,97.5609756097561,96.95121951219512,96.95121951219512,96.95121951219512,96.95121951219512,0.03932280211550434,0.03804895554373904,0.04121508281959182,96.95121951219512,96.95121951219512,96.95121951219512,96.95121951219512
