epoch,source_acc,target_acc_no_im,target_acc_oracle,target_acc_baseline,target_acc_MLLS,target_acc_RLLS,baseline_AE,MLLS_AE,RLLS_AE,multarget_acc_oracle,multarget_acc_baseline,multarget_acc_MLLS,multarget_acc_RLLS
49,82.76333789329685,36.36363636363637,48.484848484848484,35.35353535353536,24.242424242424242,32.323232323232325,1.0673594412375054,1.3714902201062844,1.0815384968942883,43.43434343434344,36.36363636363637,26.262626262626267,33.33333333333333
