epoch,source_acc,target_acc_no_im,target_acc_oracle,target_acc_baseline,target_acc_MLLS,target_acc_RLLS,baseline_AE,MLLS_AE,RLLS_AE,cal_target_acc_no_im,cal_target_acc_oracle,cal_target_acc_baseline,cal_target_acc_MLLS,cal_target_acc_RLLS,cal_baseline_AE,cal_MLLS_AE,cal_RLLS_AE,cal_source_acc
33,85.11764705882354,84.66312056737588,84.75177304964538,84.66312056737588,84.75177304964538,84.8404255319149,0.05405185580359282,0.05470328174320097,0.05703590846155642,84.48581560283688,84.75177304964538,84.8404255319149,84.48581560283688,84.75177304964538,0.07659420574493445,0.07629224446648403,0.07833088998872367,85.94117647058823
