epoch,source_acc,target_acc_no_im,target_acc_oracle,target_acc_baseline,target_acc_MLLS,target_acc_RLLS,baseline_AE,MLLS_AE,RLLS_AE,cal_target_acc_no_im,cal_target_acc_oracle,cal_target_acc_baseline,cal_target_acc_MLLS,cal_target_acc_RLLS,cal_baseline_AE,cal_MLLS_AE,cal_RLLS_AE,cal_source_acc
49,77.59,72.40663900414937,71.6804979253112,69.81327800829875,67.01244813278008,67.84232365145229,0.22460874065919106,0.39284604394767836,0.3471996150583379,71.99170124481327,71.57676348547717,69.81327800829875,67.73858921161826,68.15352697095436,0.22829018196253364,0.3751903610604453,0.33750608493270284,77.94
