epoch,source_acc,target_acc_no_im,target_acc_oracle,target_acc_baseline,target_acc_MLLS,target_acc_RLLS,baseline_AE,MLLS_AE,RLLS_AE,cal_target_acc_no_im,cal_target_acc_oracle,cal_target_acc_baseline,cal_target_acc_MLLS,cal_target_acc_RLLS,cal_baseline_AE,cal_MLLS_AE,cal_RLLS_AE,cal_source_acc
38,79.96666666666667,47.11694809255785,52.29518449030645,48.843026891807376,49.41838649155723,49.25578486554096,0.5159745517965545,0.44071516546757417,0.46764559039398707,46.97936210131332,54.29643527204503,49.23076923076923,50.28142589118198,49.79362101313321,0.5587619161606069,0.449786347414874,0.5090094041800508,80.2
