epoch,source_acc,target_acc_no_im,target_acc_oracle,target_acc_baseline,target_acc_MLLS,target_acc_RLLS,baseline_AE,MLLS_AE,RLLS_AE,cal_target_acc_no_im,cal_target_acc_oracle,cal_target_acc_baseline,cal_target_acc_MLLS,cal_target_acc_RLLS,cal_baseline_AE,cal_MLLS_AE,cal_RLLS_AE,cal_source_acc
10,89.65260017050298,89.61436725602117,89.60044549631073,89.48907141862732,89.40554086036475,89.41946262007518,0.060258619695112814,0.06871762508533899,0.07488920076831082,89.29416678268133,89.2802450229709,89.18279270499792,89.01573158847278,89.11318390644577,0.06217002975376652,0.0789307481419014,0.07708733070509774,89.81244671781756
