epoch,source_acc,target_acc_no_im,target_acc_oracle,target_acc_baseline,target_acc_MLLS,target_acc_RLLS,baseline_AE,MLLS_AE,RLLS_AE,cal_target_acc_no_im,cal_target_acc_oracle,cal_target_acc_baseline,cal_target_acc_MLLS,cal_target_acc_RLLS,cal_baseline_AE,cal_MLLS_AE,cal_RLLS_AE,cal_source_acc
10,98.03076923076924,82.43812293616892,82.44721136659699,82.28664909570116,82.2836196188918,82.28664909570116,0.09849306573841504,0.10692846407864026,0.100727777638675,81.66560634978339,81.6383410584992,81.37174709927596,81.29903965585143,81.35054076161047,0.1150176838903029,0.13717276015563798,0.11886578018973272,98.15384615384616
