epoch,source_acc,target_acc_no_im,target_acc_oracle,target_acc_baseline,target_acc_MLLS,target_acc_RLLS,baseline_AE,MLLS_AE,RLLS_AE,cal_target_acc_no_im,cal_target_acc_oracle,cal_target_acc_baseline,cal_target_acc_MLLS,cal_target_acc_RLLS,cal_baseline_AE,cal_MLLS_AE,cal_RLLS_AE,cal_source_acc
7,98.82352941176471,88.57142857142857,88.57142857142857,88.57142857142857,88.57142857142857,88.57142857142857,0.2451936138527734,0.2722928655975084,0.2512452547829725,91.42857142857143,91.42857142857143,88.57142857142857,88.57142857142857,88.57142857142857,0.22308683271652888,0.2571322446833685,0.2306966291236346,98.76470588235294
