epoch,source_acc,target_acc_no_im,target_acc_oracle,target_acc_baseline,target_acc_MLLS,target_acc_RLLS,baseline_AE,MLLS_AE,RLLS_AE,cal_target_acc_no_im,cal_target_acc_oracle,cal_target_acc_baseline,cal_target_acc_MLLS,cal_target_acc_RLLS,cal_baseline_AE,cal_MLLS_AE,cal_RLLS_AE,cal_source_acc
44,67.39,53.84615384615385,54.347826086956516,53.51170568561873,53.34448160535117,52.17391304347826,0.39405289405363497,0.40752791740229183,0.4853000237588796,57.19063545150501,59.030100334448164,55.51839464882943,48.99665551839465,51.67224080267558,0.3326443170444934,0.5634766571164171,0.4529981194490446,69.86
