epoch,source_acc,target_acc_no_im,target_acc_oracle,target_acc_baseline,target_acc_MLLS,target_acc_RLLS,baseline_AE,MLLS_AE,RLLS_AE,multarget_acc_oracle,multarget_acc_baseline,multarget_acc_MLLS,multarget_acc_RLLS
10,89.61352657004831,70.66599394550958,71.96770938446015,69.50554994954591,68.37537840565085,69.06155398587286,0.3468537457885915,0.44256349829129493,0.3847278324910992,71.79616548940464,69.10191725529768,68.16347124117054,68.63773965691222
