epoch,source_acc,target_acc_no_im,target_acc_oracle,target_acc_baseline,target_acc_MLLS,target_acc_RLLS,baseline_AE,MLLS_AE,RLLS_AE,cal_target_acc_no_im,cal_target_acc_oracle,cal_target_acc_baseline,cal_target_acc_MLLS,cal_target_acc_RLLS,cal_baseline_AE,cal_MLLS_AE,cal_RLLS_AE,cal_source_acc
9,79.93393009377664,80.88105726872247,83.9647577092511,80.79295154185021,80.26431718061674,80.79295154185021,0.285751527169057,0.25830164986419835,0.26928156705352924,81.3215859030837,83.78854625550662,81.76211453744493,80.96916299559471,81.23348017621146,0.2728077695817205,0.25576879980279504,0.2527410843849651,80.218101733447
