epoch,source_acc,target_acc_no_im,target_acc_oracle,target_acc_baseline,target_acc_MLLS,target_acc_RLLS,baseline_AE,MLLS_AE,RLLS_AE,multarget_acc_oracle,multarget_acc_baseline,multarget_acc_MLLS,multarget_acc_RLLS
9,96.96153846153847,66.34615384615384,66.34615384615384,67.3076923076923,68.26923076923077,67.3076923076923,0.27504195545155263,0.34509625837493396,0.2832112935016448,66.34615384615384,67.3076923076923,68.26923076923077,67.3076923076923
