epoch,source_acc,target_acc_no_im,target_acc_oracle,target_acc_baseline,target_acc_MLLS,target_acc_RLLS,baseline_AE,MLLS_AE,RLLS_AE,cal_target_acc_no_im,cal_target_acc_oracle,cal_target_acc_baseline,cal_target_acc_MLLS,cal_target_acc_RLLS,cal_baseline_AE,cal_MLLS_AE,cal_RLLS_AE,cal_source_acc
9,79.93393009377664,78.70503597122303,86.61870503597122,82.15827338129496,83.30935251798562,82.44604316546763,0.39756359607295344,0.21807161072988587,0.27089071242609686,78.84892086330936,85.61151079136691,82.15827338129496,83.30935251798562,82.73381294964028,0.39479606300788195,0.21570092634259566,0.2613580127052325,80.218101733447
