epoch,source_acc,target_acc_no_im,target_acc_oracle,target_acc_baseline,target_acc_MLLS,target_acc_RLLS,baseline_AE,MLLS_AE,RLLS_AE,multarget_acc_oracle,multarget_acc_baseline,multarget_acc_MLLS,multarget_acc_RLLS
10,89.6668087524865,63.862618218018916,66.74962667994026,61.722249875559974,59.23344947735192,60.52762568442011,0.49517932399340675,0.6129956920842112,0.52565395728154,66.40119462419113,61.075161772025886,58.636137381781985,60.0298656047785
