epoch,source_acc,target_acc_no_im,target_acc_oracle,target_acc_baseline,target_acc_MLLS,target_acc_RLLS,baseline_AE,MLLS_AE,RLLS_AE,cal_target_acc_no_im,cal_target_acc_oracle,cal_target_acc_baseline,cal_target_acc_MLLS,cal_target_acc_RLLS,cal_baseline_AE,cal_MLLS_AE,cal_RLLS_AE,cal_source_acc
10,99.51728247914183,95.38958939540899,95.31846104106046,95.3055286129971,95.3055286129971,95.3055286129971,0.054836820128123576,0.05761692977205973,0.05630548143833991,95.5900420303912,95.45425153572583,95.44131910766247,95.39605560944068,95.43485289363079,0.043381880285899455,0.05359418249384623,0.04536148014664082,99.53516090584029
