epoch,source_acc,target_acc_no_im,target_acc_oracle,target_acc_baseline,target_acc_MLLS,target_acc_RLLS,baseline_AE,MLLS_AE,RLLS_AE,multarget_acc_oracle,multarget_acc_baseline,multarget_acc_MLLS,multarget_acc_RLLS
15,75.16695083830633,73.81294964028777,81.29496402877699,76.54676258992805,77.84172661870502,76.11510791366906,0.5050643422792503,0.25918478516407023,0.36210987878063683,80.43165467625899,76.54676258992805,77.6978417266187,76.2589928057554
