epoch,source_acc,target_acc_no_im,target_acc_oracle,target_acc_baseline,target_acc_MLLS,target_acc_RLLS,baseline_AE,MLLS_AE,RLLS_AE,multarget_acc_oracle,multarget_acc_baseline,multarget_acc_MLLS,multarget_acc_RLLS
10,99.51132300357568,93.25254483761512,94.12506059137179,93.86330586524478,93.87300048473097,93.87300048473097,0.12588062282187584,0.11080568428618554,0.12038748941867292,94.08628211342705,93.84391662627242,93.87300048473097,93.86330586524478
