epoch,source_acc,target_acc_no_im,target_acc_oracle,target_acc_baseline,target_acc_MLLS,target_acc_RLLS,baseline_AE,MLLS_AE,RLLS_AE,multarget_acc_oracle,multarget_acc_baseline,multarget_acc_MLLS,multarget_acc_RLLS
39,78.2,60.86956521739131,100.0,65.21739130434783,65.21739130434783,65.21739130434783,0.8055237488866703,0.6280871294033916,0.6272161121452179,100.0,65.21739130434783,65.21739130434783,65.21739130434783
