epoch,source_acc,target_acc_no_im,target_acc_oracle,target_acc_baseline,target_acc_MLLS,target_acc_RLLS,baseline_AE,MLLS_AE,RLLS_AE,multarget_acc_oracle,multarget_acc_baseline,multarget_acc_MLLS,multarget_acc_RLLS
9,98.76,97.85276073619632,97.7760736196319,97.7760736196319,97.7760736196319,97.7760736196319,0.019417429994220373,0.017831767629260656,0.017914358610467834,97.7760736196319,97.7760736196319,97.7760736196319,97.7760736196319
