epoch,source_acc,target_acc_no_im,target_acc_oracle,target_acc_baseline,target_acc_MLLS,target_acc_RLLS,baseline_AE,MLLS_AE,RLLS_AE,multarget_acc_oracle,multarget_acc_baseline,multarget_acc_MLLS,multarget_acc_RLLS
4,69.19,62.17882836587872,52.41521068859198,56.52620760534429,47.173689619732784,43.06269270298047,0.30927411928190973,0.5090458789987042,0.45084815319177635,52.41521068859198,56.52620760534429,47.173689619732784,43.06269270298047
