epoch,source_acc,target_acc_no_im,target_acc_oracle,target_acc_baseline,target_acc_MLLS,target_acc_RLLS,baseline_AE,MLLS_AE,RLLS_AE,cal_target_acc_no_im,cal_target_acc_oracle,cal_target_acc_baseline,cal_target_acc_MLLS,cal_target_acc_RLLS,cal_baseline_AE,cal_MLLS_AE,cal_RLLS_AE,cal_source_acc
31,86.06153846153846,89.02439024390245,93.90243902439023,90.2439024390244,91.46341463414635,90.2439024390244,0.18403068950425308,0.1290880156590129,0.14858486830523893,87.8048780487805,93.90243902439023,90.2439024390244,91.46341463414635,92.6829268292683,0.21529621088014142,0.11382455294945165,0.12470022921165375,85.98461538461538
