epoch,source_acc,target_acc_no_im,target_acc_oracle,target_acc_baseline,target_acc_MLLS,target_acc_RLLS,baseline_AE,MLLS_AE,RLLS_AE,cal_target_acc_no_im,cal_target_acc_oracle,cal_target_acc_baseline,cal_target_acc_MLLS,cal_target_acc_RLLS,cal_baseline_AE,cal_MLLS_AE,cal_RLLS_AE,cal_source_acc
44,94.43,87.19325153374233,87.5,86.96319018404908,86.96319018404908,86.96319018404908,0.10644324907770185,0.1151703918135605,0.11202369279379541,87.34662576687117,87.57668711656443,87.11656441717791,86.96319018404908,87.0398773006135,0.11845146903505353,0.12082306334486036,0.1230888667224138,94.42
