epoch,source_acc,target_acc_no_im,target_acc_oracle,target_acc_baseline,target_acc_MLLS,target_acc_RLLS,baseline_AE,MLLS_AE,RLLS_AE,cal_target_acc_no_im,cal_target_acc_oracle,cal_target_acc_baseline,cal_target_acc_MLLS,cal_target_acc_RLLS,cal_baseline_AE,cal_MLLS_AE,cal_RLLS_AE,cal_source_acc
41,89.87,86.33093525179856,87.56423432682425,87.05035971223022,87.15313463514902,86.9475847893114,0.14210570563408112,0.12870276306601736,0.11705334210665477,90.64748201438849,91.26413155190134,90.95580678314491,91.16135662898253,91.16135662898253,0.07609458381017213,0.04096907280760702,0.03983451291192232,91.66
