epoch,source_acc,target_acc_no_im,target_acc_oracle,target_acc_baseline,target_acc_MLLS,target_acc_RLLS,baseline_AE,MLLS_AE,RLLS_AE,multarget_acc_oracle,multarget_acc_baseline,multarget_acc_MLLS,multarget_acc_RLLS
4,69.19,50.073855243722306,65.14032496307239,44.01772525849335,50.073855243722306,31.0192023633678,0.6501408860945808,0.48247738227735176,0.8430510799021046,65.14032496307239,44.01772525849335,50.073855243722306,31.0192023633678
