epoch,source_acc,target_acc_no_im,target_acc_oracle,target_acc_baseline,target_acc_MLLS,target_acc_RLLS,baseline_AE,MLLS_AE,RLLS_AE,multarget_acc_oracle,multarget_acc_baseline,multarget_acc_MLLS,multarget_acc_RLLS
15,75.16695083830633,44.099545089644096,47.73882793684774,42.601016858442605,33.770404067433766,41.1024886272411,0.6127210892769506,1.096746430053018,0.6783480781240299,46.90928552314691,41.5038801177415,40.40674337704041,40.27294621354027
