epoch,source_acc,target_acc_no_im,target_acc_oracle,target_acc_baseline,target_acc_MLLS,target_acc_RLLS,baseline_AE,MLLS_AE,RLLS_AE,multarget_acc_oracle,multarget_acc_baseline,multarget_acc_MLLS,multarget_acc_RLLS
39,78.93333333333334,38.3826613842927,54.625961314378934,44.138895362386386,47.42484269401072,45.77021673269634,0.8173865343191631,0.5371381372299068,0.6938881606270316,54.625961314378934,44.138895362386386,47.42484269401072,45.77021673269634
