epoch,source_acc,target_acc_no_im,target_acc_oracle,target_acc_baseline,target_acc_MLLS,target_acc_RLLS,baseline_AE,MLLS_AE,RLLS_AE,multarget_acc_oracle,multarget_acc_baseline,multarget_acc_MLLS,multarget_acc_RLLS
7,99.47923073768811,64.34392265193371,64.77209944751381,60.75276243093922,59.15745856353591,60.69751381215469,0.5483413980383611,0.685094653692184,0.5532924435192721,64.1160220994475,60.26933701657459,58.7292817679558,60.26243093922652
