epoch,source_acc,target_acc_no_im,target_acc_oracle,target_acc_baseline,target_acc_MLLS,target_acc_RLLS,baseline_AE,MLLS_AE,RLLS_AE,multarget_acc_oracle,multarget_acc_baseline,multarget_acc_MLLS,multarget_acc_RLLS
9,96.96153846153847,97.56507136859783,97.73299748110831,97.73299748110831,97.73299748110831,97.73299748110831,0.022460210933502513,0.01746761860946814,0.023079209298379443,97.73299748110831,97.73299748110831,97.73299748110831,97.73299748110831
