epoch,source_acc,target_acc_no_im,target_acc_oracle,target_acc_baseline,target_acc_MLLS,target_acc_RLLS,baseline_AE,MLLS_AE,RLLS_AE,multarget_acc_oracle,multarget_acc_baseline,multarget_acc_MLLS,multarget_acc_RLLS
10,99.43412473859024,99.76708074534162,99.76708074534162,99.76708074534162,99.76708074534162,99.76708074534162,0.007578117512629268,0.006576092080762666,0.008262097748896647,99.72826086956522,99.72826086956522,99.72826086956522,99.72826086956522
