epoch,source_acc,target_acc_no_im,target_acc_oracle,target_acc_baseline,target_acc_MLLS,target_acc_RLLS,baseline_AE,MLLS_AE,RLLS_AE,multarget_acc_oracle,multarget_acc_baseline,multarget_acc_MLLS,multarget_acc_RLLS
10,98.03076923076924,79.8780487804878,81.70731707317073,81.70731707317073,81.70731707317073,81.70731707317073,0.15160600750184644,0.15885022073620703,0.15376403145878054,81.70731707317073,81.70731707317073,81.70731707317073,81.70731707317073
