epoch,source_acc,target_acc_no_im,target_acc_oracle,target_acc_baseline,target_acc_MLLS,target_acc_RLLS,baseline_AE,MLLS_AE,RLLS_AE,multarget_acc_oracle,multarget_acc_baseline,multarget_acc_MLLS,multarget_acc_RLLS
39,78.2,69.04761904761905,80.95238095238095,73.80952380952381,78.57142857142857,76.19047619047619,0.4882710095456179,0.36755096893535827,0.43719153754285683,80.95238095238095,73.80952380952381,78.57142857142857,76.19047619047619
