epoch,source_acc,target_acc_no_im,target_acc_oracle,target_acc_baseline,target_acc_MLLS,target_acc_RLLS,baseline_AE,MLLS_AE,RLLS_AE,cal_target_acc_no_im,cal_target_acc_oracle,cal_target_acc_baseline,cal_target_acc_MLLS,cal_target_acc_RLLS,cal_baseline_AE,cal_MLLS_AE,cal_RLLS_AE,cal_source_acc
9,98.76,97.19350073855244,97.48892171344166,97.34121122599704,97.48892171344166,97.48892171344166,0.035501902775792224,0.02455764314974145,0.02958793427157174,97.34121122599704,97.93205317577548,97.93205317577548,97.93205317577548,97.93205317577548,0.040824429916171176,0.023701692457782735,0.031348359732722195,98.75
