epoch,source_acc,target_acc_no_im,target_acc_oracle,target_acc_baseline,target_acc_MLLS,target_acc_RLLS,baseline_AE,MLLS_AE,RLLS_AE,multarget_acc_oracle,multarget_acc_baseline,multarget_acc_MLLS,multarget_acc_RLLS
15,75.16695083830633,41.07142857142857,51.53061224489795,35.714285714285715,31.63265306122449,35.45918367346938,1.0430951593821658,1.2753783046316212,1.0515070267958015,52.806122448979586,36.98979591836735,32.6530612244898,36.47959183673469
