epoch,source_acc,target_acc_no_im,target_acc_oracle,target_acc_baseline,target_acc_MLLS,target_acc_RLLS,baseline_AE,MLLS_AE,RLLS_AE,cal_target_acc_no_im,cal_target_acc_oracle,cal_target_acc_baseline,cal_target_acc_MLLS,cal_target_acc_RLLS,cal_baseline_AE,cal_MLLS_AE,cal_RLLS_AE,cal_source_acc
10,97.03333333333333,96.9951923076923,98.67788461538461,98.19711538461539,98.3173076923077,98.3173076923077,0.04783340781610744,0.016696229476533448,0.026174537379084865,95.67307692307693,98.67788461538461,98.07692307692307,98.19711538461539,98.07692307692307,0.08754130701893598,0.019715963685974627,0.04274279807272341,97.3
