epoch,source_acc,target_acc_no_im,target_acc_oracle,target_acc_baseline,target_acc_MLLS,target_acc_RLLS,baseline_AE,MLLS_AE,RLLS_AE,cal_target_acc_no_im,cal_target_acc_oracle,cal_target_acc_baseline,cal_target_acc_MLLS,cal_target_acc_RLLS,cal_baseline_AE,cal_MLLS_AE,cal_RLLS_AE,cal_source_acc
7,98.82352941176471,80.88235294117648,80.88235294117648,80.88235294117648,80.88235294117648,80.88235294117648,0.2560545301393551,0.279552540029673,0.2644850856755162,82.35294117647058,82.35294117647058,80.88235294117648,80.88235294117648,80.88235294117648,0.2289016840650755,0.272214371491881,0.23808213507234133,98.76470588235294
