epoch,source_acc,target_acc_no_im,target_acc_oracle,target_acc_baseline,target_acc_MLLS,target_acc_RLLS,baseline_AE,MLLS_AE,RLLS_AE,multarget_acc_oracle,multarget_acc_baseline,multarget_acc_MLLS,multarget_acc_RLLS
8,97.19904648390941,69.19913570781347,68.79487000766711,68.20241165400432,67.22659789503031,67.95148811598244,0.21825683562483217,0.42188369183267976,0.26750834017797087,68.78092981111034,68.17453126089077,67.18477730536002,67.88875723147696
