epoch,source_acc,target_acc_no_im,target_acc_oracle,target_acc_baseline,target_acc_MLLS,target_acc_RLLS,baseline_AE,MLLS_AE,RLLS_AE,cal_target_acc_no_im,cal_target_acc_oracle,cal_target_acc_baseline,cal_target_acc_MLLS,cal_target_acc_RLLS,cal_baseline_AE,cal_MLLS_AE,cal_RLLS_AE,cal_source_acc
10,98.03076923076924,98.5804892781637,98.61069163394744,98.5804892781637,98.5804892781637,98.5804892781637,0.011835520243206332,0.009122932033865883,0.006762315060287384,98.36907278767744,98.42947749924494,98.4596798550287,98.42947749924494,98.42947749924494,0.018059339820978584,0.014127469684886998,0.013987610418299596,98.15384615384616
