epoch,source_acc,target_acc_no_im,target_acc_oracle,target_acc_baseline,target_acc_MLLS,target_acc_RLLS,baseline_AE,MLLS_AE,RLLS_AE,multarget_acc_oracle,multarget_acc_baseline,multarget_acc_MLLS,multarget_acc_RLLS
40,84.9076923076923,72.35772357723577,73.17073170731707,69.91869918699187,70.73170731707317,70.73170731707317,0.25666512049189427,0.2527569133591483,0.24922684682202562,73.17073170731707,69.91869918699187,70.73170731707317,70.73170731707317
