epoch,source_acc,target_acc_no_im,target_acc_oracle,target_acc_baseline,target_acc_MLLS,target_acc_RLLS,baseline_AE,MLLS_AE,RLLS_AE,cal_target_acc_no_im,cal_target_acc_oracle,cal_target_acc_baseline,cal_target_acc_MLLS,cal_target_acc_RLLS,cal_baseline_AE,cal_MLLS_AE,cal_RLLS_AE,cal_source_acc
50,86.45690834473324,30.666666666666664,48.0,30.666666666666664,30.666666666666664,30.666666666666664,1.1432548147129518,1.1875508504973533,1.1833471745020052,37.333333333333336,42.66666666666667,32.0,29.333333333333332,32.0,0.9183739620308717,1.2096343711142798,0.9474453135831562,91.38166894664843
