epoch,source_acc,target_acc_no_im,target_acc_oracle,target_acc_baseline,target_acc_MLLS,target_acc_RLLS,baseline_AE,MLLS_AE,RLLS_AE,multarget_acc_oracle,multarget_acc_baseline,multarget_acc_MLLS,multarget_acc_RLLS
39,79.28333333333333,39.130434782608695,78.26086956521739,43.47826086956522,47.82608695652174,43.47826086956522,1.137663462809186,0.9106372335931868,1.1217202943669304,78.26086956521739,43.47826086956522,47.82608695652174,43.47826086956522
