epoch,source_acc,target_acc_no_im,target_acc_oracle,target_acc_baseline,target_acc_MLLS,target_acc_RLLS,baseline_AE,MLLS_AE,RLLS_AE,multarget_acc_oracle,multarget_acc_baseline,multarget_acc_MLLS,multarget_acc_RLLS
49,55.75,20.901639344262296,34.83606557377049,19.262295081967213,10.655737704918032,19.262295081967213,1.1205878776925633,1.7075148066072754,1.1698059620481644,34.83606557377049,19.262295081967213,10.655737704918032,19.262295081967213
