epoch,source_acc,target_acc_no_im,target_acc_oracle,target_acc_baseline,target_acc_MLLS,target_acc_RLLS,baseline_AE,MLLS_AE,RLLS_AE,multarget_acc_oracle,multarget_acc_baseline,multarget_acc_MLLS,multarget_acc_RLLS
8,95.7592339261286,82.96213808463251,83.74164810690424,81.40311804008908,80.84632516703786,80.95768374164811,0.19878805481117293,0.2593935671358894,0.21068151222819212,83.184855233853,80.84632516703786,80.17817371937639,80.62360801781738
