epoch,source_acc,target_acc_no_im,target_acc_oracle,target_acc_baseline,target_acc_MLLS,target_acc_RLLS,baseline_AE,MLLS_AE,RLLS_AE,cal_target_acc_no_im,cal_target_acc_oracle,cal_target_acc_baseline,cal_target_acc_MLLS,cal_target_acc_RLLS,cal_baseline_AE,cal_MLLS_AE,cal_RLLS_AE,cal_source_acc
38,79.96666666666667,61.904761904761905,78.57142857142857,66.66666666666666,66.66666666666666,66.66666666666666,0.4736687725179805,0.42325587078358556,0.4374660116575139,64.28571428571429,76.19047619047619,66.66666666666666,64.28571428571429,66.66666666666666,0.5333496362381125,0.4789322473443895,0.4751408652995722,80.2
