epoch,source_acc,target_acc_no_im,target_acc_oracle,target_acc_baseline,target_acc_MLLS,target_acc_RLLS,baseline_AE,MLLS_AE,RLLS_AE,multarget_acc_oracle,multarget_acc_baseline,multarget_acc_MLLS,multarget_acc_RLLS
40,84.9076923076923,68.70640873799184,77.47071983155679,72.83853138570865,73.97025924463745,72.82537175944204,0.400782458325582,0.25704957587135346,0.3656174756442582,77.47071983155679,72.83853138570865,73.97025924463745,72.82537175944204
