epoch,source_acc,target_acc_no_im,target_acc_oracle,target_acc_baseline,target_acc_MLLS,target_acc_RLLS,baseline_AE,MLLS_AE,RLLS_AE,cal_target_acc_no_im,cal_target_acc_oracle,cal_target_acc_baseline,cal_target_acc_MLLS,cal_target_acc_RLLS,cal_baseline_AE,cal_MLLS_AE,cal_RLLS_AE,cal_source_acc
10,97.03333333333333,75.07255389718075,75.25912106135986,74.75124378109453,74.67868988391376,74.71496683250415,0.1721170386284046,0.19269853773191697,0.18218649756914132,74.53358208955224,74.69423714759536,73.94796849087894,73.51264510779436,73.87541459369817,0.18605802326183613,0.24288810315274728,0.19537221731195176,97.3
