epoch,source_acc,target_acc_no_im,target_acc_oracle,target_acc_baseline,target_acc_MLLS,target_acc_RLLS,baseline_AE,MLLS_AE,RLLS_AE,cal_target_acc_no_im,cal_target_acc_oracle,cal_target_acc_baseline,cal_target_acc_MLLS,cal_target_acc_RLLS,cal_baseline_AE,cal_MLLS_AE,cal_RLLS_AE,cal_source_acc
29,58.2766840293105,61.7113223854797,65.77355229040623,63.18063958513397,63.61279170267934,63.267070008643046,0.3097454992354656,0.2344615499568789,0.3344516283498441,61.10630942091616,66.8971477960242,63.267070008643046,64.99567847882454,64.8228176318064,0.42667557497436837,0.19044295438938313,0.2439670172029559,59.053588770195105
