epoch,source_acc,target_acc_no_im,target_acc_oracle,target_acc_baseline,target_acc_MLLS,target_acc_RLLS,baseline_AE,MLLS_AE,RLLS_AE,cal_target_acc_no_im,cal_target_acc_oracle,cal_target_acc_baseline,cal_target_acc_MLLS,cal_target_acc_RLLS,cal_baseline_AE,cal_MLLS_AE,cal_RLLS_AE,cal_source_acc
10,97.03333333333333,97.45513866231647,97.45513866231647,97.43882544861337,97.43882544861337,97.43882544861337,0.012222136535832182,0.012559688815066115,0.012820591274924183,97.29200652528547,97.32463295269169,97.25938009787927,97.24306688417619,97.25938009787927,0.02015940080386194,0.021773939756570184,0.022213131392954562,97.3
