epoch,source_acc,target_acc_no_im,target_acc_oracle,target_acc_baseline,target_acc_MLLS,target_acc_RLLS,baseline_AE,MLLS_AE,RLLS_AE,cal_target_acc_no_im,cal_target_acc_oracle,cal_target_acc_baseline,cal_target_acc_MLLS,cal_target_acc_RLLS,cal_baseline_AE,cal_MLLS_AE,cal_RLLS_AE,cal_source_acc
10,97.03333333333333,97.4349710982659,97.47109826589595,97.47109826589595,97.47109826589595,97.47109826589595,0.019094835159320353,0.017676444245082433,0.018488987769787392,97.14595375722543,97.39884393063583,97.32658959537572,97.36271676300578,97.36271676300578,0.026347367114500496,0.02265244679030224,0.023440345375750234,97.3
