epoch,source_acc,target_acc_no_im,target_acc_oracle,target_acc_baseline,target_acc_MLLS,target_acc_RLLS,baseline_AE,MLLS_AE,RLLS_AE,cal_target_acc_no_im,cal_target_acc_oracle,cal_target_acc_baseline,cal_target_acc_MLLS,cal_target_acc_RLLS,cal_baseline_AE,cal_MLLS_AE,cal_RLLS_AE,cal_source_acc
44,94.43,93.5251798561151,93.62795477903391,93.62795477903391,93.62795477903391,93.62795477903391,0.052539543085037624,0.05436676347825413,0.04986200764212441,93.62795477903391,93.83350462487154,93.62795477903391,93.73072970195273,93.62795477903391,0.05719696073376508,0.05861992182407265,0.0562532470129974,94.42
