epoch,source_acc,target_acc_no_im,target_acc_oracle,target_acc_baseline,target_acc_MLLS,target_acc_RLLS,baseline_AE,MLLS_AE,RLLS_AE,cal_target_acc_no_im,cal_target_acc_oracle,cal_target_acc_baseline,cal_target_acc_MLLS,cal_target_acc_RLLS,cal_baseline_AE,cal_MLLS_AE,cal_RLLS_AE,cal_source_acc
49,77.59,63.03191489361703,71.54255319148936,63.56382978723404,58.77659574468085,61.702127659574465,0.5164874509370766,0.6510917442665225,0.5078315529204533,63.56382978723404,70.2127659574468,63.03191489361703,58.24468085106383,61.96808510638297,0.5032078767798474,0.6128536195859948,0.49628481643640626,77.94
