epoch,source_acc,target_acc_no_im,target_acc_oracle,target_acc_baseline,target_acc_MLLS,target_acc_RLLS,baseline_AE,MLLS_AE,RLLS_AE,multarget_acc_oracle,multarget_acc_baseline,multarget_acc_MLLS,multarget_acc_RLLS
8,95.7592339261286,69.35483870967742,76.61290322580645,68.54838709677419,66.93548387096774,67.74193548387096,0.4856237197358672,0.5309100748976672,0.49618507749127366,75.0,65.32258064516128,66.93548387096774,65.32258064516128
