epoch,source_acc,target_acc_no_im,target_acc_oracle,target_acc_baseline,target_acc_MLLS,target_acc_RLLS,baseline_AE,MLLS_AE,RLLS_AE,cal_target_acc_no_im,cal_target_acc_oracle,cal_target_acc_baseline,cal_target_acc_MLLS,cal_target_acc_RLLS,cal_baseline_AE,cal_MLLS_AE,cal_RLLS_AE,cal_source_acc
46,90.2872777017784,58.666666666666664,65.33333333333333,62.66666666666667,53.333333333333336,58.666666666666664,0.7347422970520954,0.8851799060732353,0.6736735402119021,62.66666666666667,68.0,62.66666666666667,60.0,60.0,0.587826335724864,0.7020331977990621,0.622258292562928,92.61285909712723
