epoch,source_acc,target_acc_no_im,target_acc_oracle,target_acc_baseline,target_acc_MLLS,target_acc_RLLS,baseline_AE,MLLS_AE,RLLS_AE,cal_target_acc_no_im,cal_target_acc_oracle,cal_target_acc_baseline,cal_target_acc_MLLS,cal_target_acc_RLLS,cal_baseline_AE,cal_MLLS_AE,cal_RLLS_AE,cal_source_acc
44,94.43,83.55601233299075,84.78931140801645,83.14491264131551,83.24768756423433,83.04213771839672,0.19309521389728887,0.21554262989908,0.1996319370613998,83.24768756423433,84.58376156217882,82.73381294964028,82.63103802672148,82.63103802672148,0.20011115369922025,0.22449089428993804,0.21019446850700144,94.42
