epoch,source_acc,target_acc_no_im,target_acc_oracle,target_acc_baseline,target_acc_MLLS,target_acc_RLLS,baseline_AE,MLLS_AE,RLLS_AE,cal_target_acc_no_im,cal_target_acc_oracle,cal_target_acc_baseline,cal_target_acc_MLLS,cal_target_acc_RLLS,cal_baseline_AE,cal_MLLS_AE,cal_RLLS_AE,cal_source_acc
49,77.59,50.0,60.63829787234043,45.21276595744681,38.297872340425535,44.680851063829785,0.7408677895226456,1.061823836848689,0.8221378211422847,52.3936170212766,60.90425531914894,48.40425531914894,42.02127659574468,46.01063829787234,0.7213741582531934,0.9934879230465633,0.7987014324883042,77.94
