epoch,source_acc,target_acc_no_im,target_acc_oracle,target_acc_baseline,target_acc_MLLS,target_acc_RLLS,baseline_AE,MLLS_AE,RLLS_AE,cal_target_acc_no_im,cal_target_acc_oracle,cal_target_acc_baseline,cal_target_acc_MLLS,cal_target_acc_RLLS,cal_baseline_AE,cal_MLLS_AE,cal_RLLS_AE,cal_source_acc
7,66.91092080868721,66.07649908134292,66.37715049273426,65.8593619508936,65.70903624519792,64.77367629864706,0.14698564441826273,0.1790595022076064,0.26919844350036154,66.51077334224152,67.02856188408218,66.64439619174878,65.55871053950226,65.49189911474862,0.14337994693948597,0.23392774390730914,0.21542292961956716,67.24640240134192
