epoch,source_acc,target_acc_no_im,target_acc_oracle,target_acc_baseline,target_acc_MLLS,target_acc_RLLS,baseline_AE,MLLS_AE,RLLS_AE,multarget_acc_oracle,multarget_acc_baseline,multarget_acc_MLLS,multarget_acc_RLLS
4,80.53,79.60122699386503,80.13803680981594,80.29141104294479,67.71472392638037,77.99079754601227,0.1482944506809024,0.4094963319873883,0.20082899348531402,80.13803680981594,80.29141104294479,67.71472392638037,77.99079754601227
