epoch,source_acc,target_acc_no_im,target_acc_oracle,target_acc_baseline,target_acc_MLLS,target_acc_RLLS,baseline_AE,MLLS_AE,RLLS_AE,multarget_acc_oracle,multarget_acc_baseline,multarget_acc_MLLS,multarget_acc_RLLS
9,90.09,83.60655737704919,92.21311475409836,86.0655737704918,87.29508196721312,86.88524590163934,0.3048608778251081,0.1999579101328267,0.26936468728181634,92.21311475409836,86.0655737704918,87.29508196721312,86.88524590163934
