epoch,source_acc,target_acc_no_im,target_acc_oracle,target_acc_baseline,target_acc_MLLS,target_acc_RLLS,baseline_AE,MLLS_AE,RLLS_AE,cal_target_acc_no_im,cal_target_acc_oracle,cal_target_acc_baseline,cal_target_acc_MLLS,cal_target_acc_RLLS,cal_baseline_AE,cal_MLLS_AE,cal_RLLS_AE,cal_source_acc
6,51.717136046614286,52.56570713391739,53.31664580725908,52.56570713391739,52.19023779724657,51.689612015018774,0.3678428939172185,0.37535108010366497,0.5052029750622719,55.06883604505632,56.69586983729662,55.694618272841055,53.56695869837297,54.192740926157704,0.26416773346675426,0.40567105929410957,0.3346723968976244,54.77178423236515
