epoch,source_acc,target_acc_no_im,target_acc_oracle,target_acc_baseline,target_acc_MLLS,target_acc_RLLS,baseline_AE,MLLS_AE,RLLS_AE,multarget_acc_oracle,multarget_acc_baseline,multarget_acc_MLLS,multarget_acc_RLLS
9,96.96153846153847,77.77777777777779,88.88888888888889,77.77777777777779,77.77777777777779,77.77777777777779,0.4906700333026492,0.3355559069249726,0.4581082015893262,88.88888888888889,77.77777777777779,77.77777777777779,77.77777777777779
