epoch,source_acc,target_acc_no_im,target_acc_oracle,target_acc_baseline,target_acc_MLLS,target_acc_RLLS,baseline_AE,MLLS_AE,RLLS_AE,multarget_acc_oracle,multarget_acc_baseline,multarget_acc_MLLS,multarget_acc_RLLS
49,83.03693570451436,63.44827586206897,68.96551724137932,61.37931034482759,56.55172413793104,61.37931034482759,0.6008141135636331,0.7991376150691489,0.6091228251552248,67.58620689655173,60.0,57.24137931034483,55.86206896551724
