epoch,source_acc,target_acc_no_im,target_acc_oracle,target_acc_baseline,target_acc_MLLS,target_acc_RLLS,baseline_AE,MLLS_AE,RLLS_AE,multarget_acc_oracle,multarget_acc_baseline,multarget_acc_MLLS,multarget_acc_RLLS
7,98.82352941176471,91.30434782608695,91.30434782608695,91.30434782608695,91.30434782608695,91.30434782608695,0.21266097076390314,0.2213531714742784,0.21555483898880012,91.30434782608695,91.30434782608695,91.30434782608695,91.30434782608695
