epoch,source_acc,target_acc_no_im,target_acc_oracle,target_acc_baseline,target_acc_MLLS,target_acc_RLLS,baseline_AE,MLLS_AE,RLLS_AE,cal_target_acc_no_im,cal_target_acc_oracle,cal_target_acc_baseline,cal_target_acc_MLLS,cal_target_acc_RLLS,cal_baseline_AE,cal_MLLS_AE,cal_RLLS_AE,cal_source_acc
9,90.09,81.64893617021278,85.37234042553192,82.7127659574468,84.57446808510637,83.77659574468085,0.26248592213622696,0.20753588502847115,0.23154997264353885,80.58510638297872,85.63829787234043,83.77659574468085,84.30851063829788,84.30851063829788,0.2956633861974703,0.21659222715565804,0.24733643968713134,90.48
