epoch,source_acc,target_acc_no_im,target_acc_oracle,target_acc_baseline,target_acc_MLLS,target_acc_RLLS,baseline_AE,MLLS_AE,RLLS_AE,cal_target_acc_no_im,cal_target_acc_oracle,cal_target_acc_baseline,cal_target_acc_MLLS,cal_target_acc_RLLS,cal_baseline_AE,cal_MLLS_AE,cal_RLLS_AE,cal_source_acc
31,86.06153846153846,64.95877777260236,65.2941450463459,65.03330383343425,65.03796171223625,65.08454050025618,0.15923676186111196,0.16568535080995894,0.1645787544316845,64.9261726209884,65.55032838045554,64.87027807536447,64.7817783781266,64.8563044389585,0.1966013610022908,0.23558878782761633,0.2130062819003119,85.98461538461538
