epoch,source_acc,target_acc_no_im,target_acc_oracle,target_acc_baseline,target_acc_MLLS,target_acc_RLLS,baseline_AE,MLLS_AE,RLLS_AE,cal_target_acc_no_im,cal_target_acc_oracle,cal_target_acc_baseline,cal_target_acc_MLLS,cal_target_acc_RLLS,cal_baseline_AE,cal_MLLS_AE,cal_RLLS_AE,cal_source_acc
10,99.51728247914183,99.39068752273555,99.39978173881411,99.39978173881411,99.39978173881411,99.39978173881411,0.00013624517082427845,0.00012106808067108288,0.0007620568080052292,99.36340487449982,99.36340487449982,99.36340487449982,99.36340487449982,99.36340487449982,0.0029929765856192003,0.0017211028730795275,0.0017204130393063677,99.53516090584029
