epoch,source_acc,target_acc_no_im,target_acc_oracle,target_acc_baseline,target_acc_MLLS,target_acc_RLLS,baseline_AE,MLLS_AE,RLLS_AE,multarget_acc_oracle,multarget_acc_baseline,multarget_acc_MLLS,multarget_acc_RLLS
39,79.21666666666667,65.21739130434783,95.65217391304348,65.21739130434783,69.56521739130434,69.56521739130434,0.8171065136399273,0.6240520806502866,0.6513016361650508,95.65217391304348,65.21739130434783,69.56521739130434,69.56521739130434
