epoch,source_acc,target_acc_no_im,target_acc_oracle,target_acc_baseline,target_acc_MLLS,target_acc_RLLS,baseline_AE,MLLS_AE,RLLS_AE,multarget_acc_oracle,multarget_acc_baseline,multarget_acc_MLLS,multarget_acc_RLLS
15,68.88320545609548,45.808636748518204,51.05842506350551,45.808636748518204,34.885690093141406,45.385266723116004,0.6097313497138572,1.122412848550102,0.6376016914378348,50.6350550381033,44.19983065198984,38.780694326841655,43.776460626587635
