epoch,source_acc,target_acc_no_im,target_acc_oracle,target_acc_baseline,target_acc_MLLS,target_acc_RLLS,baseline_AE,MLLS_AE,RLLS_AE,cal_target_acc_no_im,cal_target_acc_oracle,cal_target_acc_baseline,cal_target_acc_MLLS,cal_target_acc_RLLS,cal_baseline_AE,cal_MLLS_AE,cal_RLLS_AE,cal_source_acc
7,98.82352941176471,87.10294680443934,89.39915805587447,87.67699961729812,87.79181017986988,87.63872942977422,0.20543347007049326,0.18733027890710238,0.20253251590323051,85.87830080367394,88.09797168006124,86.72024492920015,86.64370455415231,86.72024492920015,0.22727706568287825,0.22281523615851076,0.22724804675366211,98.76470588235294
