epoch,source_acc,target_acc_no_im,target_acc_oracle,target_acc_baseline,target_acc_MLLS,target_acc_RLLS,baseline_AE,MLLS_AE,RLLS_AE,multarget_acc_oracle,multarget_acc_baseline,multarget_acc_MLLS,multarget_acc_RLLS
9,96.96153846153847,93.54838709677419,93.54838709677419,93.54838709677419,93.54838709677419,93.54838709677419,0.12949149032836857,0.13353392920426796,0.14719884969664931,93.54838709677419,93.54838709677419,93.54838709677419,93.54838709677419
