epoch,source_acc,target_acc_no_im,target_acc_oracle,target_acc_baseline,target_acc_MLLS,target_acc_RLLS,baseline_AE,MLLS_AE,RLLS_AE,cal_target_acc_no_im,cal_target_acc_oracle,cal_target_acc_baseline,cal_target_acc_MLLS,cal_target_acc_RLLS,cal_baseline_AE,cal_MLLS_AE,cal_RLLS_AE,cal_source_acc
9,98.76,62.0384047267356,64.69719350073855,59.37961595273264,58.19793205317577,59.23190546528804,0.6374998721149661,0.7596682492960685,0.6385795455718302,63.95864106351551,65.58345642540621,57.459379615952734,55.24372230428361,57.459379615952734,0.6128345858161248,0.829947387807989,0.6139343383272496,98.75
