epoch,source_acc,target_acc_no_im,target_acc_oracle,target_acc_baseline,target_acc_MLLS,target_acc_RLLS,baseline_AE,MLLS_AE,RLLS_AE,multarget_acc_oracle,multarget_acc_baseline,multarget_acc_MLLS,multarget_acc_RLLS
40,72.5,39.233549164282486,39.33142599006174,37.78798373738895,36.11654871254329,36.11654871254329,0.2765442144227794,0.4908550088426375,0.4601378558108686,39.33142599006174,37.78798373738895,36.11654871254329,36.11654871254329
