epoch,source_acc,target_acc_no_im,target_acc_oracle,target_acc_baseline,target_acc_MLLS,target_acc_RLLS,baseline_AE,MLLS_AE,RLLS_AE,cal_target_acc_no_im,cal_target_acc_oracle,cal_target_acc_baseline,cal_target_acc_MLLS,cal_target_acc_RLLS,cal_baseline_AE,cal_MLLS_AE,cal_RLLS_AE,cal_source_acc
7,66.91092080868721,70.40229885057471,75.0,72.84482758620689,73.70689655172413,72.5574712643678,0.28293855771209625,0.19435131948731754,0.24386754030893248,70.97701149425288,76.29310344827587,73.27586206896551,74.13793103448276,73.41954022988506,0.3670076142358691,0.19525651501060665,0.2393466486186565,67.24640240134192
