epoch,source_acc,target_acc_no_im,target_acc_oracle,target_acc_baseline,target_acc_MLLS,target_acc_RLLS,baseline_AE,MLLS_AE,RLLS_AE,cal_target_acc_no_im,cal_target_acc_oracle,cal_target_acc_baseline,cal_target_acc_MLLS,cal_target_acc_RLLS,cal_baseline_AE,cal_MLLS_AE,cal_RLLS_AE,cal_source_acc
40,83.66666666666667,49.512459371614305,50.408089563019146,49.62080173347779,49.671361502347416,49.69302997472012,0.3108218684696999,0.29984476663678106,0.3040104910173445,52.726616106897794,53.239436619718305,52.509931383170816,50.87757313109426,52.04767063921993,0.2533047739006701,0.37884750180649374,0.27414846301783935,84.76666666666667
