epoch,source_acc,target_acc_no_im,target_acc_oracle,target_acc_baseline,target_acc_MLLS,target_acc_RLLS,baseline_AE,MLLS_AE,RLLS_AE,cal_target_acc_no_im,cal_target_acc_oracle,cal_target_acc_baseline,cal_target_acc_MLLS,cal_target_acc_RLLS,cal_baseline_AE,cal_MLLS_AE,cal_RLLS_AE,cal_source_acc
6,54.70115652864836,51.33967156439066,57.38980121002592,52.03111495246326,52.37683664649957,52.11754537597234,0.5436074812258184,0.49934355054625157,0.4855860725278705,58.51339671564391,64.47709593777009,59.204840103716506,59.98271391529818,61.19273984442523,0.481008781978109,0.3826615912100579,0.34346294105037556,57.56157852917807
