epoch,source_acc,target_acc_no_im,target_acc_oracle,target_acc_baseline,target_acc_MLLS,target_acc_RLLS,baseline_AE,MLLS_AE,RLLS_AE,multarget_acc_oracle,multarget_acc_baseline,multarget_acc_MLLS,multarget_acc_RLLS
9,98.76,98.9406779661017,99.15254237288136,98.9406779661017,99.15254237288136,98.9406779661017,0.01880447852161491,0.010086364090103305,0.01264208838229996,99.15254237288136,98.9406779661017,99.15254237288136,98.9406779661017
