epoch,source_acc,target_acc_no_im,target_acc_oracle,target_acc_baseline,target_acc_MLLS,target_acc_RLLS,baseline_AE,MLLS_AE,RLLS_AE,multarget_acc_oracle,multarget_acc_baseline,multarget_acc_MLLS,multarget_acc_RLLS
15,74.93961352657004,47.038327526132406,50.572424091587855,47.187655550024886,36.187157789945246,46.44101543056247,0.5655526630550438,1.018109970149988,0.553127534058555,49.27824788451966,45.59482329517173,44.05176704828273,45.19661523145844
