epoch,source_acc,target_acc_no_im,target_acc_oracle,target_acc_baseline,target_acc_MLLS,target_acc_RLLS,baseline_AE,MLLS_AE,RLLS_AE,cal_target_acc_no_im,cal_target_acc_oracle,cal_target_acc_baseline,cal_target_acc_MLLS,cal_target_acc_RLLS,cal_baseline_AE,cal_MLLS_AE,cal_RLLS_AE,cal_source_acc
9,90.09,85.63829787234043,90.42553191489363,88.29787234042553,89.36170212765957,88.82978723404256,0.21165261157343496,0.16739001645473392,0.20255608110157353,86.70212765957447,90.95744680851064,89.36170212765957,89.09574468085107,88.82978723404256,0.22617179347787197,0.1685360959612818,0.18708657217475824,90.48
