epoch,source_acc,target_acc_no_im,target_acc_oracle,target_acc_baseline,target_acc_MLLS,target_acc_RLLS,baseline_AE,MLLS_AE,RLLS_AE,multarget_acc_oracle,multarget_acc_baseline,multarget_acc_MLLS,multarget_acc_RLLS
40,86.3076923076923,70.5952380952381,74.2091836734694,72.50850340136054,73.01020408163265,72.7295918367347,0.261156966354774,0.15357211305424065,0.20154688214186203,74.2091836734694,72.50850340136054,73.01020408163265,72.7295918367347
