epoch,source_acc,target_acc_no_im,target_acc_oracle,target_acc_baseline,target_acc_MLLS,target_acc_RLLS,baseline_AE,MLLS_AE,RLLS_AE,multarget_acc_oracle,multarget_acc_baseline,multarget_acc_MLLS,multarget_acc_RLLS
40,87.6923076923077,66.46341463414635,68.29268292682927,67.07317073170732,67.6829268292683,67.07317073170732,0.20627233122543592,0.2426997173304965,0.22706296111487134,68.29268292682927,67.07317073170732,67.6829268292683,67.07317073170732
