epoch,source_acc,target_acc_no_im,target_acc_oracle,target_acc_baseline,target_acc_MLLS,target_acc_RLLS,baseline_AE,MLLS_AE,RLLS_AE,cal_target_acc_no_im,cal_target_acc_oracle,cal_target_acc_baseline,cal_target_acc_MLLS,cal_target_acc_RLLS,cal_baseline_AE,cal_MLLS_AE,cal_RLLS_AE,cal_source_acc
50,89.87688098495212,65.65464895635674,66.79316888045541,64.89563567362428,65.84440227703985,65.65464895635674,0.2578453687611663,0.2656850955892285,0.26903686248873165,65.65464895635674,64.32637571157495,61.29032258064516,51.61290322580645,60.151802656546494,0.34487237640240354,0.7323700724040785,0.4107001345984019,93.70725034199727
