epoch,source_acc,target_acc_no_im,target_acc_oracle,target_acc_baseline,target_acc_MLLS,target_acc_RLLS,baseline_AE,MLLS_AE,RLLS_AE,multarget_acc_oracle,multarget_acc_baseline,multarget_acc_MLLS,multarget_acc_RLLS
39,79.51666666666667,73.80952380952381,83.33333333333334,78.57142857142857,78.57142857142857,78.57142857142857,0.47892919155613817,0.37191456849022203,0.429853014066357,83.33333333333334,78.57142857142857,78.57142857142857,78.57142857142857
