epoch,source_acc,target_acc_no_im,target_acc_oracle,target_acc_baseline,target_acc_MLLS,target_acc_RLLS,baseline_AE,MLLS_AE,RLLS_AE,multarget_acc_oracle,multarget_acc_baseline,multarget_acc_MLLS,multarget_acc_RLLS
49,42.44,35.90425531914894,45.47872340425532,32.180851063829785,22.606382978723406,28.723404255319153,0.8283066763171053,1.181422531288702,0.9231618706043125,45.47872340425532,32.180851063829785,22.606382978723406,28.723404255319153
