epoch,source_acc,target_acc_no_im,target_acc_oracle,target_acc_baseline,target_acc_MLLS,target_acc_RLLS,baseline_AE,MLLS_AE,RLLS_AE,cal_target_acc_no_im,cal_target_acc_oracle,cal_target_acc_baseline,cal_target_acc_MLLS,cal_target_acc_RLLS,cal_baseline_AE,cal_MLLS_AE,cal_RLLS_AE,cal_source_acc
20,78.15075305484513,39.12448700410397,46.37482900136799,39.398084815321475,38.7140902872777,39.398084815321475,0.8601887021656001,0.9118736542594078,0.8627888458352395,40.21887824897401,43.912448700410394,37.07250341997264,28.864569083447332,35.15731874145007,0.8310287517661715,1.2894830696972046,0.872838175313367,81.19138959931799
