epoch,source_acc,target_acc_no_im,target_acc_oracle,target_acc_baseline,target_acc_MLLS,target_acc_RLLS,baseline_AE,MLLS_AE,RLLS_AE,cal_target_acc_no_im,cal_target_acc_oracle,cal_target_acc_baseline,cal_target_acc_MLLS,cal_target_acc_RLLS,cal_baseline_AE,cal_MLLS_AE,cal_RLLS_AE,cal_source_acc
29,58.2766840293105,51.235632183908045,52.816091954022994,51.86781609195402,52.1551724137931,52.1551724137931,0.300611561087854,0.2823410401854738,0.3480568578757718,51.66666666666667,53.99425287356322,52.58620689655172,52.270114942528735,52.32758620689655,0.30704551116789525,0.3804587909785693,0.3183867000896029,59.053588770195105
