epoch,source_acc,target_acc_no_im,target_acc_oracle,target_acc_baseline,target_acc_MLLS,target_acc_RLLS,baseline_AE,MLLS_AE,RLLS_AE,cal_target_acc_no_im,cal_target_acc_oracle,cal_target_acc_baseline,cal_target_acc_MLLS,cal_target_acc_RLLS,cal_baseline_AE,cal_MLLS_AE,cal_RLLS_AE,cal_source_acc
10,98.03076923076924,83.23629419162513,83.29684661605104,83.1803996460012,83.15245237318925,83.17108388839722,0.11000454533272395,0.11440873253517757,0.11213004224271357,81.92743024826494,82.38390237086031,82.0252457031068,82.00195630909684,82.04853509711677,0.12989663701828774,0.13308012175216566,0.1295562352856936,98.15384615384616
