epoch,source_acc,target_acc_no_im,target_acc_oracle,target_acc_baseline,target_acc_MLLS,target_acc_RLLS,baseline_AE,MLLS_AE,RLLS_AE,cal_target_acc_no_im,cal_target_acc_oracle,cal_target_acc_baseline,cal_target_acc_MLLS,cal_target_acc_RLLS,cal_baseline_AE,cal_MLLS_AE,cal_RLLS_AE,cal_source_acc
40,75.05882352941177,52.17391304347826,52.17391304347826,52.17391304347826,52.17391304347826,52.17391304347826,0.7667467799083698,0.758140960627276,0.8965303845325565,65.21739130434783,56.52173913043478,65.21739130434783,56.52173913043478,60.86956521739131,0.30728477601002413,0.630087033723311,0.4043941626783056,81.17647058823529
