epoch,source_acc,target_acc_no_im,target_acc_oracle,target_acc_baseline,target_acc_MLLS,target_acc_RLLS,baseline_AE,MLLS_AE,RLLS_AE,cal_target_acc_no_im,cal_target_acc_oracle,cal_target_acc_baseline,cal_target_acc_MLLS,cal_target_acc_RLLS,cal_baseline_AE,cal_MLLS_AE,cal_RLLS_AE,cal_source_acc
10,97.03333333333333,75.55555555555556,75.55555555555556,74.81481481481481,74.81481481481481,74.81481481481481,0.1487463589412747,0.16712352483429843,0.15196301545131188,77.03703703703704,76.29629629629629,77.03703703703704,76.29629629629629,77.03703703703704,0.19682307045009956,0.25843731766497646,0.20213990403017928,97.3
