epoch,source_acc,target_acc_no_im,target_acc_oracle,target_acc_baseline,target_acc_MLLS,target_acc_RLLS,baseline_AE,MLLS_AE,RLLS_AE,multarget_acc_oracle,multarget_acc_baseline,multarget_acc_MLLS,multarget_acc_RLLS
9,98.72,63.420245398773,65.87423312883436,59.89263803680982,59.20245398773007,59.89263803680982,0.5152357499475129,0.6292362716963138,0.5212751065131201,65.87423312883436,59.89263803680982,59.20245398773007,59.89263803680982
