epoch,source_acc,target_acc_no_im,target_acc_oracle,target_acc_baseline,target_acc_MLLS,target_acc_RLLS,baseline_AE,MLLS_AE,RLLS_AE,multarget_acc_oracle,multarget_acc_baseline,multarget_acc_MLLS,multarget_acc_RLLS
40,77.23529411764706,76.51331719128329,78.4503631961259,76.87651331719128,77.11864406779661,76.63438256658596,0.18568826678770506,0.14211460895899497,0.19938829167798883,78.4503631961259,76.87651331719128,77.11864406779661,76.63438256658596
