epoch,source_acc,target_acc_no_im,target_acc_oracle,target_acc_baseline,target_acc_MLLS,target_acc_RLLS,baseline_AE,MLLS_AE,RLLS_AE,cal_target_acc_no_im,cal_target_acc_oracle,cal_target_acc_baseline,cal_target_acc_MLLS,cal_target_acc_RLLS,cal_baseline_AE,cal_MLLS_AE,cal_RLLS_AE,cal_source_acc
44,68.57,57.46887966804979,57.676348547717836,57.572614107883815,57.572614107883815,57.8838174273859,0.2551532047626821,0.2664731118385584,0.3503466309505814,59.232365145228215,59.33609958506224,57.8838174273859,51.141078838174266,54.56431535269709,0.25142807589700883,0.5597306302316664,0.4253333280381528,70.38
