epoch,source_acc,target_acc_no_im,target_acc_oracle,target_acc_baseline,target_acc_MLLS,target_acc_RLLS,baseline_AE,MLLS_AE,RLLS_AE,cal_target_acc_no_im,cal_target_acc_oracle,cal_target_acc_baseline,cal_target_acc_MLLS,cal_target_acc_RLLS,cal_baseline_AE,cal_MLLS_AE,cal_RLLS_AE,cal_source_acc
9,90.09,80.60200668896321,81.10367892976589,80.10033444816054,80.2675585284281,80.43478260869566,0.21523548094252046,0.2418374520867446,0.24439550256072018,81.27090301003345,81.77257525083613,79.4314381270903,78.26086956521739,78.92976588628763,0.2264133650450547,0.3005047494184314,0.2560508902168852,90.48
