epoch,source_acc,target_acc_no_im,target_acc_oracle,target_acc_baseline,target_acc_MLLS,target_acc_RLLS,baseline_AE,MLLS_AE,RLLS_AE,multarget_acc_oracle,multarget_acc_baseline,multarget_acc_MLLS,multarget_acc_RLLS
28,50.8431182131191,42.31625835189309,48.329621380846326,43.42984409799555,45.211581291759465,43.652561247216035,0.5477258345930028,0.4442144065224215,0.5640553245191193,47.43875278396437,43.42984409799555,44.32071269487751,44.543429844098
