epoch,source_acc,target_acc_no_im,target_acc_oracle,target_acc_baseline,target_acc_MLLS,target_acc_RLLS,baseline_AE,MLLS_AE,RLLS_AE,cal_target_acc_no_im,cal_target_acc_oracle,cal_target_acc_baseline,cal_target_acc_MLLS,cal_target_acc_RLLS,cal_baseline_AE,cal_MLLS_AE,cal_RLLS_AE,cal_source_acc
10,99.51728247914183,92.32223009685802,93.00732341129223,92.7710843373494,92.7710843373494,92.7710843373494,0.1302783411042842,0.1165776770608577,0.12490214443700792,92.7710843373494,94.4247578549492,94.14127096621782,94.23576659579494,94.14127096621782,0.12457113676239578,0.07119587772060959,0.11661570356656117,99.53516090584029
