epoch,source_acc,target_acc_no_im,target_acc_oracle,target_acc_baseline,target_acc_MLLS,target_acc_RLLS,baseline_AE,MLLS_AE,RLLS_AE,cal_target_acc_no_im,cal_target_acc_oracle,cal_target_acc_baseline,cal_target_acc_MLLS,cal_target_acc_RLLS,cal_baseline_AE,cal_MLLS_AE,cal_RLLS_AE,cal_source_acc
49,77.59,72.95081967213115,81.14754098360656,75.0,75.81967213114754,77.45901639344262,0.5107053480880166,0.32698462724302874,0.35287257350699824,73.36065573770492,81.14754098360656,76.22950819672131,76.22950819672131,78.68852459016394,0.4818399874192899,0.33272866584609645,0.3436086113247362,77.94
