epoch,source_acc,target_acc_no_im,target_acc_oracle,target_acc_baseline,target_acc_MLLS,target_acc_RLLS,baseline_AE,MLLS_AE,RLLS_AE,multarget_acc_oracle,multarget_acc_baseline,multarget_acc_MLLS,multarget_acc_RLLS
9,90.03999999999999,80.70539419087137,81.12033195020747,80.29045643153528,80.08298755186722,80.18672199170125,0.19004139399998415,0.22182501385112086,0.219872794549782,81.12033195020747,80.29045643153528,80.08298755186722,80.18672199170125
