epoch,source_acc,target_acc_no_im,target_acc_oracle,target_acc_baseline,target_acc_MLLS,target_acc_RLLS,baseline_AE,MLLS_AE,RLLS_AE,multarget_acc_oracle,multarget_acc_baseline,multarget_acc_MLLS,multarget_acc_RLLS
39,78.2,41.5520857608949,55.11535772547192,45.81682591470519,49.21929620135167,47.40153810300629,0.7595398142303125,0.43502925286726385,0.5848186675010636,55.11535772547192,45.81682591470519,49.21929620135167,47.40153810300629
