epoch,source_acc,cal_source_acc
1,95.68333333333334,95.68333333333334
2,96.0,96.0
3,95.56666666666666,95.56666666666666
4,95.73333333333333,95.73333333333333
5,95.98333333333333,95.98333333333333
6,96.21666666666667,96.21666666666667
7,96.76666666666667,96.76666666666667
8,96.85000000000001,96.85000000000001
9,97.01666666666667,97.01666666666667
10,97.03333333333333,97.03333333333333
