epoch,source_acc,cal_source_acc
1,95.34883720930233,95.34883720930233
2,94.52804377564979,94.52804377564979
3,93.84404924760602,93.84404924760602
4,95.21203830369357,95.21203830369357
5,95.62243502051983,95.62243502051983
6,95.62243502051983,95.62243502051983
7,95.34883720930233,95.34883720930233
8,95.7592339261286,95.7592339261286
9,95.7592339261286,95.7592339261286
10,95.7592339261286,95.7592339261286
