epoch,source_acc,target_acc_no_im,target_acc_oracle,target_acc_baseline,target_acc_MLLS,target_acc_RLLS,baseline_AE,MLLS_AE,RLLS_AE,cal_target_acc_no_im,cal_target_acc_oracle,cal_target_acc_baseline,cal_target_acc_MLLS,cal_target_acc_RLLS,cal_baseline_AE,cal_MLLS_AE,cal_RLLS_AE,cal_source_acc
40,79.38461538461539,83.81308411214953,83.85046728971962,83.81308411214953,83.81308411214953,83.81308411214953,0.03366339522822995,0.03725593853219647,0.049232103933228,83.25233644859813,83.32710280373831,83.14018691588785,83.06542056074765,82.95327102803738,0.053286318032541025,0.07793364703515981,0.08734287797322787,79.61538461538461
