epoch,source_acc,target_acc_no_im,target_acc_oracle,target_acc_baseline,target_acc_MLLS,target_acc_RLLS,baseline_AE,MLLS_AE,RLLS_AE,multarget_acc_oracle,multarget_acc_baseline,multarget_acc_MLLS,multarget_acc_RLLS
40,71.94117647058823,54.54545454545454,72.72727272727273,54.54545454545454,54.54545454545454,54.54545454545454,0.8157273028839633,0.8969261694290747,1.009059032634248,72.72727272727273,54.54545454545454,54.54545454545454,54.54545454545454
