epoch,source_acc,target_acc_no_im,target_acc_oracle,target_acc_baseline,target_acc_MLLS,target_acc_RLLS,baseline_AE,MLLS_AE,RLLS_AE,multarget_acc_oracle,multarget_acc_baseline,multarget_acc_MLLS,multarget_acc_RLLS
49,82.35294117647058,39.6600566572238,43.05949008498583,38.243626062322946,26.912181303116146,37.960339943342774,0.5109446459072549,1.1583750543588196,0.5247777520920263,39.376770538243626,35.69405099150141,27.762039660056658,35.977337110481585
