epoch,source_acc,target_acc_no_im,target_acc_oracle,target_acc_baseline,target_acc_MLLS,target_acc_RLLS,baseline_AE,MLLS_AE,RLLS_AE,cal_target_acc_no_im,cal_target_acc_oracle,cal_target_acc_baseline,cal_target_acc_MLLS,cal_target_acc_RLLS,cal_baseline_AE,cal_MLLS_AE,cal_RLLS_AE,cal_source_acc
40,86.36923076923077,84.87457880943467,86.59678023212281,85.8479970048671,85.88543616622988,85.88543616622988,0.19587747774563538,0.17485157236002194,0.13740339771347715,91.87570198427555,93.14863347061025,93.37326843878697,93.18607263197305,93.22351179333583,0.07879560517592796,0.029507612799078455,0.035834328745568245,89.87692307692308
