epoch,source_acc,target_acc_no_im,target_acc_oracle,target_acc_baseline,target_acc_MLLS,target_acc_RLLS,baseline_AE,MLLS_AE,RLLS_AE,multarget_acc_oracle,multarget_acc_baseline,multarget_acc_MLLS,multarget_acc_RLLS
10,99.51430274135876,94.26410337220297,94.26410337220297,94.27986132997164,94.27986132997164,94.27986132997164,0.03393370795054573,0.03636298465533394,0.03520166529012647,94.27986132997164,94.29561928774031,94.29561928774031,94.29561928774031
