epoch,source_acc,target_acc_no_im,target_acc_oracle,target_acc_baseline,target_acc_MLLS,target_acc_RLLS,baseline_AE,MLLS_AE,RLLS_AE,cal_target_acc_no_im,cal_target_acc_oracle,cal_target_acc_baseline,cal_target_acc_MLLS,cal_target_acc_RLLS,cal_baseline_AE,cal_MLLS_AE,cal_RLLS_AE,cal_source_acc
40,80.01666666666667,75.63188593648736,79.26117952041479,77.31691510045367,77.51134154244977,78.0298120544394,0.4085406594320031,0.34552287481416183,0.19435809135635276,86.00129617627998,88.2047958522359,87.81594296824368,88.0103694102398,88.26960466623461,0.1991187407045456,0.046416114788384435,0.0643119957126621,84.33333333333334
