epoch,source_acc,target_acc_no_im,target_acc_oracle,target_acc_baseline,target_acc_MLLS,target_acc_RLLS,baseline_AE,MLLS_AE,RLLS_AE,cal_target_acc_no_im,cal_target_acc_oracle,cal_target_acc_baseline,cal_target_acc_MLLS,cal_target_acc_RLLS,cal_baseline_AE,cal_MLLS_AE,cal_RLLS_AE,cal_source_acc
40,76.2,45.23809523809524,45.23809523809524,45.23809523809524,45.23809523809524,42.857142857142854,0.8132995448889091,0.772750957558608,0.7927502558574969,45.23809523809524,47.61904761904761,45.23809523809524,33.33333333333333,42.857142857142854,0.5853921579795756,0.884940702874311,0.6737232490952171,78.11666666666667
