epoch,source_acc,target_acc_no_im,target_acc_oracle,target_acc_baseline,target_acc_MLLS,target_acc_RLLS,baseline_AE,MLLS_AE,RLLS_AE,cal_target_acc_no_im,cal_target_acc_oracle,cal_target_acc_baseline,cal_target_acc_MLLS,cal_target_acc_RLLS,cal_baseline_AE,cal_MLLS_AE,cal_RLLS_AE,cal_source_acc
7,98.82352941176471,98.86877828054298,98.86877828054298,98.86877828054298,98.86877828054298,98.86877828054298,0.010422583888558781,0.01052382939002093,0.010693878313275965,98.69909502262443,98.69909502262443,98.64253393665159,98.64253393665159,98.64253393665159,0.013330277274636662,0.013666734318522847,0.013702577586850832,98.76470588235294
