epoch,source_acc,target_acc_no_im,target_acc_oracle,target_acc_baseline,target_acc_MLLS,target_acc_RLLS,baseline_AE,MLLS_AE,RLLS_AE,cal_target_acc_no_im,cal_target_acc_oracle,cal_target_acc_baseline,cal_target_acc_MLLS,cal_target_acc_RLLS,cal_baseline_AE,cal_MLLS_AE,cal_RLLS_AE,cal_source_acc
20,79.13469735720375,30.438010393466964,40.31180400890869,31.180400890868597,30.88344469190794,31.47735708982925,0.9996774829915788,1.0937164410646214,0.9855386860867443,34.0014847809948,41.202672605790646,32.88789903489236,20.11878247958426,30.88344469190794,0.9364447196462083,1.460003456118605,0.9513205729096897,81.37254901960785
