epoch,source_acc,target_acc_no_im,target_acc_oracle,target_acc_baseline,target_acc_MLLS,target_acc_RLLS,baseline_AE,MLLS_AE,RLLS_AE,cal_target_acc_no_im,cal_target_acc_oracle,cal_target_acc_baseline,cal_target_acc_MLLS,cal_target_acc_RLLS,cal_baseline_AE,cal_MLLS_AE,cal_RLLS_AE,cal_source_acc
10,98.03076923076924,84.97448979591836,85.47619047619047,84.97448979591836,85.02551020408163,84.99149659863946,0.1601204395040768,0.15207988645146495,0.16066697811004618,84.43877551020408,85.21258503401361,84.60884353741497,84.70238095238095,84.62585034013605,0.1786217714425455,0.15854349422718392,0.1747469721704786,98.15384615384616
