epoch,source_acc,target_acc_no_im,target_acc_oracle,target_acc_baseline,target_acc_MLLS,target_acc_RLLS,baseline_AE,MLLS_AE,RLLS_AE,multarget_acc_oracle,multarget_acc_baseline,multarget_acc_MLLS,multarget_acc_RLLS
28,51.12562902798623,52.76238455079765,53.14861460957179,52.5776658270361,52.426532325776655,50.898404701931156,0.1547473690736225,0.18640571330986533,0.37263881818778877,51.402183039462635,50.9487825356843,50.96557514693535,49.43744752308984
