epoch,source_acc,target_acc_no_im,target_acc_oracle,target_acc_baseline,target_acc_MLLS,target_acc_RLLS,baseline_AE,MLLS_AE,RLLS_AE,multarget_acc_oracle,multarget_acc_baseline,multarget_acc_MLLS,multarget_acc_RLLS
39,78.2,48.05503439649781,54.671669793621014,49.9437148217636,51.43214509068168,50.50656660412758,0.5400696365487734,0.43515490149778313,0.5237821288973888,54.671669793621014,49.9437148217636,51.43214509068168,50.50656660412758
