epoch,source_acc,target_acc_no_im,target_acc_oracle,target_acc_baseline,target_acc_MLLS,target_acc_RLLS,baseline_AE,MLLS_AE,RLLS_AE,multarget_acc_oracle,multarget_acc_baseline,multarget_acc_MLLS,multarget_acc_RLLS
49,42.44,8.506224066390041,10.58091286307054,6.639004149377594,3.2157676348547715,6.639004149377594,0.38225125324723014,1.9004508241497464,0.6071454534117489,10.58091286307054,6.639004149377594,3.2157676348547715,6.639004149377594
