epoch,source_acc,target_acc_no_im,target_acc_oracle,target_acc_baseline,target_acc_MLLS,target_acc_RLLS,baseline_AE,MLLS_AE,RLLS_AE,multarget_acc_oracle,multarget_acc_baseline,multarget_acc_MLLS,multarget_acc_RLLS
49,82.76333789329685,41.42011834319527,39.64497041420118,34.714003944773175,21.696252465483234,34.12228796844182,0.42430141148445816,1.3351083772079828,0.5213386599360414,39.25049309664694,34.12228796844182,22.682445759368836,34.319526627218934
