epoch,source_acc,target_acc_no_im,target_acc_oracle,target_acc_baseline,target_acc_MLLS,target_acc_RLLS,baseline_AE,MLLS_AE,RLLS_AE,multarget_acc_oracle,multarget_acc_baseline,multarget_acc_MLLS,multarget_acc_RLLS
9,98.72999999999999,91.60000000000001,91.60000000000001,91.60000000000001,91.60000000000001,91.60000000000001,0.039373797178268444,0.04125080704689027,0.04009616029244391,91.60000000000001,91.60000000000001,91.60000000000001,91.60000000000001
