epoch,source_acc,target_acc_no_im,target_acc_oracle,target_acc_baseline,target_acc_MLLS,target_acc_RLLS,baseline_AE,MLLS_AE,RLLS_AE,multarget_acc_oracle,multarget_acc_baseline,multarget_acc_MLLS,multarget_acc_RLLS
40,68.0,36.36363636363637,54.54545454545454,36.36363636363637,45.45454545454545,36.36363636363637,0.8683561342821287,1.0260601893291368,0.8441921173964044,54.54545454545454,36.36363636363637,45.45454545454545,36.36363636363637
