epoch,source_acc,target_acc_no_im,target_acc_oracle,target_acc_baseline,target_acc_MLLS,target_acc_RLLS,baseline_AE,MLLS_AE,RLLS_AE,cal_target_acc_no_im,cal_target_acc_oracle,cal_target_acc_baseline,cal_target_acc_MLLS,cal_target_acc_RLLS,cal_baseline_AE,cal_MLLS_AE,cal_RLLS_AE,cal_source_acc
40,78.6923076923077,82.59036144578313,82.53012048192771,82.34939759036145,82.34939759036145,82.34939759036145,0.10023683015122474,0.09104558531060276,0.07291087656087411,83.07228915662651,82.83132530120481,82.7710843373494,82.95180722891567,82.95180722891567,0.08762786997010909,0.08600684198360127,0.08863769093841217,79.0
