epoch,source_acc,target_acc_no_im,target_acc_oracle,target_acc_baseline,target_acc_MLLS,target_acc_RLLS,baseline_AE,MLLS_AE,RLLS_AE,multarget_acc_oracle,multarget_acc_baseline,multarget_acc_MLLS,multarget_acc_RLLS
40,84.9076923076923,87.8048780487805,90.2439024390244,89.02439024390245,90.2439024390244,87.8048780487805,0.23423088876893974,0.12677211592013643,0.1853851539452597,90.2439024390244,89.02439024390245,90.2439024390244,87.8048780487805
