epoch,source_acc,target_acc_no_im,target_acc_oracle,target_acc_baseline,target_acc_MLLS,target_acc_RLLS,baseline_AE,MLLS_AE,RLLS_AE,multarget_acc_oracle,multarget_acc_baseline,multarget_acc_MLLS,multarget_acc_RLLS
4,69.19,59.20245398773007,50.76687116564417,49.00306748466258,27.300613496932513,30.214723926380366,0.2089764415943549,0.9932516666202815,0.6441948032023356,50.76687116564417,49.00306748466258,27.300613496932513,30.214723926380366
