epoch,source_acc,target_acc_no_im,target_acc_oracle,target_acc_baseline,target_acc_MLLS,target_acc_RLLS,baseline_AE,MLLS_AE,RLLS_AE,multarget_acc_oracle,multarget_acc_baseline,multarget_acc_MLLS,multarget_acc_RLLS
40,72.5,39.28099074185403,39.749909823253574,38.222916917157626,36.71997114344114,36.62378261392329,0.2884245748451707,0.48002914444406697,0.44577715096645554,39.749909823253574,38.222916917157626,36.71997114344114,36.62378261392329
