epoch,source_acc,target_acc_no_im,target_acc_oracle,target_acc_baseline,target_acc_MLLS,target_acc_RLLS,baseline_AE,MLLS_AE,RLLS_AE,multarget_acc_oracle,multarget_acc_baseline,multarget_acc_MLLS,multarget_acc_RLLS
39,78.2,63.70370370370371,64.44444444444444,63.70370370370371,61.48148148148148,61.48148148148148,0.24612320251073,0.3485638092871307,0.3308455789100573,64.44444444444444,63.70370370370371,61.48148148148148,61.48148148148148
