epoch,source_acc,target_acc_no_im,target_acc_oracle,target_acc_baseline,target_acc_MLLS,target_acc_RLLS,baseline_AE,MLLS_AE,RLLS_AE,cal_target_acc_no_im,cal_target_acc_oracle,cal_target_acc_baseline,cal_target_acc_MLLS,cal_target_acc_RLLS,cal_baseline_AE,cal_MLLS_AE,cal_RLLS_AE,cal_source_acc
10,99.74576618690286,43.21034613921643,46.29136553822747,43.49562571319894,43.45758843666793,43.49562571319894,0.5159592133634623,0.5275698703401621,0.5157120244018566,42.29745150247242,40.43362495245341,35.37466717383035,31.437809052871813,35.37466717383035,0.7225225266372413,1.2995840777699035,0.7244514647103228,99.96719563701973
