epoch,source_acc,target_acc_no_im,target_acc_oracle,target_acc_baseline,target_acc_MLLS,target_acc_RLLS,baseline_AE,MLLS_AE,RLLS_AE,cal_target_acc_no_im,cal_target_acc_oracle,cal_target_acc_baseline,cal_target_acc_MLLS,cal_target_acc_RLLS,cal_baseline_AE,cal_MLLS_AE,cal_RLLS_AE,cal_source_acc
31,86.06153846153846,87.00706633234556,87.12103943469342,87.14383405516298,87.14383405516298,87.07545019375428,0.03693492851891549,0.02541949855919875,0.02325739859273525,86.4599954410759,86.87029860952815,86.71073626624116,86.98427171187599,86.96147709140642,0.05045105269463645,0.02505827540922797,0.030315971499284243,85.98461538461538
