epoch,source_acc,target_acc_no_im,target_acc_oracle,target_acc_baseline,target_acc_MLLS,target_acc_RLLS,baseline_AE,MLLS_AE,RLLS_AE,cal_target_acc_no_im,cal_target_acc_oracle,cal_target_acc_baseline,cal_target_acc_MLLS,cal_target_acc_RLLS,cal_baseline_AE,cal_MLLS_AE,cal_RLLS_AE,cal_source_acc
9,79.93393009377664,42.30960676953708,46.93877551020408,40.56744649079144,28.073668491786957,39.522150323544054,0.6809077171589488,1.1829610153100272,0.7459107775739161,43.603782976605274,47.038327526132406,41.71229467396715,38.028870084619214,40.866102538576406,0.6719546639030824,0.9047325290441305,0.7377770876036829,80.218101733447
