epoch,source_acc,target_acc_no_im,target_acc_oracle,target_acc_baseline,target_acc_MLLS,target_acc_RLLS,baseline_AE,MLLS_AE,RLLS_AE,cal_target_acc_no_im,cal_target_acc_oracle,cal_target_acc_baseline,cal_target_acc_MLLS,cal_target_acc_RLLS,cal_baseline_AE,cal_MLLS_AE,cal_RLLS_AE,cal_source_acc
7,66.91092080868721,68.88504753673294,73.55229040622298,70.95937770095074,71.4779602420052,70.95937770095074,0.29363448850085844,0.2084520866915266,0.2322482316574443,69.23076923076923,74.07087294727745,71.82368193604148,73.46585998271391,72.1694036300778,0.3711106771324395,0.2038741108664886,0.23050275068116755,67.24640240134192
