epoch,source_acc,target_acc_no_im,target_acc_oracle,target_acc_baseline,target_acc_MLLS,target_acc_RLLS,baseline_AE,MLLS_AE,RLLS_AE,multarget_acc_oracle,multarget_acc_baseline,multarget_acc_MLLS,multarget_acc_RLLS
40,84.9076923076923,67.6829268292683,67.6829268292683,66.46341463414635,67.07317073170732,67.07317073170732,0.16173528879880905,0.24617420277762708,0.2235511126514806,67.6829268292683,66.46341463414635,67.07317073170732,67.07317073170732
