epoch,source_acc,target_acc_no_im,target_acc_oracle,target_acc_baseline,target_acc_MLLS,target_acc_RLLS,baseline_AE,MLLS_AE,RLLS_AE,multarget_acc_oracle,multarget_acc_baseline,multarget_acc_MLLS,multarget_acc_RLLS
49,82.07934336525308,36.39417693169093,37.62597984322508,36.39417693169093,22.508398656215007,35.94624860022396,0.35480301728845476,1.1357148554735874,0.3717106416301643,36.954087346024636,33.93057110862262,23.96416573348264,34.266517357222845
