epoch,source_acc,target_acc_no_im,target_acc_oracle,target_acc_baseline,target_acc_MLLS,target_acc_RLLS,baseline_AE,MLLS_AE,RLLS_AE,cal_target_acc_no_im,cal_target_acc_oracle,cal_target_acc_baseline,cal_target_acc_MLLS,cal_target_acc_RLLS,cal_baseline_AE,cal_MLLS_AE,cal_RLLS_AE,cal_source_acc
9,79.93393009377664,43.84439359267734,46.44655116050997,41.41222621771821,27.159202353710366,39.679633867276884,0.5879636662300518,1.1863784150822734,0.697568388137639,44.60281137626676,46.87152664269369,42.222948676037916,37.65282772147761,40.79110820529585,0.5829241343842232,0.8996945381965821,0.6927632625262766,80.218101733447
