epoch,source_acc,target_acc_no_im,target_acc_oracle,target_acc_baseline,target_acc_MLLS,target_acc_RLLS,baseline_AE,MLLS_AE,RLLS_AE,cal_target_acc_no_im,cal_target_acc_oracle,cal_target_acc_baseline,cal_target_acc_MLLS,cal_target_acc_RLLS,cal_baseline_AE,cal_MLLS_AE,cal_RLLS_AE,cal_source_acc
30,73.53846153846155,55.769230769230774,53.84615384615385,51.92307692307693,53.84615384615385,53.84615384615385,0.3408822104191551,0.3963121357547398,0.4350407109906276,53.84615384615385,55.769230769230774,53.84615384615385,53.84615384615385,53.84615384615385,0.28529023321775293,0.5576302002948318,0.4040265216282308,73.34615384615385
