epoch,source_acc,target_acc_no_im,target_acc_oracle,target_acc_baseline,target_acc_MLLS,target_acc_RLLS,baseline_AE,MLLS_AE,RLLS_AE,cal_target_acc_no_im,cal_target_acc_oracle,cal_target_acc_baseline,cal_target_acc_MLLS,cal_target_acc_RLLS,cal_baseline_AE,cal_MLLS_AE,cal_RLLS_AE,cal_source_acc
44,94.43,83.45323741007195,84.27543679342241,83.76156217882837,83.65878725590956,83.76156217882837,0.11732172707568582,0.0879655016427295,0.09751725563605156,82.9393627954779,84.06988694758479,84.06988694758479,83.76156217882837,83.65878725590956,0.12557375156545564,0.09006942161583827,0.10814126213511999,94.42
