epoch,source_acc,target_acc_no_im,target_acc_oracle,target_acc_baseline,target_acc_MLLS,target_acc_RLLS,baseline_AE,MLLS_AE,RLLS_AE,multarget_acc_oracle,multarget_acc_baseline,multarget_acc_MLLS,multarget_acc_RLLS
40,87.46153846153845,85.36585365853658,85.97560975609755,85.36585365853658,85.36585365853658,85.36585365853658,0.13779145033984652,0.12940625092241825,0.13297978023581458,85.97560975609755,85.36585365853658,85.36585365853658,85.36585365853658
