epoch,source_acc,target_acc_no_im,target_acc_oracle,target_acc_baseline,target_acc_MLLS,target_acc_RLLS,baseline_AE,MLLS_AE,RLLS_AE,cal_target_acc_no_im,cal_target_acc_oracle,cal_target_acc_baseline,cal_target_acc_MLLS,cal_target_acc_RLLS,cal_baseline_AE,cal_MLLS_AE,cal_RLLS_AE,cal_source_acc
33,85.11764705882354,55.25301204819277,56.07228915662651,55.012048192771076,54.93975903614457,55.03614457831325,0.29359266864786665,0.32461677884301504,0.3134604957802167,54.98795180722892,56.12048192771084,55.20481927710843,54.795180722891565,54.93975903614457,0.28637604170445213,0.36506155656807754,0.309215433367306,85.94117647058823
