epoch,source_acc,target_acc_no_im,target_acc_oracle,target_acc_baseline,target_acc_MLLS,target_acc_RLLS,baseline_AE,MLLS_AE,RLLS_AE,cal_target_acc_no_im,cal_target_acc_oracle,cal_target_acc_baseline,cal_target_acc_MLLS,cal_target_acc_RLLS,cal_baseline_AE,cal_MLLS_AE,cal_RLLS_AE,cal_source_acc
10,99.51728247914183,94.37744182096144,94.39442840156276,94.39442840156276,94.39442840156276,94.39442840156276,0.025013642125205016,0.0290642843771734,0.027050872223557287,94.41141498216409,94.36045524036012,94.39442840156276,94.34346865975878,94.37744182096144,0.006294714026526427,0.022402213625983214,0.008998583218698175,99.53516090584029
