epoch,source_acc,target_acc_no_im,target_acc_oracle,target_acc_baseline,target_acc_MLLS,target_acc_RLLS,baseline_AE,MLLS_AE,RLLS_AE,multarget_acc_oracle,multarget_acc_baseline,multarget_acc_MLLS,multarget_acc_RLLS
7,99.47923073768811,99.71408148677628,99.64260185847034,99.64260185847034,99.64260185847034,99.64260185847034,0.005558211400338022,0.0058011366680179675,0.009249015313477068,99.64260185847034,99.64260185847034,99.64260185847034,99.64260185847034
