epoch,source_acc,target_acc_no_im,target_acc_oracle,target_acc_baseline,target_acc_MLLS,target_acc_RLLS,baseline_AE,MLLS_AE,RLLS_AE,cal_target_acc_no_im,cal_target_acc_oracle,cal_target_acc_baseline,cal_target_acc_MLLS,cal_target_acc_RLLS,cal_baseline_AE,cal_MLLS_AE,cal_RLLS_AE,cal_source_acc
7,99.47923073768811,99.71408148677628,99.64260185847034,99.64260185847034,99.64260185847034,99.64260185847034,0.005563061728306619,0.005805025871089562,0.00925396059911598,99.49964260185847,99.71408148677628,99.64260185847034,99.64260185847034,99.64260185847034,0.006154959870927084,0.00482830972816157,0.005657229776864212,99.65145364333456
