epoch,source_acc,target_acc_no_im,target_acc_oracle,target_acc_baseline,target_acc_MLLS,target_acc_RLLS,baseline_AE,MLLS_AE,RLLS_AE,cal_target_acc_no_im,cal_target_acc_oracle,cal_target_acc_baseline,cal_target_acc_MLLS,cal_target_acc_RLLS,cal_baseline_AE,cal_MLLS_AE,cal_RLLS_AE,cal_source_acc
9,90.09,84.01639344262296,91.39344262295081,86.47540983606558,86.88524590163934,86.0655737704918,0.2912926908409917,0.20235906300509993,0.24641559295519,83.60655737704919,91.80327868852459,85.65573770491804,87.29508196721312,86.47540983606558,0.32060790201950257,0.1790459371404881,0.24334877029194513,90.48
