epoch,source_acc,target_acc_no_im,target_acc_oracle,target_acc_baseline,target_acc_MLLS,target_acc_RLLS,baseline_AE,MLLS_AE,RLLS_AE,multarget_acc_oracle,multarget_acc_baseline,multarget_acc_MLLS,multarget_acc_RLLS
10,99.0281707467093,99.25986842105263,99.25986842105263,99.25986842105263,99.25986842105263,99.25986842105263,0.012967804806274255,0.010509730365715508,0.011646498231827257,99.15021929824562,99.15021929824562,99.15021929824562,99.15021929824562
