epoch,source_acc,target_acc_no_im,target_acc_oracle,target_acc_baseline,target_acc_MLLS,target_acc_RLLS,baseline_AE,MLLS_AE,RLLS_AE,multarget_acc_oracle,multarget_acc_baseline,multarget_acc_MLLS,multarget_acc_RLLS
10,98.03076923076924,99.2137776113815,99.32609509546985,99.28865593410707,99.28865593410707,99.06402096593037,0.00954503991188867,0.006781844481932533,0.011973180148372942,99.32609509546985,99.28865593410707,99.28865593410707,99.06402096593037
