epoch,source_acc,target_acc_no_im,target_acc_oracle,target_acc_baseline,target_acc_MLLS,target_acc_RLLS,baseline_AE,MLLS_AE,RLLS_AE,multarget_acc_oracle,multarget_acc_baseline,multarget_acc_MLLS,multarget_acc_RLLS
28,51.20508519466761,44.85094850948509,56.36856368563685,47.357723577235774,50.20325203252033,50.271002710027105,0.6577853758084393,0.4325820427785768,0.4837464973600557,52.710027100271006,46.81571815718157,48.3739837398374,48.44173441734417
