epoch,source_acc,target_acc_no_im,target_acc_oracle,target_acc_baseline,target_acc_MLLS,target_acc_RLLS,baseline_AE,MLLS_AE,RLLS_AE,cal_target_acc_no_im,cal_target_acc_oracle,cal_target_acc_baseline,cal_target_acc_MLLS,cal_target_acc_RLLS,cal_baseline_AE,cal_MLLS_AE,cal_RLLS_AE,cal_source_acc
31,86.06153846153846,64.23076923076924,64.23076923076924,63.46153846153846,63.46153846153846,63.46153846153846,0.14698095676990658,0.17454220411869198,0.17266136733376342,65.0,65.0,64.23076923076924,63.84615384615384,64.61538461538461,0.15024862725001115,0.24075590704496092,0.18931891727773398,85.98461538461538
