epoch,source_acc,target_acc_no_im,target_acc_oracle,target_acc_baseline,target_acc_MLLS,target_acc_RLLS,baseline_AE,MLLS_AE,RLLS_AE,cal_target_acc_no_im,cal_target_acc_oracle,cal_target_acc_baseline,cal_target_acc_MLLS,cal_target_acc_RLLS,cal_baseline_AE,cal_MLLS_AE,cal_RLLS_AE,cal_source_acc
40,81.53333333333333,45.925925925925924,45.925925925925924,45.925925925925924,45.925925925925924,46.666666666666664,0.47748827252330045,0.49794921574907164,0.560687104710138,48.148148148148145,51.11111111111111,48.148148148148145,44.44444444444444,47.40740740740741,0.2939805734074778,0.6092673035355575,0.3918309743357868,82.51666666666667
