epoch,source_acc,target_acc_no_im,target_acc_oracle,target_acc_baseline,target_acc_MLLS,target_acc_RLLS,baseline_AE,MLLS_AE,RLLS_AE,cal_target_acc_no_im,cal_target_acc_oracle,cal_target_acc_baseline,cal_target_acc_MLLS,cal_target_acc_RLLS,cal_baseline_AE,cal_MLLS_AE,cal_RLLS_AE,cal_source_acc
8,95.7592339261286,74.7534516765286,75.14792899408283,70.80867850098619,66.07495069033531,70.61143984220908,0.3485506860295006,0.5462524260197609,0.3667087992601165,60.552268244575934,62.1301775147929,56.213017751479285,52.46548323471401,55.818540433925044,0.625919539426342,0.8528605355086349,0.6380295905462285,96.58002735978111
