epoch,source_acc,target_acc_no_im,target_acc_oracle,target_acc_baseline,target_acc_MLLS,target_acc_RLLS,baseline_AE,MLLS_AE,RLLS_AE,multarget_acc_oracle,multarget_acc_baseline,multarget_acc_MLLS,multarget_acc_RLLS
9,96.88461538461539,71.26367680654081,71.50414813033545,71.13141757845376,70.98713478417699,71.09534687988457,0.18012477931392634,0.227835348536848,0.1891255548652376,71.50414813033545,71.13141757845376,70.98713478417699,71.09534687988457
