epoch,source_acc,target_acc_no_im,target_acc_oracle,target_acc_baseline,target_acc_MLLS,target_acc_RLLS,baseline_AE,MLLS_AE,RLLS_AE,multarget_acc_oracle,multarget_acc_baseline,multarget_acc_MLLS,multarget_acc_RLLS
1,85.34,83.47457627118644,86.4406779661017,89.83050847457628,82.20338983050848,86.86440677966102,0.5524029147069333,0.21818619487703575,0.2585485245058745,86.4406779661017,89.83050847457628,82.20338983050848,86.86440677966102
2,87.7,86.65254237288136,89.19491525423729,90.46610169491525,88.34745762711864,88.98305084745762,0.3957480613331673,0.13645680642082234,0.20222819899865688,89.19491525423729,90.46610169491525,88.34745762711864,88.98305084745762
3,88.79,87.92372881355932,89.61864406779661,91.73728813559322,89.40677966101694,90.04237288135593,0.32650056156187734,0.11250329928441069,0.1722136567943549,89.61864406779661,91.73728813559322,89.40677966101694,90.04237288135593
