epoch,source_acc,target_acc_no_im,target_acc_oracle,target_acc_baseline,target_acc_MLLS,target_acc_RLLS,baseline_AE,MLLS_AE,RLLS_AE,multarget_acc_oracle,multarget_acc_baseline,multarget_acc_MLLS,multarget_acc_RLLS
40,84.9076923076923,64.60943686245284,64.89822534817644,63.966649587777724,63.72909776887605,63.63128231403419,0.19404552388561302,0.2454095813080705,0.25969242268231796,64.89822534817644,63.966649587777724,63.72909776887605,63.63128231403419
