epoch,source_acc,target_acc_no_im,target_acc_oracle,target_acc_baseline,target_acc_MLLS,target_acc_RLLS,baseline_AE,MLLS_AE,RLLS_AE,multarget_acc_oracle,multarget_acc_baseline,multarget_acc_MLLS,multarget_acc_RLLS
10,97.03333333333333,75.55555555555556,77.77777777777779,76.66666666666667,76.66666666666667,76.66666666666667,0.21362998064400424,0.21401979401707083,0.21658939598636653,77.77777777777779,76.66666666666667,76.66666666666667,76.66666666666667
