epoch,source_acc,target_acc_no_im,target_acc_oracle,target_acc_baseline,target_acc_MLLS,target_acc_RLLS,baseline_AE,MLLS_AE,RLLS_AE,cal_target_acc_no_im,cal_target_acc_oracle,cal_target_acc_baseline,cal_target_acc_MLLS,cal_target_acc_RLLS,cal_baseline_AE,cal_MLLS_AE,cal_RLLS_AE,cal_source_acc
20,79.17021881216255,42.96296296296296,45.53945249597424,42.38325281803543,0.3864734299516908,42.447665056360705,0.5808585127586616,nan,0.625727414352318,42.31884057971014,44.12238325281804,39.06602254428341,29.822866344605476,37.165861513687595,0.6039385676016179,1.2206660299969272,0.7266244891492629,81.52529127593067
