epoch,source_acc,target_acc_no_im,target_acc_oracle,target_acc_baseline,target_acc_MLLS,target_acc_RLLS,baseline_AE,MLLS_AE,RLLS_AE,multarget_acc_oracle,multarget_acc_baseline,multarget_acc_MLLS,multarget_acc_RLLS
9,90.09,81.64893617021278,85.37234042553192,82.7127659574468,84.57446808510637,84.04255319148936,0.262119042020265,0.20711537073081374,0.23118024685622168,85.37234042553192,82.7127659574468,84.57446808510637,84.04255319148936
