epoch,source_acc,target_acc_no_im,target_acc_oracle,target_acc_baseline,target_acc_MLLS,target_acc_RLLS,baseline_AE,MLLS_AE,RLLS_AE,cal_target_acc_no_im,cal_target_acc_oracle,cal_target_acc_baseline,cal_target_acc_MLLS,cal_target_acc_RLLS,cal_baseline_AE,cal_MLLS_AE,cal_RLLS_AE,cal_source_acc
49,77.59,63.07053941908713,63.48547717842323,58.60995850622407,52.074688796680505,55.290456431535276,0.3092309281769058,0.628707899947263,0.4603868411312003,63.07053941908713,62.75933609958506,58.40248962655602,53.21576763485477,55.3941908713693,0.3181011708283264,0.5990911171072517,0.47700327609091236,77.94
