epoch,source_acc,target_acc_no_im,target_acc_oracle,target_acc_baseline,target_acc_MLLS,target_acc_RLLS,baseline_AE,MLLS_AE,RLLS_AE,multarget_acc_oracle,multarget_acc_baseline,multarget_acc_MLLS,multarget_acc_RLLS
8,93.17342073897497,88.38667959909473,88.46427416747494,88.360814742968,88.3996120271581,88.36728095699968,0.07388465547307271,0.06351967596753377,0.06949319979501173,88.45134173941157,88.3996120271581,88.38667959909473,88.38667959909473
