epoch,source_acc,cal_source_acc
1,87.07729468599034,87.07729468599034
2,87.89784029553851,87.89784029553851
3,88.0363739698778,88.0363739698778
4,88.38803637396988,88.38803637396988
5,88.93861892583121,88.93861892583121
6,88.97414038079,88.97414038079
7,89.50696220517193,89.50696220517193
8,89.48920147769253,89.48920147769253
9,89.6312872975277,89.6312872975277
10,89.65260017050298,89.65260017050298
