epoch,source_acc,target_acc_no_im,target_acc_oracle,target_acc_baseline,target_acc_MLLS,target_acc_RLLS,baseline_AE,MLLS_AE,RLLS_AE,cal_target_acc_no_im,cal_target_acc_oracle,cal_target_acc_baseline,cal_target_acc_MLLS,cal_target_acc_RLLS,cal_baseline_AE,cal_MLLS_AE,cal_RLLS_AE,cal_source_acc
31,86.06153846153846,71.95121951219512,79.26829268292683,73.17073170731707,75.60975609756098,73.17073170731707,0.34897938581317,0.2685771847116991,0.3159341071651836,73.17073170731707,79.26829268292683,78.04878048780488,79.26829268292683,79.26829268292683,0.3423753488275063,0.28282744309620267,0.3141503050356974,85.98461538461538
