epoch,source_acc,target_acc_no_im,target_acc_oracle,target_acc_baseline,target_acc_MLLS,target_acc_RLLS,baseline_AE,MLLS_AE,RLLS_AE,multarget_acc_oracle,multarget_acc_baseline,multarget_acc_MLLS,multarget_acc_RLLS
15,75.16695083830633,46.81238615664845,55.009107468123865,45.3551912568306,38.25136612021858,45.173041894353375,0.7993181257906077,1.1198178359292021,0.8223675988246166,53.73406193078324,44.626593806921676,42.07650273224044,43.35154826958106
