epoch,source_acc,target_acc_no_im,target_acc_oracle,target_acc_baseline,target_acc_MLLS,target_acc_RLLS,baseline_AE,MLLS_AE,RLLS_AE,multarget_acc_oracle,multarget_acc_baseline,multarget_acc_MLLS,multarget_acc_RLLS
40,85.24615384615385,69.07487827345703,77.8655086195552,73.53599157783918,75.16778523489933,74.16765363863666,0.3924192635619216,0.22091863102253007,0.3230547616151451,77.8655086195552,73.53599157783918,75.16778523489933,74.16765363863666
