epoch,source_acc,target_acc_no_im,target_acc_oracle,target_acc_baseline,target_acc_MLLS,target_acc_RLLS,baseline_AE,MLLS_AE,RLLS_AE,multarget_acc_oracle,multarget_acc_baseline,multarget_acc_MLLS,multarget_acc_RLLS
49,52.16,52.459016393442624,65.1639344262295,52.86885245901639,59.01639344262295,50.0,0.8715210973636293,0.45890365880499334,0.701696523550576,65.1639344262295,52.86885245901639,59.01639344262295,50.0
