epoch,source_acc,target_acc_no_im,target_acc_oracle,target_acc_baseline,target_acc_MLLS,target_acc_RLLS,baseline_AE,MLLS_AE,RLLS_AE,cal_target_acc_no_im,cal_target_acc_oracle,cal_target_acc_baseline,cal_target_acc_MLLS,cal_target_acc_RLLS,cal_baseline_AE,cal_MLLS_AE,cal_RLLS_AE,cal_source_acc
8,96.37365911799762,41.898077509917606,47.16712440240057,40.27057267826264,40.03661885871224,40.20954124707558,1.0234386165821592,1.0802504811893079,1.04636364144759,30.06815176482555,45.82443291628522,22.439222866442883,17.0481131115858,21.767877123385208,1.265875159689192,1.593275146544109,1.3133660003583065,97.16030989272943
