epoch,source_acc,target_acc_no_im,target_acc_oracle,target_acc_baseline,target_acc_MLLS,target_acc_RLLS,baseline_AE,MLLS_AE,RLLS_AE,multarget_acc_oracle,multarget_acc_baseline,multarget_acc_MLLS,multarget_acc_RLLS
39,79.33333333333333,54.761904761904766,64.28571428571429,57.14285714285714,57.14285714285714,59.523809523809526,0.5625002108336914,0.5706183327121146,0.4956366145976779,64.28571428571429,57.14285714285714,57.14285714285714,59.523809523809526
