epoch,source_acc,target_acc_no_im,target_acc_oracle,target_acc_baseline,target_acc_MLLS,target_acc_RLLS,baseline_AE,MLLS_AE,RLLS_AE,cal_target_acc_no_im,cal_target_acc_oracle,cal_target_acc_baseline,cal_target_acc_MLLS,cal_target_acc_RLLS,cal_baseline_AE,cal_MLLS_AE,cal_RLLS_AE,cal_source_acc
9,98.76,99.17780061664953,99.17780061664953,99.17780061664953,99.17780061664953,99.17780061664953,0.010478532592644432,0.009448509919863915,0.010885595894554283,99.17780061664953,99.28057553956835,99.28057553956835,99.28057553956835,99.28057553956835,0.011567555605323812,0.010115194581410733,0.01024829182374384,98.75
