epoch,source_acc,target_acc_no_im,target_acc_oracle,target_acc_baseline,target_acc_MLLS,target_acc_RLLS,baseline_AE,MLLS_AE,RLLS_AE,cal_target_acc_no_im,cal_target_acc_oracle,cal_target_acc_baseline,cal_target_acc_MLLS,cal_target_acc_RLLS,cal_baseline_AE,cal_MLLS_AE,cal_RLLS_AE,cal_source_acc
38,79.96666666666667,75.0,84.4951923076923,81.3701923076923,82.9326923076923,83.41346153846155,0.3534884161691969,0.15664442020463937,0.08177201677144148,74.75961538461539,85.57692307692307,82.9326923076923,84.61538461538461,84.85576923076923,0.4483029392924017,0.060207339434782625,0.0692011626582185,80.2
