epoch,source_acc,target_acc_no_im,target_acc_oracle,target_acc_baseline,target_acc_MLLS,target_acc_RLLS,baseline_AE,MLLS_AE,RLLS_AE,cal_target_acc_no_im,cal_target_acc_oracle,cal_target_acc_baseline,cal_target_acc_MLLS,cal_target_acc_RLLS,cal_baseline_AE,cal_MLLS_AE,cal_RLLS_AE,cal_source_acc
30,73.53846153846155,79.63855421686748,79.45783132530121,79.21686746987952,79.21686746987952,79.1566265060241,0.06847879757364113,0.07533041288156107,0.10629868187351106,78.49397590361446,78.01204819277109,77.65060240963855,77.83132530120483,77.65060240963855,0.09432292802326649,0.12193388173199561,0.13815108319689967,73.34615384615385
