epoch,source_acc,target_acc_no_im,target_acc_oracle,target_acc_baseline,target_acc_MLLS,target_acc_RLLS,baseline_AE,MLLS_AE,RLLS_AE,cal_target_acc_no_im,cal_target_acc_oracle,cal_target_acc_baseline,cal_target_acc_MLLS,cal_target_acc_RLLS,cal_baseline_AE,cal_MLLS_AE,cal_RLLS_AE,cal_source_acc
30,73.53846153846155,55.55555555555556,77.77777777777779,55.55555555555556,55.55555555555556,55.55555555555556,0.9476940979681735,0.8939536952923683,0.8986616410225478,55.55555555555556,77.77777777777779,55.55555555555556,55.55555555555556,55.55555555555556,1.0734004182450008,0.8855151576533399,1.0053929237303252,73.34615384615385
