epoch,source_acc,target_acc_no_im,target_acc_oracle,target_acc_baseline,target_acc_MLLS,target_acc_RLLS,baseline_AE,MLLS_AE,RLLS_AE,cal_target_acc_no_im,cal_target_acc_oracle,cal_target_acc_baseline,cal_target_acc_MLLS,cal_target_acc_RLLS,cal_baseline_AE,cal_MLLS_AE,cal_RLLS_AE,cal_source_acc
44,65.74,28.093645484949832,28.762541806020064,28.093645484949832,27.926421404682273,26.08695652173913,0.5557976857755944,0.6049489841115607,0.7422718929399857,21.57190635451505,22.240802675585282,12.207357859531772,3.511705685618729,9.364548494983277,0.6711194868159425,1.8373661289964165,1.0970172290770903,70.61
