epoch,source_acc,target_acc_no_im,target_acc_oracle,target_acc_baseline,target_acc_MLLS,target_acc_RLLS,baseline_AE,MLLS_AE,RLLS_AE,cal_target_acc_no_im,cal_target_acc_oracle,cal_target_acc_baseline,cal_target_acc_MLLS,cal_target_acc_RLLS,cal_baseline_AE,cal_MLLS_AE,cal_RLLS_AE,cal_source_acc
9,98.76,97.85276073619632,97.7760736196319,97.7760736196319,97.7760736196319,97.7760736196319,0.01940462244617426,0.017823769430989858,0.017901244685170223,97.62269938650306,97.62269938650306,97.62269938650306,97.54601226993866,97.62269938650306,0.022447579111789615,0.01834616848936109,0.01953873816406248,98.75
