epoch,source_acc,target_acc_no_im,target_acc_oracle,target_acc_baseline,target_acc_MLLS,target_acc_RLLS,baseline_AE,MLLS_AE,RLLS_AE,multarget_acc_oracle,multarget_acc_baseline,multarget_acc_MLLS,multarget_acc_RLLS
40,68.0,46.23038652889399,57.099119785686945,45.50325296593953,45.2353616532721,43.81936471488711,0.5856647935396198,0.625486726703521,0.7006098584224683,57.099119785686945,45.50325296593953,45.2353616532721,43.81936471488711
