epoch,source_acc,target_acc_no_im,target_acc_oracle,target_acc_baseline,target_acc_MLLS,target_acc_RLLS,baseline_AE,MLLS_AE,RLLS_AE,multarget_acc_oracle,multarget_acc_baseline,multarget_acc_MLLS,multarget_acc_RLLS
49,82.76333789329685,57.14285714285714,72.44897959183673,56.12244897959183,47.95918367346938,54.08163265306123,0.8775095484808695,0.8183919744187362,0.7749569290195439,70.40816326530613,57.14285714285714,47.95918367346938,55.10204081632652
