epoch,source_acc,target_acc_no_im,target_acc_oracle,target_acc_baseline,target_acc_MLLS,target_acc_RLLS,baseline_AE,MLLS_AE,RLLS_AE,multarget_acc_oracle,multarget_acc_baseline,multarget_acc_MLLS,multarget_acc_RLLS
40,72.5,33.70729219785824,49.56654767975523,35.288118306986235,37.735849056603776,37.48087710351861,0.9793851335959444,0.7435353906469141,0.7690470202915197,49.56654767975523,35.288118306986235,37.735849056603776,37.48087710351861
