epoch,source_acc,target_acc_no_im,target_acc_oracle,target_acc_baseline,target_acc_MLLS,target_acc_RLLS,baseline_AE,MLLS_AE,RLLS_AE,cal_target_acc_no_im,cal_target_acc_oracle,cal_target_acc_baseline,cal_target_acc_MLLS,cal_target_acc_RLLS,cal_baseline_AE,cal_MLLS_AE,cal_RLLS_AE,cal_source_acc
46,90.2872777017784,70.6703910614525,70.39106145251397,68.99441340782123,58.93854748603352,68.43575418994413,0.24620293466343057,0.614883782945156,0.28173483604696625,66.75977653631286,67.59776536312849,65.36312849162012,63.128491620111724,65.36312849162012,0.3655631682188122,0.5276251918165337,0.41446784175075546,92.61285909712723
