epoch,source_acc,target_acc_no_im,target_acc_oracle,target_acc_baseline,target_acc_MLLS,target_acc_RLLS,baseline_AE,MLLS_AE,RLLS_AE,cal_target_acc_no_im,cal_target_acc_oracle,cal_target_acc_baseline,cal_target_acc_MLLS,cal_target_acc_RLLS,cal_baseline_AE,cal_MLLS_AE,cal_RLLS_AE,cal_source_acc
6,55.3721197139578,57.48110831234256,57.48110831234256,57.38035264483627,57.41393786733837,56.80940386230059,0.08916762964968854,0.0942343148927227,0.20534932960110175,58.0688497061293,58.2031905961377,58.102434928631396,57.53148614609572,57.464315701091515,0.08670863148363732,0.2248884291630801,0.18856930750502368,56.86412995497484
