epoch,source_acc,target_acc_no_im,target_acc_oracle,target_acc_baseline,target_acc_MLLS,target_acc_RLLS,baseline_AE,MLLS_AE,RLLS_AE,multarget_acc_oracle,multarget_acc_baseline,multarget_acc_MLLS,multarget_acc_RLLS
8,93.83492252681765,87.41897260751377,87.76747752143305,87.51655398341117,87.57928486791664,87.5444343765247,0.13785120399270628,0.10757126958642577,0.12832477899940992,87.85111870077368,87.53049417996793,87.57928486791664,87.57231476963825
