epoch,source_acc,target_acc_no_im,target_acc_oracle,target_acc_baseline,target_acc_MLLS,target_acc_RLLS,baseline_AE,MLLS_AE,RLLS_AE,cal_target_acc_no_im,cal_target_acc_oracle,cal_target_acc_baseline,cal_target_acc_MLLS,cal_target_acc_RLLS,cal_baseline_AE,cal_MLLS_AE,cal_RLLS_AE,cal_source_acc
10,98.03076923076924,98.35878732619102,98.38158194666059,98.38158194666059,98.38158194666059,98.38158194666059,0.010566472017074842,0.00974650823508847,0.008608926011663721,98.38158194666059,98.4499658080693,98.40437656713016,98.4499658080693,98.4499658080693,0.015249980977456841,0.014240848264377388,0.014293809660268476,98.15384615384616
