epoch,source_acc,target_acc_no_im,target_acc_oracle,target_acc_baseline,target_acc_MLLS,target_acc_RLLS,baseline_AE,MLLS_AE,RLLS_AE,cal_target_acc_no_im,cal_target_acc_oracle,cal_target_acc_baseline,cal_target_acc_MLLS,cal_target_acc_RLLS,cal_baseline_AE,cal_MLLS_AE,cal_RLLS_AE,cal_source_acc
49,77.59,14.107883817427386,14.004149377593361,8.402489626556017,4.149377593360995,6.846473029045644,1.0013032140334899,1.7594257150689097,1.2802883266468004,13.692946058091287,13.278008298755188,8.29875518672199,5.186721991701245,7.780082987551867,1.0555055765284147,1.7808514357916803,1.3658648360025618,77.94
