epoch,source_acc,target_acc_no_im,target_acc_oracle,target_acc_baseline,target_acc_MLLS,target_acc_RLLS,baseline_AE,MLLS_AE,RLLS_AE,multarget_acc_oracle,multarget_acc_baseline,multarget_acc_MLLS,multarget_acc_RLLS
40,86.23076923076923,88.67924528301887,88.67924528301887,90.56603773584906,88.67924528301887,88.67924528301887,0.19599124633724674,0.1358040978430035,0.14922503872455722,88.67924528301887,90.56603773584906,88.67924528301887,88.67924528301887
