epoch,source_acc,target_acc_no_im,target_acc_oracle,target_acc_baseline,target_acc_MLLS,target_acc_RLLS,baseline_AE,MLLS_AE,RLLS_AE,multarget_acc_oracle,multarget_acc_baseline,multarget_acc_MLLS,multarget_acc_RLLS
49,52.959999999999994,52.449999999999996,52.449999999999996,50.24999999999999,25.55,45.550000000000004,0.14269360881298782,1.2093596747785873,0.35735487394250204,52.449999999999996,50.24999999999999,25.55,45.550000000000004
