epoch,source_acc,target_acc_no_im,target_acc_oracle,target_acc_baseline,target_acc_MLLS,target_acc_RLLS,baseline_AE,MLLS_AE,RLLS_AE,multarget_acc_oracle,multarget_acc_baseline,multarget_acc_MLLS,multarget_acc_RLLS
10,89.64194373401536,70.04830917874396,72.68921095008052,69.2109500805153,67.72946859903382,68.6634460547504,0.3772638642060223,0.4708158873258569,0.4083824701290521,71.91626409017712,68.82447665056361,67.4074074074074,68.27697262479872
