epoch,source_acc,target_acc_no_im,target_acc_oracle,target_acc_baseline,target_acc_MLLS,target_acc_RLLS,baseline_AE,MLLS_AE,RLLS_AE,multarget_acc_oracle,multarget_acc_baseline,multarget_acc_MLLS,multarget_acc_RLLS
40,86.33846153846154,66.05152340847164,67.98365122615803,66.81322764429032,67.27768144661877,67.01139459995046,0.2164963272233868,0.1849868162148714,0.2068163806627677,67.98365122615803,66.81322764429032,67.27768144661877,67.01139459995046
