epoch,source_acc,target_acc_no_im,target_acc_oracle,target_acc_baseline,target_acc_MLLS,target_acc_RLLS,baseline_AE,MLLS_AE,RLLS_AE,cal_target_acc_no_im,cal_target_acc_oracle,cal_target_acc_baseline,cal_target_acc_MLLS,cal_target_acc_RLLS,cal_baseline_AE,cal_MLLS_AE,cal_RLLS_AE,cal_source_acc
31,86.06153846153846,86.59393214766104,86.60887759677178,86.59393214766104,86.59393214766104,86.62382304588253,0.019434948497610655,0.019716245168047514,0.02305167155945871,86.1605141234494,86.1904050216709,86.1904050216709,86.14556867433866,86.14556867433866,0.01773134085954242,0.02347491383485739,0.02390597795849843,85.98461538461538
