epoch,source_acc,target_acc_no_im,target_acc_oracle,target_acc_baseline,target_acc_MLLS,target_acc_RLLS,baseline_AE,MLLS_AE,RLLS_AE,cal_target_acc_no_im,cal_target_acc_oracle,cal_target_acc_baseline,cal_target_acc_MLLS,cal_target_acc_RLLS,cal_baseline_AE,cal_MLLS_AE,cal_RLLS_AE,cal_source_acc
10,89.65260017050298,63.76306620209059,66.84917869586859,61.224489795918366,58.934793429566945,60.278745644599304,0.49811445275174926,0.6182840030338925,0.5291107739991215,63.26530612244898,66.35141861622698,60.52762568442011,57.29218516674963,59.73120955699353,0.5118584078877586,0.674191268682528,0.5405640076179785,89.81244671781756
