epoch,source_acc,target_acc_no_im,target_acc_oracle,target_acc_baseline,target_acc_MLLS,target_acc_RLLS,baseline_AE,MLLS_AE,RLLS_AE,multarget_acc_oracle,multarget_acc_baseline,multarget_acc_MLLS,multarget_acc_RLLS
39,79.75,54.074074074074076,53.333333333333336,55.55555555555556,54.074074074074076,54.074074074074076,0.2490807844946782,0.3996912361040028,0.319394019080264,53.333333333333336,55.55555555555556,54.074074074074076,54.074074074074076
