epoch,source_acc,target_acc_no_im,target_acc_oracle,target_acc_baseline,target_acc_MLLS,target_acc_RLLS,baseline_AE,MLLS_AE,RLLS_AE,multarget_acc_oracle,multarget_acc_baseline,multarget_acc_MLLS,multarget_acc_RLLS
40,68.0,54.54545454545454,81.81818181818183,54.54545454545454,54.54545454545454,54.54545454545454,0.8774363993063823,0.9029302994910728,1.1380985713314997,81.81818181818183,54.54545454545454,54.54545454545454,54.54545454545454
