epoch,source_acc,target_acc_no_im,target_acc_oracle,target_acc_baseline,target_acc_MLLS,target_acc_RLLS,baseline_AE,MLLS_AE,RLLS_AE,cal_target_acc_no_im,cal_target_acc_oracle,cal_target_acc_baseline,cal_target_acc_MLLS,cal_target_acc_RLLS,cal_baseline_AE,cal_MLLS_AE,cal_RLLS_AE,cal_source_acc
7,99.47923073768811,61.06119860479865,62.68893351654159,57.150406933727936,55.09988373322059,57.12926751928972,0.6460991125603952,0.7899345539526874,0.6479934619902887,62.18158757002431,65.45819680794843,59.5391607652468,57.86914702462742,59.48631222915125,0.6285493993748661,0.7377220639575954,0.631180044919041,99.65145364333456
