epoch,source_acc,target_acc_no_im,target_acc_oracle,target_acc_baseline,target_acc_MLLS,target_acc_RLLS,baseline_AE,MLLS_AE,RLLS_AE,multarget_acc_oracle,multarget_acc_baseline,multarget_acc_MLLS,multarget_acc_RLLS
9,90.09,81.77257525083613,82.94314381270902,82.2742474916388,82.2742474916388,82.44147157190636,0.21333503294529796,0.2186854623556985,0.2204925690488612,82.94314381270902,82.2742474916388,82.2742474916388,82.44147157190636
