epoch,source_acc,target_acc_no_im,target_acc_oracle,target_acc_baseline,target_acc_MLLS,target_acc_RLLS,baseline_AE,MLLS_AE,RLLS_AE,cal_target_acc_no_im,cal_target_acc_oracle,cal_target_acc_baseline,cal_target_acc_MLLS,cal_target_acc_RLLS,cal_baseline_AE,cal_MLLS_AE,cal_RLLS_AE,cal_source_acc
9,90.09,85.78838174273858,85.99585062240665,85.37344398340248,85.16597510373444,85.37344398340248,0.1552253583218145,0.17921647579405314,0.1792866466069794,86.61825726141079,86.82572614107885,85.26970954356847,84.54356846473028,84.85477178423237,0.15085527011197197,0.20606991125433027,0.17661477141792542,90.48
