epoch,source_acc,target_acc_no_im,target_acc_oracle,target_acc_baseline,target_acc_MLLS,target_acc_RLLS,baseline_AE,MLLS_AE,RLLS_AE,multarget_acc_oracle,multarget_acc_baseline,multarget_acc_MLLS,multarget_acc_RLLS
9,96.96153846153847,96.72544080604534,97.98488664987406,97.22921914357683,97.48110831234257,97.22921914357683,0.03918482261868521,0.017537635636407575,0.05434935129264233,97.98488664987406,97.22921914357683,97.48110831234257,97.22921914357683
