epoch,source_acc,target_acc_no_im,target_acc_oracle,target_acc_baseline,target_acc_MLLS,target_acc_RLLS,baseline_AE,MLLS_AE,RLLS_AE,cal_target_acc_no_im,cal_target_acc_oracle,cal_target_acc_baseline,cal_target_acc_MLLS,cal_target_acc_RLLS,cal_baseline_AE,cal_MLLS_AE,cal_RLLS_AE,cal_source_acc
40,88.3529411764706,54.37477860432164,54.44562522139568,54.37477860432164,54.35706695005314,54.35706695005314,0.2023955763344367,0.20402150908752278,0.20365094310166634,55.100956429330495,55.402054551895155,54.56960680127524,53.91427559334042,54.44562522139568,0.26463505373017354,0.41308985584096475,0.3086692702996124,88.47058823529412
