epoch,source_acc,target_acc_no_im,target_acc_oracle,target_acc_baseline,target_acc_MLLS,target_acc_RLLS,baseline_AE,MLLS_AE,RLLS_AE,cal_target_acc_no_im,cal_target_acc_oracle,cal_target_acc_baseline,cal_target_acc_MLLS,cal_target_acc_RLLS,cal_baseline_AE,cal_MLLS_AE,cal_RLLS_AE,cal_source_acc
8,95.7592339261286,82.35294117647058,83.87096774193549,81.21442125237192,81.02466793168881,81.02466793168881,0.21131945270921265,0.27043814250918374,0.22423407425586073,77.03984819734345,77.41935483870968,76.280834914611,75.14231499051233,76.0910815939279,0.32511608444588996,0.39383778447087364,0.33397222088817075,96.58002735978111
