epoch,source_acc,target_acc_no_im,target_acc_oracle,target_acc_baseline,target_acc_MLLS,target_acc_RLLS,baseline_AE,MLLS_AE,RLLS_AE,cal_target_acc_no_im,cal_target_acc_oracle,cal_target_acc_baseline,cal_target_acc_MLLS,cal_target_acc_RLLS,cal_baseline_AE,cal_MLLS_AE,cal_RLLS_AE,cal_source_acc
9,96.96153846153847,83.87096774193549,90.32258064516128,80.64516129032258,83.87096774193549,80.64516129032258,0.3573365357653764,0.35801935856863,0.3629109404491129,77.41935483870968,80.64516129032258,80.64516129032258,80.64516129032258,80.64516129032258,0.33567028045511127,0.36645120012784194,0.334814987111995,97.34615384615385
