epoch,source_acc,target_acc_no_im,target_acc_oracle,target_acc_baseline,target_acc_MLLS,target_acc_RLLS,baseline_AE,MLLS_AE,RLLS_AE,multarget_acc_oracle,multarget_acc_baseline,multarget_acc_MLLS,multarget_acc_RLLS
40,68.0,42.64705882352941,42.64705882352941,36.76470588235294,35.294117647058826,35.294117647058826,0.5868617337991429,0.9053376632559924,0.8948958939196154,42.64705882352941,36.76470588235294,35.294117647058826,35.294117647058826
