epoch,source_acc,target_acc_no_im,target_acc_oracle,target_acc_baseline,target_acc_MLLS,target_acc_RLLS,baseline_AE,MLLS_AE,RLLS_AE,multarget_acc_oracle,multarget_acc_baseline,multarget_acc_MLLS,multarget_acc_RLLS
15,75.16695083830633,75.15418502202643,78.41409691629956,74.7136563876652,74.36123348017621,73.92070484581498,0.3550660616626434,0.31300366270679136,0.3447365504650272,77.88546255506607,74.62555066079295,74.09691629955947,73.30396475770925
