epoch,source_acc,target_acc_no_im,target_acc_oracle,target_acc_baseline,target_acc_MLLS,target_acc_RLLS,baseline_AE,MLLS_AE,RLLS_AE,multarget_acc_oracle,multarget_acc_baseline,multarget_acc_MLLS,multarget_acc_RLLS
40,77.0,50.216867469879524,52.40963855421686,50.50602409638554,50.72289156626506,50.50602409638554,0.2971446678832353,0.30520294999232495,0.32380534308109093,52.40963855421686,50.50602409638554,50.72289156626506,50.50602409638554
