epoch,source_acc,target_acc_no_im,target_acc_oracle,target_acc_baseline,target_acc_MLLS,target_acc_RLLS,baseline_AE,MLLS_AE,RLLS_AE,multarget_acc_oracle,multarget_acc_baseline,multarget_acc_MLLS,multarget_acc_RLLS
9,90.09,81.53526970954357,81.32780082987551,81.01659751037344,80.70539419087137,80.8091286307054,0.1534980502389217,0.17708332595585444,0.17561325839655206,81.32780082987551,81.01659751037344,80.70539419087137,80.8091286307054
