epoch,source_acc,cal_source_acc
1,98.7216924910608,98.7216924910608
2,98.46543504171633,98.46543504171633
3,99.12991656734206,99.12991656734206
4,99.01072705601906,99.01072705601906
5,99.34445768772348,99.34445768772348
6,99.37723480333732,99.37723480333732
7,99.3414779499404,99.3414779499404
8,99.50536352800954,99.50536352800954
9,99.51430274135876,99.51430274135876
10,99.51728247914183,99.51728247914183
