epoch,source_acc,target_acc_no_im,target_acc_oracle,target_acc_baseline,target_acc_MLLS,target_acc_RLLS,baseline_AE,MLLS_AE,RLLS_AE,multarget_acc_oracle,multarget_acc_baseline,multarget_acc_MLLS,multarget_acc_RLLS
10,99.43412473859024,99.93311036789298,99.93311036789298,99.93311036789298,99.93311036789298,99.86622073578594,0.008091297494876356,0.0030596595836527695,0.005832829403333112,99.93311036789298,99.93311036789298,99.93311036789298,99.86622073578594
