epoch,source_acc,target_acc_no_im,target_acc_oracle,target_acc_baseline,target_acc_MLLS,target_acc_RLLS,baseline_AE,MLLS_AE,RLLS_AE,multarget_acc_oracle,multarget_acc_baseline,multarget_acc_MLLS,multarget_acc_RLLS
15,75.16695083830633,41.442986881937436,43.36024217961655,36.054490413723514,28.49646821392533,33.662966700302725,0.6588152100240792,1.2393496207648211,0.8179905453836946,43.23915237134208,36.07467204843592,30.131180625630677,33.59233097880928
