epoch,source_acc,target_acc_no_im,target_acc_oracle,target_acc_baseline,target_acc_MLLS,target_acc_RLLS,baseline_AE,MLLS_AE,RLLS_AE,cal_target_acc_no_im,cal_target_acc_oracle,cal_target_acc_baseline,cal_target_acc_MLLS,cal_target_acc_RLLS,cal_baseline_AE,cal_MLLS_AE,cal_RLLS_AE,cal_source_acc
9,90.09,81.55737704918032,89.34426229508196,83.19672131147541,84.8360655737705,83.60655737704919,0.3269803080189166,0.23479903460166912,0.2868811080278711,79.91803278688525,90.57377049180327,85.24590163934425,85.24590163934425,85.65573770491804,0.3636630917172908,0.24466102209675245,0.28821970555402443,90.48
