epoch,source_acc,target_acc_no_im,target_acc_oracle,target_acc_baseline,target_acc_MLLS,target_acc_RLLS,baseline_AE,MLLS_AE,RLLS_AE,cal_target_acc_no_im,cal_target_acc_oracle,cal_target_acc_baseline,cal_target_acc_MLLS,cal_target_acc_RLLS,cal_baseline_AE,cal_MLLS_AE,cal_RLLS_AE,cal_source_acc
8,96.71632896305125,83.65225608315615,85.84927947082447,85.09331443420743,85.2586817859674,85.23505787857312,0.20628005974461167,0.15489928544129294,0.16860965572049447,87.12497047011576,89.74722419088117,89.2983699503898,89.72360028348689,89.58185683912119,0.09572600536514847,0.01390153579767392,0.054366508237351036,97.6430274135876
