epoch,source_acc,target_acc_no_im,target_acc_oracle,target_acc_baseline,target_acc_MLLS,target_acc_RLLS,baseline_AE,MLLS_AE,RLLS_AE,cal_target_acc_no_im,cal_target_acc_oracle,cal_target_acc_baseline,cal_target_acc_MLLS,cal_target_acc_RLLS,cal_baseline_AE,cal_MLLS_AE,cal_RLLS_AE,cal_source_acc
41,90.41,86.9475847893114,87.56423432682425,87.25590955806783,87.25590955806783,87.35868448098664,0.13238157266473355,0.12061315336918414,0.10665860464982473,90.33915724563207,91.77800616649537,91.46968139773895,91.36690647482014,91.67523124357658,0.06727457336912972,0.035751112243821034,0.03728655425530532,91.62
