epoch,source_acc,target_acc_no_im,target_acc_oracle,target_acc_baseline,target_acc_MLLS,target_acc_RLLS,baseline_AE,MLLS_AE,RLLS_AE,cal_target_acc_no_im,cal_target_acc_oracle,cal_target_acc_baseline,cal_target_acc_MLLS,cal_target_acc_RLLS,cal_baseline_AE,cal_MLLS_AE,cal_RLLS_AE,cal_source_acc
40,87.81538461538462,62.80487804878049,63.41463414634146,62.80487804878049,62.80487804878049,62.80487804878049,0.18507773120228832,0.18342794541542118,0.19673283719744844,61.58536585365854,62.80487804878049,60.97560975609756,57.3170731707317,59.756097560975604,0.1758825877999387,0.23510017109716808,0.18876455461842198,88.73846153846155
