epoch,source_acc,target_acc_no_im,target_acc_oracle,target_acc_baseline,target_acc_MLLS,target_acc_RLLS,baseline_AE,MLLS_AE,RLLS_AE,cal_target_acc_no_im,cal_target_acc_oracle,cal_target_acc_baseline,cal_target_acc_MLLS,cal_target_acc_RLLS,cal_baseline_AE,cal_MLLS_AE,cal_RLLS_AE,cal_source_acc
7,98.82352941176471,81.9059518400727,81.89459336665152,81.30395274875056,81.23580190822354,81.28123580190822,0.1691740892949374,0.19053204843130425,0.17506068789644447,81.9854611540209,81.92866878691504,80.90640617900954,80.63380281690141,80.84961381190368,0.1578403693547253,0.20294349649155183,0.16567834144693644,98.76470588235294
