epoch,source_acc,target_acc_no_im,target_acc_oracle,target_acc_baseline,target_acc_MLLS,target_acc_RLLS,baseline_AE,MLLS_AE,RLLS_AE,multarget_acc_oracle,multarget_acc_baseline,multarget_acc_MLLS,multarget_acc_RLLS
10,97.03333333333333,94.81481481481482,94.81481481481482,94.07407407407408,94.07407407407408,94.07407407407408,0.08641272932980898,0.09130466771484524,0.09266404997235081,94.81481481481482,94.07407407407408,94.07407407407408,94.07407407407408
