epoch,source_acc,target_acc_no_im,target_acc_oracle,target_acc_baseline,target_acc_MLLS,target_acc_RLLS,baseline_AE,MLLS_AE,RLLS_AE,multarget_acc_oracle,multarget_acc_baseline,multarget_acc_MLLS,multarget_acc_RLLS
40,74.26923076923076,78.85542168674698,78.79518072289157,78.49397590361446,78.43373493975903,78.13253012048193,0.09879826740866683,0.10123189381402302,0.12034799627935552,78.79518072289157,78.49397590361446,78.43373493975903,78.13253012048193
