epoch,source_acc,target_acc_no_im,target_acc_oracle,target_acc_baseline,target_acc_MLLS,target_acc_RLLS,baseline_AE,MLLS_AE,RLLS_AE,cal_target_acc_no_im,cal_target_acc_oracle,cal_target_acc_baseline,cal_target_acc_MLLS,cal_target_acc_RLLS,cal_baseline_AE,cal_MLLS_AE,cal_RLLS_AE,cal_source_acc
38,79.96666666666667,69.56521739130434,100.0,73.91304347826086,73.91304347826086,73.91304347826086,0.6272397594644724,0.4921772722242247,0.3616933445323785,65.21739130434783,100.0,78.26086956521739,91.30434782608695,91.30434782608695,0.7161478437179619,0.24629039888553392,0.33103053729471504,80.2
