epoch,source_acc,target_acc_no_im,target_acc_oracle,target_acc_baseline,target_acc_MLLS,target_acc_RLLS,baseline_AE,MLLS_AE,RLLS_AE,multarget_acc_oracle,multarget_acc_baseline,multarget_acc_MLLS,multarget_acc_RLLS
10,99.51430274135876,92.72708778354186,93.85616926050248,93.54084019936934,93.61204353575424,93.57135591496288,0.14065500993371408,0.12171775002122323,0.13444856934722432,93.85616926050248,93.52049638897365,93.58152782016072,93.54084019936934
