epoch,source_acc,target_acc_no_im,target_acc_oracle,target_acc_baseline,target_acc_MLLS,target_acc_RLLS,baseline_AE,MLLS_AE,RLLS_AE,multarget_acc_oracle,multarget_acc_baseline,multarget_acc_MLLS,multarget_acc_RLLS
28,49.24516641652688,55.172413793103445,62.643678160919535,57.758620689655174,59.33908045977011,54.88505747126437,0.47945355685141267,0.32337439430698417,0.5835606958333371,60.91954022988506,56.75287356321839,58.47701149425287,55.45977011494253
