epoch,source_acc,target_acc_no_im,target_acc_oracle,target_acc_baseline,target_acc_MLLS,target_acc_RLLS,baseline_AE,MLLS_AE,RLLS_AE,cal_target_acc_no_im,cal_target_acc_oracle,cal_target_acc_baseline,cal_target_acc_MLLS,cal_target_acc_RLLS,cal_baseline_AE,cal_MLLS_AE,cal_RLLS_AE,cal_source_acc
6,55.080780436126076,54.80225988700565,55.90395480225989,55.08474576271186,55.08474576271186,54.63276836158192,0.28497150349743994,0.2560030527822483,0.3118516222081044,58.644067796610166,60.02824858757062,59.32203389830508,57.090395480225986,58.75706214689266,0.23287535830483758,0.32393671308444066,0.24187186154974208,57.332038492098526
