epoch,source_acc,target_acc_no_im,target_acc_oracle,target_acc_baseline,target_acc_MLLS,target_acc_RLLS,baseline_AE,MLLS_AE,RLLS_AE,multarget_acc_oracle,multarget_acc_baseline,multarget_acc_MLLS,multarget_acc_RLLS
10,98.03076923076924,85.02551020408163,85.47619047619047,84.99149659863946,85.05102040816327,85.01700680272108,0.16017585319726643,0.15205027225623732,0.1607972310165944,85.47619047619047,84.99149659863946,85.05102040816327,85.01700680272108
