epoch,source_acc,target_acc_no_im,target_acc_oracle,target_acc_baseline,target_acc_MLLS,target_acc_RLLS,baseline_AE,MLLS_AE,RLLS_AE,cal_target_acc_no_im,cal_target_acc_oracle,cal_target_acc_baseline,cal_target_acc_MLLS,cal_target_acc_RLLS,cal_baseline_AE,cal_MLLS_AE,cal_RLLS_AE,cal_source_acc
44,94.43,90.67796610169492,94.0677966101695,93.64406779661016,94.0677966101695,93.64406779661016,0.16595236483913986,0.09036646592370631,0.12233247717010358,90.2542372881356,94.0677966101695,93.22033898305084,93.85593220338984,93.22033898305084,0.18947121563320188,0.0957787781071727,0.1418879379811453,94.42
