epoch,source_acc,target_acc_no_im,target_acc_oracle,target_acc_baseline,target_acc_MLLS,target_acc_RLLS,baseline_AE,MLLS_AE,RLLS_AE,cal_target_acc_no_im,cal_target_acc_oracle,cal_target_acc_baseline,cal_target_acc_MLLS,cal_target_acc_RLLS,cal_baseline_AE,cal_MLLS_AE,cal_RLLS_AE,cal_source_acc
9,79.93393009377664,31.871612585345254,33.5046104033223,27.268248046737526,15.407897515309354,25.67748293094953,0.7821220741181564,1.4903546087415716,0.9449389981275864,32.272823256141336,33.7509678327585,27.775040473006264,21.116351094530867,26.14908143872739,0.7785655128318176,1.322056779145215,0.9377465219349403,80.218101733447
