epoch,source_acc,target_acc_no_im,target_acc_oracle,target_acc_baseline,target_acc_MLLS,target_acc_RLLS,baseline_AE,MLLS_AE,RLLS_AE,multarget_acc_oracle,multarget_acc_baseline,multarget_acc_MLLS,multarget_acc_RLLS
10,89.59221369707303,60.09009643133667,62.11022735271345,57.95734497078905,55.57823608080523,57.506862814105716,0.49972937122779915,0.6670568979470506,0.5512965871492962,61.75124938410642,57.26050538466952,55.66974026888154,56.556627014851834
