epoch,source_acc,target_acc_no_im,target_acc_oracle,target_acc_baseline,target_acc_MLLS,target_acc_RLLS,baseline_AE,MLLS_AE,RLLS_AE,cal_target_acc_no_im,cal_target_acc_oracle,cal_target_acc_baseline,cal_target_acc_MLLS,cal_target_acc_RLLS,cal_baseline_AE,cal_MLLS_AE,cal_RLLS_AE,cal_source_acc
40,86.94117647058823,87.7659574468085,88.03191489361703,87.85460992907801,87.7659574468085,87.7659574468085,0.06838937330964609,0.06368570256951853,0.059368133277756766,88.20921985815603,88.65248226950354,88.82978723404256,88.56382978723404,88.56382978723404,0.06443907899108339,0.0542711653343752,0.05731932087090492,87.29411764705883
