epoch,source_acc,target_acc_no_im,target_acc_oracle,target_acc_baseline,target_acc_MLLS,target_acc_RLLS,baseline_AE,MLLS_AE,RLLS_AE,cal_target_acc_no_im,cal_target_acc_oracle,cal_target_acc_baseline,cal_target_acc_MLLS,cal_target_acc_RLLS,cal_baseline_AE,cal_MLLS_AE,cal_RLLS_AE,cal_source_acc
30,73.53846153846155,63.46153846153846,63.46153846153846,63.46153846153846,63.46153846153846,63.46153846153846,0.18816470426435655,0.2360874812763471,0.2886334731073261,63.46153846153846,63.46153846153846,62.5,64.42307692307693,64.42307692307693,0.12658492475748062,0.2658788124634489,0.22546916866639058,73.34615384615385
