epoch,source_acc,target_acc_no_im,target_acc_oracle,target_acc_baseline,target_acc_MLLS,target_acc_RLLS,baseline_AE,MLLS_AE,RLLS_AE,cal_target_acc_no_im,cal_target_acc_oracle,cal_target_acc_baseline,cal_target_acc_MLLS,cal_target_acc_RLLS,cal_baseline_AE,cal_MLLS_AE,cal_RLLS_AE,cal_source_acc
40,75.55384615384615,49.056603773584904,64.15094339622641,50.943396226415096,50.943396226415096,50.943396226415096,0.8757791221493259,0.8392048217707648,0.6770074613248018,79.24528301886792,81.13207547169812,79.24528301886792,79.24528301886792,79.24528301886792,0.3625754991432054,0.2585445003636744,0.2377303720902803,83.92307692307692
