epoch,source_acc,target_acc_no_im,target_acc_oracle,target_acc_baseline,target_acc_MLLS,target_acc_RLLS,baseline_AE,MLLS_AE,RLLS_AE,cal_target_acc_no_im,cal_target_acc_oracle,cal_target_acc_baseline,cal_target_acc_MLLS,cal_target_acc_RLLS,cal_baseline_AE,cal_MLLS_AE,cal_RLLS_AE,cal_source_acc
9,96.96153846153847,98.17671809256662,98.03646563814866,98.03646563814866,98.03646563814866,98.17671809256662,0.020647404452300594,0.01670273574074628,0.03461311581326703,97.89621318373072,98.17671809256662,97.89621318373072,98.03646563814866,98.03646563814866,0.0315057922686616,0.02375684335263492,0.03699388962108512,97.34615384615385
