epoch,source_acc,target_acc_no_im,target_acc_oracle,target_acc_baseline,target_acc_MLLS,target_acc_RLLS,baseline_AE,MLLS_AE,RLLS_AE,multarget_acc_oracle,multarget_acc_baseline,multarget_acc_MLLS,multarget_acc_RLLS
49,82.76333789329685,41.07648725212464,40.226628895184135,38.81019830028329,28.328611898016998,38.243626062322946,0.489425894024679,1.1384609243794626,0.5050980239735126,41.64305949008499,39.376770538243626,28.611898016997166,39.09348441926346
