epoch,source_acc,cal_source_acc
1,97.0,97.0
2,97.50769230769231,97.50769230769231
3,96.75384615384615,96.75384615384615
4,96.86153846153846,96.86153846153846
5,97.64615384615385,97.64615384615385
6,97.6,97.6
7,97.73846153846154,97.73846153846154
8,97.92307692307692,97.92307692307692
9,98.01538461538462,98.01538461538462
10,98.03076923076924,98.03076923076924
