epoch,source_acc,target_acc_no_im,target_acc_oracle,target_acc_baseline,target_acc_MLLS,target_acc_RLLS,baseline_AE,MLLS_AE,RLLS_AE,cal_target_acc_no_im,cal_target_acc_oracle,cal_target_acc_baseline,cal_target_acc_MLLS,cal_target_acc_RLLS,cal_baseline_AE,cal_MLLS_AE,cal_RLLS_AE,cal_source_acc
31,86.06153846153846,65.49417884567748,66.52216992816447,65.95863264800595,66.04533069110727,66.11964329947982,0.20588950576583198,0.19623711841503433,0.2014866359250917,65.30839732474611,67.15382709933118,65.90289819172654,66.21872677730988,66.08867971265792,0.24292143799063737,0.24618627682027394,0.24723649879391285,85.98461538461538
