epoch,source_acc,target_acc_no_im,target_acc_oracle,target_acc_baseline,target_acc_MLLS,target_acc_RLLS,baseline_AE,MLLS_AE,RLLS_AE,cal_target_acc_no_im,cal_target_acc_oracle,cal_target_acc_baseline,cal_target_acc_MLLS,cal_target_acc_RLLS,cal_baseline_AE,cal_MLLS_AE,cal_RLLS_AE,cal_source_acc
9,98.76,98.67060561299851,98.81831610044313,98.81831610044313,98.81831610044313,98.81831610044313,0.016710872224021723,0.011448331105012467,0.009501780350866667,98.67060561299851,98.81831610044313,98.81831610044313,98.81831610044313,98.81831610044313,0.01817189607950841,0.00820659895866364,0.008655819432575311,98.75
