epoch,source_acc,target_acc_no_im,target_acc_oracle,target_acc_baseline,target_acc_MLLS,target_acc_RLLS,baseline_AE,MLLS_AE,RLLS_AE,multarget_acc_oracle,multarget_acc_baseline,multarget_acc_MLLS,multarget_acc_RLLS
7,67.06983314204997,61.55828406851599,62.043353039260275,61.51280885250871,61.28543277247233,60.61846293769896,0.19344898606616737,0.22423303354690094,0.31285709223435704,61.4824920418372,61.25511596180082,61.11869031377899,60.17886918296195
