epoch,source_acc,target_acc_no_im,target_acc_oracle,target_acc_baseline,target_acc_MLLS,target_acc_RLLS,baseline_AE,MLLS_AE,RLLS_AE,cal_target_acc_no_im,cal_target_acc_oracle,cal_target_acc_baseline,cal_target_acc_MLLS,cal_target_acc_RLLS,cal_baseline_AE,cal_MLLS_AE,cal_RLLS_AE,cal_source_acc
9,79.93393009377664,44.42815249266862,55.86510263929618,45.16129032258064,37.5366568914956,45.45454545454545,0.9118570124062744,1.0700782632816934,0.8775848866115112,45.01466275659824,54.98533724340176,45.74780058651026,43.988269794721404,45.60117302052786,0.9038013940487477,0.8726639639543123,0.8814530101731328,80.218101733447
