epoch,source_acc,target_acc_no_im,target_acc_oracle,target_acc_baseline,target_acc_MLLS,target_acc_RLLS,baseline_AE,MLLS_AE,RLLS_AE,cal_target_acc_no_im,cal_target_acc_oracle,cal_target_acc_baseline,cal_target_acc_MLLS,cal_target_acc_RLLS,cal_baseline_AE,cal_MLLS_AE,cal_RLLS_AE,cal_source_acc
49,77.59,78.09364548494983,79.26421404682274,77.25752508361204,75.91973244147158,76.42140468227426,0.20049807757301177,0.2368128204349908,0.225605699330748,77.25752508361204,79.09698996655518,76.42140468227426,76.2541806020067,76.08695652173914,0.203210845936937,0.22890827935352537,0.23357377320086295,77.94
