epoch,source_acc,target_acc_no_im,target_acc_oracle,target_acc_baseline,target_acc_MLLS,target_acc_RLLS,baseline_AE,MLLS_AE,RLLS_AE,cal_target_acc_no_im,cal_target_acc_oracle,cal_target_acc_baseline,cal_target_acc_MLLS,cal_target_acc_RLLS,cal_baseline_AE,cal_MLLS_AE,cal_RLLS_AE,cal_source_acc
10,97.1275327771156,72.97769156159069,73.08761720012933,73.15227934044617,73.15874555447786,73.14581312641448,0.09109402752176982,0.14666135168329936,0.11013299041660707,72.99709020368574,73.0552861299709,73.0552861299709,73.17167798254121,73.06175234400258,0.09033821082369548,0.13641179657236796,0.10687754210138212,97.12455303933254
