epoch,source_acc,target_acc_no_im,target_acc_oracle,target_acc_baseline,target_acc_MLLS,target_acc_RLLS,baseline_AE,MLLS_AE,RLLS_AE,cal_target_acc_no_im,cal_target_acc_oracle,cal_target_acc_baseline,cal_target_acc_MLLS,cal_target_acc_RLLS,cal_baseline_AE,cal_MLLS_AE,cal_RLLS_AE,cal_source_acc
9,99.97949727313733,44.997220678154534,60.92273485269594,45.13618677042802,42.96831573096164,45.13618677042802,0.7068696936893756,0.7398920412963051,0.7075126629879304,45.02501389660923,50.52807115063924,45.46970539188438,45.38632573652029,45.46970539188438,0.6623444740548927,0.6671360711339127,0.6627034221202226,99.97949727313733
