epoch,source_acc,target_acc_no_im,target_acc_oracle,target_acc_baseline,target_acc_MLLS,target_acc_RLLS,baseline_AE,MLLS_AE,RLLS_AE,multarget_acc_oracle,multarget_acc_baseline,multarget_acc_MLLS,multarget_acc_RLLS
28,49.24516641652688,50.9823677581864,51.35180520570949,49.924433249370274,49.89084802686818,47.2544080604534,0.22571873361728445,0.22351875223928064,0.5055526235402229,51.04953820319059,50.19311502938707,50.20990764063812,47.64063811922754
