epoch,source_acc,target_acc_no_im,target_acc_oracle,target_acc_baseline,target_acc_MLLS,target_acc_RLLS,baseline_AE,MLLS_AE,RLLS_AE,multarget_acc_oracle,multarget_acc_baseline,multarget_acc_MLLS,multarget_acc_RLLS
10,97.03333333333333,76.19047619047619,83.33333333333334,83.33333333333334,83.33333333333334,83.33333333333334,0.29331649528523396,0.22185389176702616,0.2824356184205068,83.33333333333334,83.33333333333334,83.33333333333334,83.33333333333334
