epoch,source_acc,cal_source_acc
1,95.38461538461539,95.38461538461539
2,95.92307692307692,95.92307692307692
3,96.42307692307692,96.42307692307692
4,96.42307692307692,96.42307692307692
5,95.73076923076923,95.73076923076923
6,96.03846153846153,96.03846153846153
7,96.92307692307692,96.92307692307692
8,96.76923076923077,96.76923076923077
9,96.96153846153847,96.96153846153847
10,96.92307692307692,96.92307692307692
