epoch,source_acc,target_acc_no_im,target_acc_oracle,target_acc_baseline,target_acc_MLLS,target_acc_RLLS,baseline_AE,MLLS_AE,RLLS_AE,multarget_acc_oracle,multarget_acc_baseline,multarget_acc_MLLS,multarget_acc_RLLS
9,98.72999999999999,94.45015416238438,94.55292908530318,94.55292908530318,94.45015416238438,94.45015416238438,0.07161450787099942,0.07130455626758679,0.07174490275662346,94.55292908530318,94.55292908530318,94.45015416238438,94.45015416238438
