epoch,source_acc,target_acc_no_im,target_acc_oracle,target_acc_baseline,target_acc_MLLS,target_acc_RLLS,baseline_AE,MLLS_AE,RLLS_AE,multarget_acc_oracle,multarget_acc_baseline,multarget_acc_MLLS,multarget_acc_RLLS
40,84.9076923076923,64.23076923076924,64.23076923076924,63.84615384615384,63.07692307692307,61.92307692307693,0.19822596300106782,0.25293565083008546,0.26481756993521527,64.23076923076924,63.84615384615384,63.07692307692307,61.92307692307693
