epoch,source_acc,target_acc_no_im,target_acc_oracle,target_acc_baseline,target_acc_MLLS,target_acc_RLLS,baseline_AE,MLLS_AE,RLLS_AE,cal_target_acc_no_im,cal_target_acc_oracle,cal_target_acc_baseline,cal_target_acc_MLLS,cal_target_acc_RLLS,cal_baseline_AE,cal_MLLS_AE,cal_RLLS_AE,cal_source_acc
10,97.03333333333333,71.44465290806754,75.17198248905565,72.72045028142588,72.92057535959975,72.7579737335835,0.3534720258142222,0.3119145726875634,0.349418504350843,71.0193871169481,75.92245153220762,72.35772357723577,72.59537210756723,72.33270794246404,0.3972349437938426,0.34495417966981046,0.39089012530411593,97.3
