epoch,source_acc,target_acc_no_im,target_acc_oracle,target_acc_baseline,target_acc_MLLS,target_acc_RLLS,baseline_AE,MLLS_AE,RLLS_AE,multarget_acc_oracle,multarget_acc_baseline,multarget_acc_MLLS,multarget_acc_RLLS
10,97.05,67.37357259380097,75.53017944535073,70.2400372873456,70.93917501747843,70.49638778839432,0.3935712361058772,0.2623415390907918,0.36001829053732304,75.53017944535073,70.2400372873456,70.93917501747843,70.49638778839432
