epoch,source_acc,cal_source_acc
1,95.72407628128725,95.72407628128725
2,96.6626936829559,96.6626936829559
3,96.42729439809297,96.42729439809297
4,86.97556615017878,86.97556615017878
5,91.41537544696067,91.41537544696067
6,96.3528009535161,96.3528009535161
7,97.05899880810489,97.05899880810489
8,97.19904648390941,97.19904648390941
9,95.7061978545888,95.7061978545888
10,96.62395709177592,96.62395709177592
