epoch,source_acc,target_acc_no_im,target_acc_oracle,target_acc_baseline,target_acc_MLLS,target_acc_RLLS,baseline_AE,MLLS_AE,RLLS_AE,multarget_acc_oracle,multarget_acc_baseline,multarget_acc_MLLS,multarget_acc_RLLS
8,95.7592339261286,91.66666666666666,91.66666666666666,91.66666666666666,91.66666666666666,91.66666666666666,0.17436777580437973,0.1658983599251328,0.2387908324267901,91.66666666666666,91.66666666666666,91.66666666666666,91.66666666666666
