epoch,source_acc,target_acc_no_im,target_acc_oracle,target_acc_baseline,target_acc_MLLS,target_acc_RLLS,baseline_AE,MLLS_AE,RLLS_AE,multarget_acc_oracle,multarget_acc_baseline,multarget_acc_MLLS,multarget_acc_RLLS
40,73.76923076923076,38.71588313093663,39.43729710232055,38.81207166045449,38.63171816760851,38.872189491403155,0.19000291673573388,0.32468648321442395,0.24736456852906347,39.43729710232055,38.81207166045449,38.63171816760851,38.872189491403155
