epoch,source_acc,target_acc_no_im,target_acc_oracle,target_acc_baseline,target_acc_MLLS,target_acc_RLLS,baseline_AE,MLLS_AE,RLLS_AE,multarget_acc_oracle,multarget_acc_baseline,multarget_acc_MLLS,multarget_acc_RLLS
4,69.19,61.87050359712231,50.46248715313464,51.59301130524152,28.365878725590953,34.1212744090442,0.30702387103533324,0.8823741293312469,0.6224171866613628,50.46248715313464,51.59301130524152,28.365878725590953,34.1212744090442
