epoch,source_acc,target_acc_no_im,target_acc_oracle,target_acc_baseline,target_acc_MLLS,target_acc_RLLS,baseline_AE,MLLS_AE,RLLS_AE,multarget_acc_oracle,multarget_acc_baseline,multarget_acc_MLLS,multarget_acc_RLLS
40,86.33846153846154,86.91588785046729,87.2806017779804,87.25780715751083,87.30339639844996,87.14383405516298,0.05586043586315478,0.026476866839713002,0.0307804875571476,87.2806017779804,87.25780715751083,87.30339639844996,87.14383405516298
