epoch,source_acc,target_acc_no_im,target_acc_oracle,target_acc_baseline,target_acc_MLLS,target_acc_RLLS,baseline_AE,MLLS_AE,RLLS_AE,cal_target_acc_no_im,cal_target_acc_oracle,cal_target_acc_baseline,cal_target_acc_MLLS,cal_target_acc_RLLS,cal_baseline_AE,cal_MLLS_AE,cal_RLLS_AE,cal_source_acc
10,89.65260017050298,89.49640287769785,93.5251798561151,90.79136690647482,91.36690647482014,91.36690647482014,0.1940772685442243,0.14289621536413274,0.16692907930926687,88.77697841726618,93.5251798561151,90.93525179856115,91.51079136690647,91.65467625899281,0.23217168831187132,0.14854374396269382,0.17639386949147623,89.81244671781756
