epoch,source_acc,target_acc_no_im,target_acc_oracle,target_acc_baseline,target_acc_MLLS,target_acc_RLLS,baseline_AE,MLLS_AE,RLLS_AE,multarget_acc_oracle,multarget_acc_baseline,multarget_acc_MLLS,multarget_acc_RLLS
4,69.19,50.42372881355932,65.67796610169492,51.69491525423729,61.228813559322035,54.23728813559322,0.8715371599389334,0.41880791742160606,0.5398404571097137,65.67796610169492,51.69491525423729,61.228813559322035,54.23728813559322
