epoch,source_acc,target_acc_no_im,target_acc_oracle,target_acc_baseline,target_acc_MLLS,target_acc_RLLS,baseline_AE,MLLS_AE,RLLS_AE,cal_target_acc_no_im,cal_target_acc_oracle,cal_target_acc_baseline,cal_target_acc_MLLS,cal_target_acc_RLLS,cal_baseline_AE,cal_MLLS_AE,cal_RLLS_AE,cal_source_acc
49,77.59,66.39344262295081,77.8688524590164,70.49180327868852,66.80327868852459,70.08196721311475,0.6310226696581087,0.5167602012597764,0.4902153002573936,64.34426229508196,76.63934426229508,67.62295081967213,65.57377049180327,68.0327868852459,0.6048680783185802,0.5296410676357799,0.48409153364081686,77.94
