epoch,source_acc,target_acc_no_im,target_acc_oracle,target_acc_baseline,target_acc_MLLS,target_acc_RLLS,baseline_AE,MLLS_AE,RLLS_AE,multarget_acc_oracle,multarget_acc_baseline,multarget_acc_MLLS,multarget_acc_RLLS
28,49.24516641652688,44.793087767166895,45.47521600727604,43.68652417765651,43.38335607094134,40.867060785205396,0.2620515365517153,0.3165768942276123,0.5610555054729768,45.29331514324693,44.217068364408064,44.459602849780204,41.579505835986055
