epoch,source_acc,target_acc_no_im,target_acc_oracle,target_acc_baseline,target_acc_MLLS,target_acc_RLLS,baseline_AE,MLLS_AE,RLLS_AE,multarget_acc_oracle,multarget_acc_baseline,multarget_acc_MLLS,multarget_acc_RLLS
7,99.47923073768811,99.64364035087719,99.56140350877193,99.56140350877193,99.56140350877193,99.56140350877193,0.004749173461868039,0.004965642957310917,0.006948699975386531,99.56140350877193,99.56140350877193,99.56140350877193,99.56140350877193
