epoch,source_acc,target_acc_no_im,target_acc_oracle,target_acc_baseline,target_acc_MLLS,target_acc_RLLS,baseline_AE,MLLS_AE,RLLS_AE,cal_target_acc_no_im,cal_target_acc_oracle,cal_target_acc_baseline,cal_target_acc_MLLS,cal_target_acc_RLLS,cal_baseline_AE,cal_MLLS_AE,cal_RLLS_AE,cal_source_acc
10,89.65260017050298,70.56508577194754,71.85671039354187,69.24318869828457,67.97174571140262,68.74873864783048,0.3515972183698113,0.45401922545912776,0.3902068662466014,70.07063572149345,71.46316851664984,67.55802219979819,64.64177598385469,67.2351160443996,0.37713017758003836,0.5599601038035453,0.418685480358437,89.81244671781756
