epoch,source_acc,target_acc_no_im,target_acc_oracle,target_acc_baseline,target_acc_MLLS,target_acc_RLLS,baseline_AE,MLLS_AE,RLLS_AE,multarget_acc_oracle,multarget_acc_baseline,multarget_acc_MLLS,multarget_acc_RLLS
39,78.2,77.97716150081567,77.86296900489397,77.21044045676997,77.21044045676997,76.83523654159869,0.12563685158276733,0.1307940522023457,0.20078270025651435,77.86296900489397,77.21044045676997,77.21044045676997,76.83523654159869
