epoch,source_acc,target_acc_no_im,target_acc_oracle,target_acc_baseline,target_acc_MLLS,target_acc_RLLS,baseline_AE,MLLS_AE,RLLS_AE,cal_target_acc_no_im,cal_target_acc_oracle,cal_target_acc_baseline,cal_target_acc_MLLS,cal_target_acc_RLLS,cal_baseline_AE,cal_MLLS_AE,cal_RLLS_AE,cal_source_acc
49,77.59,61.20401337792642,62.207357859531776,58.026755852842804,51.50501672240802,54.18060200668896,0.37288859654545015,0.6826217950232056,0.5076820012013845,62.04013377926422,63.87959866220736,58.19397993311036,54.18060200668896,56.020066889632105,0.370286259315067,0.6313687382473625,0.4985103912475846,77.94
