epoch,source_acc,target_acc_no_im,target_acc_oracle,target_acc_baseline,target_acc_MLLS,target_acc_RLLS,baseline_AE,MLLS_AE,RLLS_AE,multarget_acc_oracle,multarget_acc_baseline,multarget_acc_MLLS,multarget_acc_RLLS
15,75.16695083830633,75.17136329017518,75.17136329017518,73.34348819497333,72.35338918507236,72.39146991622239,0.20212022308869765,0.27842428999262636,0.2677836102141655,74.75247524752476,73.000761614623,72.27722772277228,72.04874333587205
