epoch,source_acc,target_acc_no_im,target_acc_oracle,target_acc_baseline,target_acc_MLLS,target_acc_RLLS,baseline_AE,MLLS_AE,RLLS_AE,cal_target_acc_no_im,cal_target_acc_oracle,cal_target_acc_baseline,cal_target_acc_MLLS,cal_target_acc_RLLS,cal_baseline_AE,cal_MLLS_AE,cal_RLLS_AE,cal_source_acc
10,98.03076923076924,99.2137776113815,99.32609509546985,99.28865593410707,99.28865593410707,99.06402096593037,0.009545998708479237,0.006783346938076032,0.011977464247871125,99.06402096593037,99.40097341819543,99.36353425683264,99.36353425683264,99.40097341819543,0.015146035339630288,0.008881502703459141,0.011054146990994005,98.15384615384616
