epoch,source_acc,target_acc_no_im,target_acc_oracle,target_acc_baseline,target_acc_MLLS,target_acc_RLLS,baseline_AE,MLLS_AE,RLLS_AE,multarget_acc_oracle,multarget_acc_baseline,multarget_acc_MLLS,multarget_acc_RLLS
49,82.35294117647058,45.3416149068323,52.79503105590062,45.3416149068323,35.40372670807454,42.857142857142854,0.5849127405502411,1.1255408010477455,0.568244744867251,50.31055900621118,43.47826086956522,36.64596273291926,42.857142857142854
