epoch,source_acc,target_acc_no_im,target_acc_oracle,target_acc_baseline,target_acc_MLLS,target_acc_RLLS,baseline_AE,MLLS_AE,RLLS_AE,multarget_acc_oracle,multarget_acc_baseline,multarget_acc_MLLS,multarget_acc_RLLS
40,73.38461538461539,31.259561448240692,52.57521672616012,34.42121366649668,38.19479857215706,38.44977052524222,1.0034023208970138,0.7530871198063999,0.7996766076761931,52.57521672616012,34.42121366649668,38.19479857215706,38.44977052524222
