epoch,source_acc,target_acc_no_im,target_acc_oracle,target_acc_baseline,target_acc_MLLS,target_acc_RLLS,baseline_AE,MLLS_AE,RLLS_AE,cal_target_acc_no_im,cal_target_acc_oracle,cal_target_acc_baseline,cal_target_acc_MLLS,cal_target_acc_RLLS,cal_baseline_AE,cal_MLLS_AE,cal_RLLS_AE,cal_source_acc
9,96.96153846153847,66.39886578449905,69.02173913043478,66.75330812854442,66.94234404536861,66.80056710775048,0.3364990527965199,0.3403661794903722,0.34014675321345655,64.62665406427222,68.38374291115312,65.73724007561437,65.87901701323251,65.76086956521739,0.3865231527609747,0.3763967818935535,0.3774501923222379,97.34615384615385
