epoch,source_acc,target_acc_no_im,target_acc_oracle,target_acc_baseline,target_acc_MLLS,target_acc_RLLS,baseline_AE,MLLS_AE,RLLS_AE,multarget_acc_oracle,multarget_acc_baseline,multarget_acc_MLLS,multarget_acc_RLLS
39,79.45,81.42374642764354,81.63159262146011,81.2938425565082,81.5536502987789,81.50168875032476,0.06116433624951491,0.04449666526084381,0.05643778282573406,81.63159262146011,81.2938425565082,81.5536502987789,81.50168875032476
