epoch,source_acc,target_acc_no_im,target_acc_oracle,target_acc_baseline,target_acc_MLLS,target_acc_RLLS,baseline_AE,MLLS_AE,RLLS_AE,multarget_acc_oracle,multarget_acc_baseline,multarget_acc_MLLS,multarget_acc_RLLS
39,78.2,59.523809523809526,61.904761904761905,57.14285714285714,57.14285714285714,57.14285714285714,0.5986158910007879,0.5766306064931912,0.5583853376847553,61.904761904761905,57.14285714285714,57.14285714285714,57.14285714285714
