epoch,source_acc,target_acc_no_im,target_acc_oracle,target_acc_baseline,target_acc_MLLS,target_acc_RLLS,baseline_AE,MLLS_AE,RLLS_AE,cal_target_acc_no_im,cal_target_acc_oracle,cal_target_acc_baseline,cal_target_acc_MLLS,cal_target_acc_RLLS,cal_baseline_AE,cal_MLLS_AE,cal_RLLS_AE,cal_source_acc
46,90.2872777017784,100.0,100.0,100.0,100.0,100.0,0.36787320776299265,0.06471114012118598,0.33739457337823026,91.66666666666666,100.0,91.66666666666666,91.66666666666666,91.66666666666666,0.19016602054161685,0.1723245705802015,0.23479583414690536,92.61285909712723
