epoch,source_acc,target_acc_no_im,target_acc_oracle,target_acc_baseline,target_acc_MLLS,target_acc_RLLS,baseline_AE,MLLS_AE,RLLS_AE,multarget_acc_oracle,multarget_acc_baseline,multarget_acc_MLLS,multarget_acc_RLLS
49,54.11,29.098360655737704,44.67213114754098,30.327868852459016,20.901639344262296,29.508196721311474,1.0964883334980515,1.3457266945973188,1.1430614617021992,44.67213114754098,30.327868852459016,20.901639344262296,29.508196721311474
