epoch,source_acc,target_acc_no_im,target_acc_oracle,target_acc_baseline,target_acc_MLLS,target_acc_RLLS,baseline_AE,MLLS_AE,RLLS_AE,cal_target_acc_no_im,cal_target_acc_oracle,cal_target_acc_baseline,cal_target_acc_MLLS,cal_target_acc_RLLS,cal_baseline_AE,cal_MLLS_AE,cal_RLLS_AE,cal_source_acc
9,99.97949727313733,48.786429667057654,47.75782730307678,44.202833167914825,40.39519985563476,44.17576468465217,0.5374897836599047,0.8780858767833523,0.5390042072447998,48.84056663358297,48.614995939727514,47.703690336551475,47.5683479202382,47.69466750879726,0.5788221458532101,0.6234303728568847,0.5793728497610564,99.97949727313733
