epoch,source_acc,target_acc_no_im,target_acc_oracle,target_acc_baseline,target_acc_MLLS,target_acc_RLLS,baseline_AE,MLLS_AE,RLLS_AE,multarget_acc_oracle,multarget_acc_baseline,multarget_acc_MLLS,multarget_acc_RLLS
49,42.44,17.5531914893617,24.73404255319149,11.170212765957446,5.585106382978723,10.904255319148938,0.8942131854326245,1.7955126673391606,0.9851181126573568,24.73404255319149,11.170212765957446,5.585106382978723,10.904255319148938
