epoch,source_acc,target_acc_no_im,target_acc_oracle,target_acc_baseline,target_acc_MLLS,target_acc_RLLS,baseline_AE,MLLS_AE,RLLS_AE,multarget_acc_oracle,multarget_acc_baseline,multarget_acc_MLLS,multarget_acc_RLLS
15,75.16695083830633,33.91285985781657,36.43978320546209,28.61265573308932,19.884563947349896,26.275779545294576,0.7745247854002631,1.4560518866738674,0.9711982664962793,35.92595199549518,28.211445062293233,22.735271345111567,25.790103470120364
