epoch,source_acc,target_acc_no_im,target_acc_oracle,target_acc_baseline,target_acc_MLLS,target_acc_RLLS,baseline_AE,MLLS_AE,RLLS_AE,cal_target_acc_no_im,cal_target_acc_oracle,cal_target_acc_baseline,cal_target_acc_MLLS,cal_target_acc_RLLS,cal_baseline_AE,cal_MLLS_AE,cal_RLLS_AE,cal_source_acc
30,73.53846153846155,58.06451612903226,58.06451612903226,54.83870967741935,54.83870967741935,54.83870967741935,0.5236449633694946,0.5653862435957866,0.5744356823073156,54.83870967741935,61.29032258064516,54.83870967741935,54.83870967741935,54.83870967741935,0.4974037186250151,0.6974471674432519,0.6036913756979524,73.34615384615385
