epoch,source_acc,target_acc_no_im,target_acc_oracle,target_acc_baseline,target_acc_MLLS,target_acc_RLLS,baseline_AE,MLLS_AE,RLLS_AE,cal_target_acc_no_im,cal_target_acc_oracle,cal_target_acc_baseline,cal_target_acc_MLLS,cal_target_acc_RLLS,cal_baseline_AE,cal_MLLS_AE,cal_RLLS_AE,cal_source_acc
44,61.980000000000004,37.295081967213115,54.50819672131148,36.47540983606557,36.885245901639344,36.47540983606557,1.029254914266612,0.9832740032689714,1.0248865802233362,51.229508196721305,64.34426229508196,54.91803278688525,52.04918032786885,52.459016393442624,0.7544089977368978,0.6857328183987054,0.5898379128906858,68.08
