epoch,source_acc,target_acc_no_im,target_acc_oracle,target_acc_baseline,target_acc_MLLS,target_acc_RLLS,baseline_AE,MLLS_AE,RLLS_AE,cal_target_acc_no_im,cal_target_acc_oracle,cal_target_acc_baseline,cal_target_acc_MLLS,cal_target_acc_RLLS,cal_baseline_AE,cal_MLLS_AE,cal_RLLS_AE,cal_source_acc
10,97.03333333333333,93.33333333333333,92.22222222222223,92.22222222222223,92.22222222222223,92.22222222222223,0.10194297967031564,0.10624300491892628,0.11317544673773498,94.44444444444444,95.55555555555556,95.55555555555556,95.55555555555556,95.55555555555556,0.09665866142632794,0.09667331327994662,0.09717262631591447,97.3
