epoch,source_acc,target_acc_no_im,target_acc_oracle,target_acc_baseline,target_acc_MLLS,target_acc_RLLS,baseline_AE,MLLS_AE,RLLS_AE,cal_target_acc_no_im,cal_target_acc_oracle,cal_target_acc_baseline,cal_target_acc_MLLS,cal_target_acc_RLLS,cal_baseline_AE,cal_MLLS_AE,cal_RLLS_AE,cal_source_acc
40,79.46153846153847,59.756097560975604,75.60975609756098,59.756097560975604,59.756097560975604,59.756097560975604,0.6854803546263678,0.6595269537462695,0.6345421261851056,84.14634146341463,89.02439024390245,87.8048780487805,87.8048780487805,86.58536585365853,0.27659395626723404,0.11720168611584102,0.15380660038324545,85.23076923076923
