epoch,source_acc,target_acc_no_im,target_acc_oracle,target_acc_baseline,target_acc_MLLS,target_acc_RLLS,baseline_AE,MLLS_AE,RLLS_AE,cal_target_acc_no_im,cal_target_acc_oracle,cal_target_acc_baseline,cal_target_acc_MLLS,cal_target_acc_RLLS,cal_baseline_AE,cal_MLLS_AE,cal_RLLS_AE,cal_source_acc
44,62.45,40.57377049180328,60.65573770491803,41.39344262295082,41.39344262295082,43.0327868852459,0.9901961493283274,0.9521959740477299,0.9246154495583049,60.245901639344254,70.08196721311475,63.52459016393443,63.934426229508205,64.34426229508196,0.6663986313267473,0.4823831224408063,0.5030821224063665,68.11
