epoch,source_acc,target_acc_no_im,target_acc_oracle,target_acc_baseline,target_acc_MLLS,target_acc_RLLS,baseline_AE,MLLS_AE,RLLS_AE,multarget_acc_oracle,multarget_acc_baseline,multarget_acc_MLLS,multarget_acc_RLLS
10,96.03887317013162,44.75365611245208,49.069998580150504,43.57518103081073,42.12693454493824,43.39060059633679,0.6286138916975537,0.738586731406925,0.6320035234805582,48.01930995314497,42.496095413886124,41.51639926167826,42.51029390884567
