epoch,source_acc,target_acc_no_im,target_acc_oracle,target_acc_baseline,target_acc_MLLS,target_acc_RLLS,baseline_AE,MLLS_AE,RLLS_AE,multarget_acc_oracle,multarget_acc_baseline,multarget_acc_MLLS,multarget_acc_RLLS
15,75.16695083830633,45.60117302052786,54.83870967741935,46.33431085043988,42.375366568914956,46.18768328445748,0.8921634052009597,1.0328378307870403,0.8511388878097572,55.13196480938416,45.45454545454545,46.774193548387096,44.13489736070381
