epoch,source_acc,target_acc_no_im,target_acc_oracle,target_acc_baseline,target_acc_MLLS,target_acc_RLLS,baseline_AE,MLLS_AE,RLLS_AE,cal_target_acc_no_im,cal_target_acc_oracle,cal_target_acc_baseline,cal_target_acc_MLLS,cal_target_acc_RLLS,cal_baseline_AE,cal_MLLS_AE,cal_RLLS_AE,cal_source_acc
9,79.93393009377664,32.173319686113956,35.00511770726714,27.772091436369838,16.001364721937904,26.782668031388607,0.8208903872797175,1.48721933249845,0.9639690811310693,32.71920846127602,35.14158990105766,28.181508017741386,22.040259297168202,27.328556806550665,0.8142038884348499,1.3247185411477274,0.9533062648305399,80.218101733447
