epoch,source_acc,target_acc_no_im,target_acc_oracle,target_acc_baseline,target_acc_MLLS,target_acc_RLLS,baseline_AE,MLLS_AE,RLLS_AE,cal_target_acc_no_im,cal_target_acc_oracle,cal_target_acc_baseline,cal_target_acc_MLLS,cal_target_acc_RLLS,cal_baseline_AE,cal_MLLS_AE,cal_RLLS_AE,cal_source_acc
9,99.97949727313733,31.960049937578027,39.850187265917604,28.963795255930087,26.14232209737828,28.963795255930087,1.0144385781134484,1.2112398101714066,1.015519924743435,31.960049937578027,33.95755305867665,31.260923845193506,31.210986267166042,31.260923845193506,1.0597889893217949,1.0948404109932437,1.0601546061569287,99.97949727313733
