epoch,source_acc,target_acc_no_im,target_acc_oracle,target_acc_baseline,target_acc_MLLS,target_acc_RLLS,baseline_AE,MLLS_AE,RLLS_AE,cal_target_acc_no_im,cal_target_acc_oracle,cal_target_acc_baseline,cal_target_acc_MLLS,cal_target_acc_RLLS,cal_baseline_AE,cal_MLLS_AE,cal_RLLS_AE,cal_source_acc
31,86.06153846153846,64.02439024390245,65.85365853658537,64.63414634146342,64.63414634146342,64.63414634146342,0.1938284227579105,0.20486447978310468,0.20594975922366165,64.63414634146342,67.6829268292683,65.2439024390244,66.46341463414635,64.63414634146342,0.190730265455275,0.1945451886915579,0.19375492668616584,85.98461538461538
