epoch,source_acc,target_acc_no_im,target_acc_oracle,target_acc_baseline,target_acc_MLLS,target_acc_RLLS,baseline_AE,MLLS_AE,RLLS_AE,multarget_acc_oracle,multarget_acc_baseline,multarget_acc_MLLS,multarget_acc_RLLS
8,85.0953516090584,86.70425609312477,86.02218988723173,83.22117133503092,83.04838122953801,80.8475809385231,0.24566866072059418,0.26549498351455475,0.43211113577085786,85.97671880683885,83.16660603855948,82.99381593306657,80.6747908330302
