epoch,source_acc,target_acc_no_im,target_acc_oracle,target_acc_baseline,target_acc_MLLS,target_acc_RLLS,baseline_AE,MLLS_AE,RLLS_AE,cal_target_acc_no_im,cal_target_acc_oracle,cal_target_acc_baseline,cal_target_acc_MLLS,cal_target_acc_RLLS,cal_baseline_AE,cal_MLLS_AE,cal_RLLS_AE,cal_source_acc
9,90.09,82.6086956521739,82.94314381270902,82.77591973244147,81.93979933110369,82.10702341137124,0.19046554308038913,0.20436986873430948,0.20314787342039997,81.77257525083613,82.44147157190636,79.09698996655518,78.42809364548495,79.09698996655518,0.2088474484236855,0.2549696709949903,0.22244721233878853,90.48
