epoch,source_acc,target_acc_no_im,target_acc_oracle,target_acc_baseline,target_acc_MLLS,target_acc_RLLS,baseline_AE,MLLS_AE,RLLS_AE,multarget_acc_oracle,multarget_acc_baseline,multarget_acc_MLLS,multarget_acc_RLLS
8,95.7592339261286,80.6896551724138,83.44827586206897,81.37931034482759,81.37931034482759,80.6896551724138,0.3556513979412808,0.3679353345302431,0.3650945387935358,85.51724137931035,80.6896551724138,81.37931034482759,80.6896551724138
