epoch,source_acc,target_acc_no_im,target_acc_oracle,target_acc_baseline,target_acc_MLLS,target_acc_RLLS,baseline_AE,MLLS_AE,RLLS_AE,cal_target_acc_no_im,cal_target_acc_oracle,cal_target_acc_baseline,cal_target_acc_MLLS,cal_target_acc_RLLS,cal_baseline_AE,cal_MLLS_AE,cal_RLLS_AE,cal_source_acc
40,78.42307692307692,23.76338602753697,31.004589495155532,23.9673635900051,24.120346761856197,24.069352371239162,1.137482552444833,1.113314454099434,1.125764497399726,30.23967363590005,43.24324324324324,38.19479857215706,30.69862315145334,37.225905150433455,0.9220241323395547,1.1997344033581452,0.7846450098120914,78.84615384615384
