epoch,source_acc,target_acc_no_im,target_acc_oracle,target_acc_baseline,target_acc_MLLS,target_acc_RLLS,baseline_AE,MLLS_AE,RLLS_AE,multarget_acc_oracle,multarget_acc_baseline,multarget_acc_MLLS,multarget_acc_RLLS
49,82.76333789329685,42.20532319391635,44.48669201520912,33.460076045627375,21.673003802281368,34.60076045627377,0.5048838291766952,1.311136460253192,0.5643451129336202,43.72623574144487,34.22053231939163,23.574144486692013,34.98098859315589
