epoch,source_acc,target_acc_no_im,target_acc_oracle,target_acc_baseline,target_acc_MLLS,target_acc_RLLS,baseline_AE,MLLS_AE,RLLS_AE,multarget_acc_oracle,multarget_acc_baseline,multarget_acc_MLLS,multarget_acc_RLLS
49,82.76333789329685,65.08538899430741,66.22390891840607,63.5673624288425,53.70018975332068,62.61859582542695,0.26555432885199554,0.7810090267644253,0.3106715512187932,64.89563567362428,61.10056925996204,53.70018975332068,60.53130929791271
