epoch,source_acc,target_acc_no_im,target_acc_oracle,target_acc_baseline,target_acc_MLLS,target_acc_RLLS,baseline_AE,MLLS_AE,RLLS_AE,cal_target_acc_no_im,cal_target_acc_oracle,cal_target_acc_baseline,cal_target_acc_MLLS,cal_target_acc_RLLS,cal_baseline_AE,cal_MLLS_AE,cal_RLLS_AE,cal_source_acc
10,99.51728247914183,99.31347309059704,99.36251072698296,99.36251072698296,99.36251072698296,99.36251072698296,0.007490078399940481,0.005852440784736623,0.0025361745908406563,99.36251072698296,99.44832659065833,99.44832659065833,99.44832659065833,99.44832659065833,0.007030109356208791,0.00012667994661713644,0.00022902513079298137,99.53516090584029
