epoch,source_acc,target_acc_no_im,target_acc_oracle,target_acc_baseline,target_acc_MLLS,target_acc_RLLS,baseline_AE,MLLS_AE,RLLS_AE,cal_target_acc_no_im,cal_target_acc_oracle,cal_target_acc_baseline,cal_target_acc_MLLS,cal_target_acc_RLLS,cal_baseline_AE,cal_MLLS_AE,cal_RLLS_AE,cal_source_acc
44,66.25999999999999,29.87551867219917,30.08298755186722,29.564315352697097,29.045643153526974,28.734439834024894,0.44895158081385017,0.5140131439074596,0.6519282497489404,21.16182572614108,20.12448132780083,12.966804979253114,3.112033195020747,9.232365145228217,0.6370591233169014,1.8596033228212012,1.0638768335579611,70.99
