epoch,source_acc,target_acc_no_im,target_acc_oracle,target_acc_baseline,target_acc_MLLS,target_acc_RLLS,baseline_AE,MLLS_AE,RLLS_AE,cal_target_acc_no_im,cal_target_acc_oracle,cal_target_acc_baseline,cal_target_acc_MLLS,cal_target_acc_RLLS,cal_baseline_AE,cal_MLLS_AE,cal_RLLS_AE,cal_source_acc
40,87.98461538461538,55.77049611791025,60.24476904855902,56.836425845505985,56.92854322937229,56.96802210817212,0.5812204382178274,0.5505167743918385,0.5378705050289896,68.99592051585735,76.11527832609553,73.167522042374,74.56244242663507,73.53599157783918,0.379736762335258,0.20096209485295602,0.31412054556006075,89.95384615384616
