epoch,source_acc,target_acc_no_im,target_acc_oracle,target_acc_baseline,target_acc_MLLS,target_acc_RLLS,baseline_AE,MLLS_AE,RLLS_AE,cal_target_acc_no_im,cal_target_acc_oracle,cal_target_acc_baseline,cal_target_acc_MLLS,cal_target_acc_RLLS,cal_baseline_AE,cal_MLLS_AE,cal_RLLS_AE,cal_source_acc
20,75.36231884057972,3.7665659149035107,6.603115554522204,3.487561032318066,0.0,3.5340618460823063,1.157717710566743,nan,1.192404766990244,2.4645431295047664,4.557079748895606,1.3717740060451058,0.06975122064636131,1.325273192280865,1.2538051937387638,1.9986008999253553,1.321118263436484,81.44714407502131
