epoch,source_acc,target_acc_no_im,target_acc_oracle,target_acc_baseline,target_acc_MLLS,target_acc_RLLS,baseline_AE,MLLS_AE,RLLS_AE,multarget_acc_oracle,multarget_acc_baseline,multarget_acc_MLLS,multarget_acc_RLLS
8,90.12514898688916,50.656087885260916,63.828705116468306,47.665547757094906,47.340046790763914,47.045061540026445,0.9339565773689786,0.9607442160332242,0.9899905629269392,63.70664225409419,47.51296917912725,47.1976401179941,46.841623436069575
