epoch,source_acc,target_acc_no_im,target_acc_oracle,target_acc_baseline,target_acc_MLLS,target_acc_RLLS,baseline_AE,MLLS_AE,RLLS_AE,multarget_acc_oracle,multarget_acc_baseline,multarget_acc_MLLS,multarget_acc_RLLS
10,98.03076923076924,98.78048780487805,100.0,98.78048780487805,98.78048780487805,98.78048780487805,0.026235516864578208,0.024584012502918126,0.02652912509366398,100.0,98.78048780487805,98.78048780487805,98.78048780487805
