epoch,source_acc,target_acc_no_im,target_acc_oracle,target_acc_baseline,target_acc_MLLS,target_acc_RLLS,baseline_AE,MLLS_AE,RLLS_AE,multarget_acc_oracle,multarget_acc_baseline,multarget_acc_MLLS,multarget_acc_RLLS
49,82.48974008207935,37.62376237623762,40.5940594059406,37.62376237623762,24.752475247524753,37.62376237623762,0.3957110924056113,1.137352894173512,0.4088159116409799,38.613861386138616,36.23762376237624,25.346534653465348,36.039603960396036
