epoch,source_acc,target_acc_no_im,target_acc_oracle,target_acc_baseline,target_acc_MLLS,target_acc_RLLS,baseline_AE,MLLS_AE,RLLS_AE,multarget_acc_oracle,multarget_acc_baseline,multarget_acc_MLLS,multarget_acc_RLLS
39,79.0,51.88640132669984,52.218076285240464,52.088515754560525,52.03669154228856,52.083333333333336,0.1529529521281941,0.217960747074688,0.17646535080703563,52.218076285240464,52.088515754560525,52.03669154228856,52.083333333333336
