epoch,source_acc,target_acc_no_im,target_acc_oracle,target_acc_baseline,target_acc_MLLS,target_acc_RLLS,baseline_AE,MLLS_AE,RLLS_AE,cal_target_acc_no_im,cal_target_acc_oracle,cal_target_acc_baseline,cal_target_acc_MLLS,cal_target_acc_RLLS,cal_baseline_AE,cal_MLLS_AE,cal_RLLS_AE,cal_source_acc
33,85.11764705882354,53.77258235919234,53.84342897626638,53.31207934821113,53.25894438540559,53.31207934821113,0.2372276982971478,0.2931755734406335,0.28183664420805055,53.71944739638682,54.16223875309954,53.77258235919234,53.27665603967411,53.48919589089621,0.21435531196186103,0.33764373822308597,0.2558520161986461,85.94117647058823
