epoch,source_acc,target_acc_no_im,target_acc_oracle,target_acc_baseline,target_acc_MLLS,target_acc_RLLS,baseline_AE,MLLS_AE,RLLS_AE,cal_target_acc_no_im,cal_target_acc_oracle,cal_target_acc_baseline,cal_target_acc_MLLS,cal_target_acc_RLLS,cal_baseline_AE,cal_MLLS_AE,cal_RLLS_AE,cal_source_acc
40,75.11538461538461,40.38461538461539,40.38461538461539,42.30769230769231,42.30769230769231,42.30769230769231,0.3973128758885791,0.4160888441860012,0.5359329037212212,36.53846153846153,38.46153846153847,32.69230769230769,26.923076923076923,34.61538461538461,0.3314819222745987,0.8420133004420282,0.556166226703989,75.8076923076923
