epoch,source_acc,target_acc_no_im,target_acc_oracle,target_acc_baseline,target_acc_MLLS,target_acc_RLLS,baseline_AE,MLLS_AE,RLLS_AE,cal_target_acc_no_im,cal_target_acc_oracle,cal_target_acc_baseline,cal_target_acc_MLLS,cal_target_acc_RLLS,cal_baseline_AE,cal_MLLS_AE,cal_RLLS_AE,cal_source_acc
44,68.24,64.93775933609959,65.14522821576763,65.04149377593362,64.93775933609959,65.45643153526972,0.21315457892924916,0.22757173104586537,0.32302103555547423,64.93775933609959,65.35269709543569,64.10788381742739,60.68464730290456,61.72199170124482,0.22579733024378348,0.48011446603227886,0.3851303101609019,70.45
