epoch,source_acc,target_acc_no_im,target_acc_oracle,target_acc_baseline,target_acc_MLLS,target_acc_RLLS,baseline_AE,MLLS_AE,RLLS_AE,multarget_acc_oracle,multarget_acc_baseline,multarget_acc_MLLS,multarget_acc_RLLS
49,82.76333789329685,63.75711574952562,64.51612903225806,60.341555977229596,48.76660341555977,57.874762808349146,0.2535575858248395,0.7762978665726924,0.3405459989861998,63.946869070208734,57.874762808349146,50.664136622390885,56.35673624288425
