epoch,source_acc,target_acc_no_im,target_acc_oracle,target_acc_baseline,target_acc_MLLS,target_acc_RLLS,baseline_AE,MLLS_AE,RLLS_AE,cal_target_acc_no_im,cal_target_acc_oracle,cal_target_acc_baseline,cal_target_acc_MLLS,cal_target_acc_RLLS,cal_baseline_AE,cal_MLLS_AE,cal_RLLS_AE,cal_source_acc
50,89.74008207934337,60.614525139664806,62.849162011173185,60.05586592178771,60.05586592178771,60.05586592178771,0.3835514631777919,0.37897489656843764,0.3949020901237646,60.893854748603346,61.1731843575419,59.49720670391061,52.23463687150838,58.10055865921788,0.3801576974814572,0.7128341993940855,0.4391441835297504,93.57045143638851
