epoch,source_acc,target_acc_no_im,target_acc_oracle,target_acc_baseline,target_acc_MLLS,target_acc_RLLS,baseline_AE,MLLS_AE,RLLS_AE,cal_target_acc_no_im,cal_target_acc_oracle,cal_target_acc_baseline,cal_target_acc_MLLS,cal_target_acc_RLLS,cal_baseline_AE,cal_MLLS_AE,cal_RLLS_AE,cal_source_acc
40,71.26666666666667,13.043478260869565,65.21739130434783,13.043478260869565,13.043478260869565,13.043478260869565,1.7333896995358051,1.7391301060619946,1.7199575783218193,52.17391304347826,82.6086956521739,69.56521739130434,78.26086956521739,73.91304347826086,0.8311231924251289,0.21777802354222897,0.3561938027538644,76.91666666666667
