epoch,source_acc,target_acc_no_im,target_acc_oracle,target_acc_baseline,target_acc_MLLS,target_acc_RLLS,baseline_AE,MLLS_AE,RLLS_AE,multarget_acc_oracle,multarget_acc_baseline,multarget_acc_MLLS,multarget_acc_RLLS
49,59.21999999999999,37.12374581939799,39.130434782608695,32.94314381270903,14.046822742474916,25.418060200668897,0.4287426124551149,1.4597589142410017,0.6018636007748084,39.130434782608695,32.94314381270903,14.046822742474916,25.418060200668897
