epoch,source_acc,target_acc_no_im,target_acc_oracle,target_acc_baseline,target_acc_MLLS,target_acc_RLLS,baseline_AE,MLLS_AE,RLLS_AE,cal_target_acc_no_im,cal_target_acc_oracle,cal_target_acc_baseline,cal_target_acc_MLLS,cal_target_acc_RLLS,cal_baseline_AE,cal_MLLS_AE,cal_RLLS_AE,cal_source_acc
6,54.427474176745825,39.769647696476966,48.983739837398375,40.10840108401084,40.37940379403794,40.78590785907859,0.840526844580481,0.7844135620862287,0.7617935516551592,47.08672086720867,56.639566395663955,49.32249322493225,50.06775067750677,52.913279132791324,0.7013779288476227,0.43401000910323045,0.40521730292954883,57.4114946587799
