epoch,source_acc,target_acc_no_im,target_acc_oracle,target_acc_baseline,target_acc_MLLS,target_acc_RLLS,baseline_AE,MLLS_AE,RLLS_AE,cal_target_acc_no_im,cal_target_acc_oracle,cal_target_acc_baseline,cal_target_acc_MLLS,cal_target_acc_RLLS,cal_baseline_AE,cal_MLLS_AE,cal_RLLS_AE,cal_source_acc
44,94.43,83.12883435582822,83.20552147239265,83.12883435582822,83.12883435582822,83.12883435582822,0.0912427635509178,0.08878256321136206,0.08861429080525185,82.74539877300614,83.66564417177914,83.35889570552148,83.5122699386503,83.35889570552148,0.09915129579832217,0.09163743198100775,0.0944419019061,94.42
