epoch,source_acc,target_acc_no_im,target_acc_oracle,target_acc_baseline,target_acc_MLLS,target_acc_RLLS,baseline_AE,MLLS_AE,RLLS_AE,multarget_acc_oracle,multarget_acc_baseline,multarget_acc_MLLS,multarget_acc_RLLS
8,97.19904648390941,97.11792961474364,97.11792961474364,97.08852073326145,97.11792961474364,97.12773257523773,0.023330552223184198,0.0008200577469085757,0.0044601743359375945,97.12773257523773,97.09832369375552,97.12773257523773,97.11792961474364
