epoch,source_acc,target_acc_no_im,target_acc_oracle,target_acc_baseline,target_acc_MLLS,target_acc_RLLS,baseline_AE,MLLS_AE,RLLS_AE,multarget_acc_oracle,multarget_acc_baseline,multarget_acc_MLLS,multarget_acc_RLLS
28,51.58470910214532,57.47126436781609,63.50574712643679,58.90804597701149,61.06321839080459,60.3448275862069,0.42948209455547237,0.2548712998329476,0.43345549407548734,61.49425287356321,59.05172413793104,59.195402298850574,58.620689655172406
