epoch,source_acc,target_acc_no_im,target_acc_oracle,target_acc_baseline,target_acc_MLLS,target_acc_RLLS,baseline_AE,MLLS_AE,RLLS_AE,multarget_acc_oracle,multarget_acc_baseline,multarget_acc_MLLS,multarget_acc_RLLS
49,58.35,54.77178423236515,54.77178423236515,51.867219917012456,28.008298755186722,43.56846473029046,0.23804003897381953,1.2145535703671175,0.4228447780747407,54.77178423236515,51.867219917012456,28.008298755186722,43.56846473029046
