epoch,source_acc,target_acc_no_im,target_acc_oracle,target_acc_baseline,target_acc_MLLS,target_acc_RLLS,baseline_AE,MLLS_AE,RLLS_AE,multarget_acc_oracle,multarget_acc_baseline,multarget_acc_MLLS,multarget_acc_RLLS
7,98.82352941176471,98.91041162227603,98.91041162227603,98.91041162227603,98.78934624697337,98.91041162227603,0.013807133516662051,0.013581176764234792,0.01033523549503473,98.91041162227603,98.91041162227603,98.78934624697337,98.91041162227603
