epoch,source_acc,target_acc_no_im,target_acc_oracle,target_acc_baseline,target_acc_MLLS,target_acc_RLLS,baseline_AE,MLLS_AE,RLLS_AE,multarget_acc_oracle,multarget_acc_baseline,multarget_acc_MLLS,multarget_acc_RLLS
49,60.14000000000001,59.599999999999994,59.599999999999994,57.35,51.349999999999994,52.75,0.11267241960391403,0.4332184018614388,0.30929343617514604,59.599999999999994,57.35,51.349999999999994,52.75
