epoch,source_acc,target_acc_no_im,target_acc_oracle,target_acc_baseline,target_acc_MLLS,target_acc_RLLS,baseline_AE,MLLS_AE,RLLS_AE,cal_target_acc_no_im,cal_target_acc_oracle,cal_target_acc_baseline,cal_target_acc_MLLS,cal_target_acc_RLLS,cal_baseline_AE,cal_MLLS_AE,cal_RLLS_AE,cal_source_acc
49,77.59,70.74468085106383,79.52127659574468,72.3404255319149,71.01063829787235,70.47872340425532,0.4488945681901471,0.4090527268818334,0.4331861344787015,70.2127659574468,78.98936170212765,71.01063829787235,70.74468085106383,71.01063829787235,0.43297230748353194,0.4159900588206245,0.42876078985932153,77.94
