epoch,source_acc,target_acc_no_im,target_acc_oracle,target_acc_baseline,target_acc_MLLS,target_acc_RLLS,baseline_AE,MLLS_AE,RLLS_AE,cal_target_acc_no_im,cal_target_acc_oracle,cal_target_acc_baseline,cal_target_acc_MLLS,cal_target_acc_RLLS,cal_baseline_AE,cal_MLLS_AE,cal_RLLS_AE,cal_source_acc
41,90.86,80.06166495375129,81.19218910585818,80.67831449126413,80.67831449126413,80.78108941418294,0.16265343461962914,0.1502505834850905,0.14272166915931514,82.21993833504625,81.50051387461458,80.78108941418294,80.57553956834532,80.47276464542652,0.1202405588060066,0.17301864214700943,0.13328659328991233,91.97
