epoch,source_acc,target_acc_no_im,target_acc_oracle,target_acc_baseline,target_acc_MLLS,target_acc_RLLS,baseline_AE,MLLS_AE,RLLS_AE,cal_target_acc_no_im,cal_target_acc_oracle,cal_target_acc_baseline,cal_target_acc_MLLS,cal_target_acc_RLLS,cal_baseline_AE,cal_MLLS_AE,cal_RLLS_AE,cal_source_acc
30,73.53846153846155,80.36465638148668,82.6086956521739,81.7671809256662,82.328190743338,81.06591865357645,0.17682612005903334,0.1118861646724533,0.15945488178976025,80.50490883590463,83.02945301542776,82.18793828892007,81.62692847124825,80.64516129032258,0.2405702966013283,0.1169032091526068,0.17584297404217017,73.34615384615385
