epoch,source_acc,target_acc_no_im,target_acc_oracle,target_acc_baseline,target_acc_MLLS,target_acc_RLLS,baseline_AE,MLLS_AE,RLLS_AE,multarget_acc_oracle,multarget_acc_baseline,multarget_acc_MLLS,multarget_acc_RLLS
40,84.9076923076923,80.0,80.0,79.23076923076923,78.46153846153847,78.07692307692308,0.12375850860889143,0.14475090113969952,0.16580516867893363,80.0,79.23076923076923,78.46153846153847,78.07692307692308
