epoch,source_acc,target_acc_no_im,target_acc_oracle,target_acc_baseline,target_acc_MLLS,target_acc_RLLS,baseline_AE,MLLS_AE,RLLS_AE,cal_target_acc_no_im,cal_target_acc_oracle,cal_target_acc_baseline,cal_target_acc_MLLS,cal_target_acc_RLLS,cal_baseline_AE,cal_MLLS_AE,cal_RLLS_AE,cal_source_acc
9,90.09,92.47491638795987,92.3076923076923,91.80602006688964,91.80602006688964,91.80602006688964,0.12229366145247787,0.12714018952062536,0.12970144660692304,91.30434782608695,91.80602006688964,91.1371237458194,90.96989966555184,90.96989966555184,0.12288835895618418,0.12356658063641439,0.12327857469631727,90.48
