epoch,source_acc,target_acc_no_im,target_acc_oracle,target_acc_baseline,target_acc_MLLS,target_acc_RLLS,baseline_AE,MLLS_AE,RLLS_AE,cal_target_acc_no_im,cal_target_acc_oracle,cal_target_acc_baseline,cal_target_acc_MLLS,cal_target_acc_RLLS,cal_baseline_AE,cal_MLLS_AE,cal_RLLS_AE,cal_source_acc
9,79.93393009377664,33.238797504254116,36.15995462280204,29.35337492909813,17.158252977878615,27.963698241633576,0.8557499481797894,1.4674309073981604,0.9731345527965538,33.664208735110606,36.47192285876347,29.66534316505956,23.25581395348837,28.417470221213843,0.839391399275913,1.3072379960122325,0.9544321365064542,80.218101733447
