epoch,source_acc,target_acc_no_im,target_acc_oracle,target_acc_baseline,target_acc_MLLS,target_acc_RLLS,baseline_AE,MLLS_AE,RLLS_AE,cal_target_acc_no_im,cal_target_acc_oracle,cal_target_acc_baseline,cal_target_acc_MLLS,cal_target_acc_RLLS,cal_baseline_AE,cal_MLLS_AE,cal_RLLS_AE,cal_source_acc
7,98.82352941176471,84.13035777541621,84.60857244066597,83.59900814736096,83.4927382217499,83.56358483882394,0.1914038315786196,0.21085275452566873,0.1970947595320973,84.18349273822176,84.16578108395323,83.12079348211124,82.74884874247255,82.96138859369465,0.18273792001232372,0.22253101807070505,0.18970099554722542,98.76470588235294
