epoch,source_acc,target_acc_no_im,target_acc_oracle,target_acc_baseline,target_acc_MLLS,target_acc_RLLS,baseline_AE,MLLS_AE,RLLS_AE,multarget_acc_oracle,multarget_acc_baseline,multarget_acc_MLLS,multarget_acc_RLLS
10,97.05,71.51969981238274,75.22201375859913,72.83302063789868,72.93308317698562,72.84552845528455,0.3533332389599998,0.3116370626582996,0.3489959589617571,75.22201375859913,72.83302063789868,72.93308317698562,72.84552845528455
