epoch,source_acc,target_acc_no_im,target_acc_oracle,target_acc_baseline,target_acc_MLLS,target_acc_RLLS,baseline_AE,MLLS_AE,RLLS_AE,cal_target_acc_no_im,cal_target_acc_oracle,cal_target_acc_baseline,cal_target_acc_MLLS,cal_target_acc_RLLS,cal_baseline_AE,cal_MLLS_AE,cal_RLLS_AE,cal_source_acc
31,86.06153846153846,86.1788617886179,86.1788617886179,86.99186991869918,86.99186991869918,86.99186991869918,0.13638200674478598,0.12895461794261523,0.13865245112759794,85.36585365853658,85.36585365853658,85.36585365853658,85.36585365853658,85.36585365853658,0.16849635223426468,0.12116984942004203,0.12373012187878796,85.98461538461538
