epoch,source_acc,target_acc_no_im,target_acc_oracle,target_acc_baseline,target_acc_MLLS,target_acc_RLLS,baseline_AE,MLLS_AE,RLLS_AE,multarget_acc_oracle,multarget_acc_baseline,multarget_acc_MLLS,multarget_acc_RLLS
9,90.09,84.01639344262296,91.39344262295081,86.47540983606558,86.88524590163934,86.0655737704918,0.2908445364049836,0.20164231706222757,0.2457407059865349,91.39344262295081,86.47540983606558,86.88524590163934,86.0655737704918
