epoch,source_acc,target_acc_no_im,target_acc_oracle,target_acc_baseline,target_acc_MLLS,target_acc_RLLS,baseline_AE,MLLS_AE,RLLS_AE,multarget_acc_oracle,multarget_acc_baseline,multarget_acc_MLLS,multarget_acc_RLLS
9,90.08,80.60200668896321,81.27090301003345,80.43478260869566,80.60200668896321,80.60200668896321,0.21332911101331856,0.2390306151840356,0.24241181710862506,81.27090301003345,80.43478260869566,80.60200668896321,80.60200668896321
