epoch,source_acc,target_acc_no_im,target_acc_oracle,target_acc_baseline,target_acc_MLLS,target_acc_RLLS,baseline_AE,MLLS_AE,RLLS_AE,cal_target_acc_no_im,cal_target_acc_oracle,cal_target_acc_baseline,cal_target_acc_MLLS,cal_target_acc_RLLS,cal_baseline_AE,cal_MLLS_AE,cal_RLLS_AE,cal_source_acc
30,73.53846153846155,39.10555639210962,39.10555639210962,38.81945490137028,38.653817196205395,38.53335341063093,0.17412455729773346,0.2539337714274364,0.27254688661307985,38.84957084776389,38.872157807559105,38.345128745670834,35.44646890528535,37.26095467550068,0.1700433948883772,0.5229070412831995,0.3348424574743374,73.34615384615385
