epoch,source_acc,target_acc_no_im,target_acc_oracle,target_acc_baseline,target_acc_MLLS,target_acc_RLLS,baseline_AE,MLLS_AE,RLLS_AE,cal_target_acc_no_im,cal_target_acc_oracle,cal_target_acc_baseline,cal_target_acc_MLLS,cal_target_acc_RLLS,cal_baseline_AE,cal_MLLS_AE,cal_RLLS_AE,cal_source_acc
46,90.2872777017784,39.94334277620396,39.6600566572238,34.844192634560905,24.362606232294617,33.711048158640224,0.5451680573690207,1.2492521640114829,0.5994844001754539,36.54390934844193,39.376770538243626,35.69405099150141,31.444759206798867,35.41076487252124,0.69797657664018,0.9483029051038914,0.7271565255255789,92.61285909712723
