epoch,source_acc,target_acc_no_im,target_acc_oracle,target_acc_baseline,target_acc_MLLS,target_acc_RLLS,baseline_AE,MLLS_AE,RLLS_AE,multarget_acc_oracle,multarget_acc_baseline,multarget_acc_MLLS,multarget_acc_RLLS
9,90.10000000000001,85.78838174273858,85.89211618257261,85.37344398340248,85.16597510373444,85.37344398340248,0.15497669938534375,0.17876033588308698,0.17898823147220339,85.89211618257261,85.37344398340248,85.16597510373444,85.37344398340248
