epoch,source_acc,target_acc_no_im,target_acc_oracle,target_acc_baseline,target_acc_MLLS,target_acc_RLLS,baseline_AE,MLLS_AE,RLLS_AE,multarget_acc_oracle,multarget_acc_baseline,multarget_acc_MLLS,multarget_acc_RLLS
10,97.03333333333333,75.55555555555556,75.55555555555556,74.81481481481481,74.81481481481481,74.81481481481481,0.1487383970645843,0.1671601151012712,0.15199935124356695,75.55555555555556,74.81481481481481,74.81481481481481,74.81481481481481
