epoch,source_acc,target_acc_no_im,target_acc_oracle,target_acc_baseline,target_acc_MLLS,target_acc_RLLS,baseline_AE,MLLS_AE,RLLS_AE,cal_target_acc_no_im,cal_target_acc_oracle,cal_target_acc_baseline,cal_target_acc_MLLS,cal_target_acc_RLLS,cal_baseline_AE,cal_MLLS_AE,cal_RLLS_AE,cal_source_acc
50,88.37209302325581,40.37267080745342,44.099378881987576,38.50931677018634,38.50931677018634,38.50931677018634,0.7276852400178055,0.7808013479248955,0.7551864379527495,39.130434782608695,41.61490683229814,35.40372670807454,29.81366459627329,35.40372670807454,0.6986604945557487,1.2276450939188734,0.7731238164022786,92.0656634746922
