epoch,source_acc,target_acc_no_im,target_acc_oracle,target_acc_baseline,target_acc_MLLS,target_acc_RLLS,baseline_AE,MLLS_AE,RLLS_AE,multarget_acc_oracle,multarget_acc_baseline,multarget_acc_MLLS,multarget_acc_RLLS
9,98.72999999999999,57.83898305084746,67.37288135593221,55.720338983050844,55.720338983050844,55.720338983050844,0.8036795665225865,0.8283683075075002,0.8032291738621807,67.37288135593221,55.720338983050844,55.720338983050844,55.720338983050844
