epoch,source_acc,target_acc_no_im,target_acc_oracle,target_acc_baseline,target_acc_MLLS,target_acc_RLLS,baseline_AE,MLLS_AE,RLLS_AE,cal_target_acc_no_im,cal_target_acc_oracle,cal_target_acc_baseline,cal_target_acc_MLLS,cal_target_acc_RLLS,cal_baseline_AE,cal_MLLS_AE,cal_RLLS_AE,cal_source_acc
7,98.82352941176471,98.91041162227603,98.91041162227603,98.91041162227603,98.78934624697337,98.91041162227603,0.013813335193686415,0.013588707438573133,0.010344084884843138,99.0314769975787,99.0314769975787,99.0314769975787,99.0314769975787,99.0314769975787,0.017983316310814436,0.01294689731261992,0.01253440820503001,98.76470588235294
