epoch,source_acc,target_acc_no_im,target_acc_oracle,target_acc_baseline,target_acc_MLLS,target_acc_RLLS,baseline_AE,MLLS_AE,RLLS_AE,multarget_acc_oracle,multarget_acc_baseline,multarget_acc_MLLS,multarget_acc_RLLS
7,67.03451929019157,66.6610990479372,66.8949390345749,66.62769333556038,66.59428762318356,65.79255052613998,0.13769995549727776,0.16798292346980348,0.24533027621652662,66.76131618506764,66.34374478035744,66.54417905461834,65.57541339569066
