epoch,source_acc,target_acc_no_im,target_acc_oracle,target_acc_baseline,target_acc_MLLS,target_acc_RLLS,baseline_AE,MLLS_AE,RLLS_AE,multarget_acc_oracle,multarget_acc_baseline,multarget_acc_MLLS,multarget_acc_RLLS
9,90.10000000000001,80.58510638297872,85.37234042553192,82.97872340425532,83.51063829787235,83.24468085106383,0.2562606984150834,0.2261442334625037,0.25165203173479195,85.37234042553192,82.97872340425532,83.51063829787235,83.24468085106383
