epoch,source_acc,target_acc_no_im,target_acc_oracle,target_acc_baseline,target_acc_MLLS,target_acc_RLLS,baseline_AE,MLLS_AE,RLLS_AE,multarget_acc_oracle,multarget_acc_baseline,multarget_acc_MLLS,multarget_acc_RLLS
49,82.76333789329685,63.474387527839646,62.58351893095768,59.02004454342984,46.88195991091314,56.23608017817372,0.2512442347560418,0.8176123408921907,0.35328072065133453,63.14031180400891,56.57015590200446,49.220489977728285,54.78841870824054
