epoch,source_acc,target_acc_no_im,target_acc_oracle,target_acc_baseline,target_acc_MLLS,target_acc_RLLS,baseline_AE,MLLS_AE,RLLS_AE,cal_target_acc_no_im,cal_target_acc_oracle,cal_target_acc_baseline,cal_target_acc_MLLS,cal_target_acc_RLLS,cal_baseline_AE,cal_MLLS_AE,cal_RLLS_AE,cal_source_acc
40,85.88235294117646,85.83535108958837,86.4406779661017,86.0774818401937,86.0774818401937,86.0774818401937,0.1402793223214207,0.12693280486286262,0.1101331965302692,87.046004842615,88.01452784503631,87.77239709443099,87.53026634382567,87.53026634382567,0.10018944647388653,0.074113230162343,0.08043264635913103,86.94117647058823
