epoch,source_acc,target_acc_no_im,target_acc_oracle,target_acc_baseline,target_acc_MLLS,target_acc_RLLS,baseline_AE,MLLS_AE,RLLS_AE,cal_target_acc_no_im,cal_target_acc_oracle,cal_target_acc_baseline,cal_target_acc_MLLS,cal_target_acc_RLLS,cal_baseline_AE,cal_MLLS_AE,cal_RLLS_AE,cal_source_acc
9,98.76,96.19732785200411,96.40287769784173,96.40287769784173,96.40287769784173,96.40287769784173,0.03348927984716714,0.034010534903143694,0.033299026339451976,95.78622816032887,96.50565262076053,96.09455292908531,96.19732785200411,96.09455292908531,0.04010329572799763,0.04323570968780403,0.04016308605016465,98.75
