epoch,source_acc,target_acc_no_im,target_acc_oracle,target_acc_baseline,target_acc_MLLS,target_acc_RLLS,baseline_AE,MLLS_AE,RLLS_AE,multarget_acc_oracle,multarget_acc_baseline,multarget_acc_MLLS,multarget_acc_RLLS
49,42.44,32.78688524590164,47.950819672131146,33.19672131147541,25.40983606557377,34.42622950819672,1.0571868049007551,1.2309919739125001,1.0524083647213436,47.950819672131146,33.19672131147541,25.40983606557377,34.42622950819672
