epoch,source_acc,target_acc_no_im,target_acc_oracle,target_acc_baseline,target_acc_MLLS,target_acc_RLLS,baseline_AE,MLLS_AE,RLLS_AE,cal_target_acc_no_im,cal_target_acc_oracle,cal_target_acc_baseline,cal_target_acc_MLLS,cal_target_acc_RLLS,cal_baseline_AE,cal_MLLS_AE,cal_RLLS_AE,cal_source_acc
7,66.91092080868721,59.46547884187082,66.14699331848553,62.360801781737194,63.474387527839646,61.02449888641426,0.3844791366816587,0.302144885173287,0.3688249083729071,60.57906458797328,67.92873051224944,65.25612472160356,64.3652561247216,65.03340757238307,0.4092859021718054,0.29391776585302204,0.32072859137729187,67.24640240134192
