epoch,source_acc,target_acc_no_im,target_acc_oracle,target_acc_baseline,target_acc_MLLS,target_acc_RLLS,baseline_AE,MLLS_AE,RLLS_AE,cal_target_acc_no_im,cal_target_acc_oracle,cal_target_acc_baseline,cal_target_acc_MLLS,cal_target_acc_RLLS,cal_baseline_AE,cal_MLLS_AE,cal_RLLS_AE,cal_source_acc
10,99.51728247914183,95.10345638372914,95.09757818010816,95.05055255114037,95.05055255114037,95.05055255114037,0.06441739201545715,0.06549614667892456,0.064967975254771,95.37973195391488,95.39736656477781,95.32094991770515,95.29743710322126,95.31507171408418,0.05394431948661804,0.057370543479919434,0.05459450399636162,99.53516090584029
