epoch,source_acc,target_acc_no_im,target_acc_oracle,target_acc_baseline,target_acc_MLLS,target_acc_RLLS,baseline_AE,MLLS_AE,RLLS_AE,cal_target_acc_no_im,cal_target_acc_oracle,cal_target_acc_baseline,cal_target_acc_MLLS,cal_target_acc_RLLS,cal_baseline_AE,cal_MLLS_AE,cal_RLLS_AE,cal_source_acc
9,99.97949727313733,48.031937246112896,48.38212634822804,43.98375122566186,40.49586776859504,43.969743661577255,0.6423513145606204,0.9018136499282801,0.6437402469107998,48.07395993836672,48.15800532287435,47.02339263202129,46.86930942709063,47.00938506793669,0.6813929720270618,0.721085102199687,0.6819254777716812,99.97949727313733
