epoch,source_acc,target_acc_no_im,target_acc_oracle,target_acc_baseline,target_acc_MLLS,target_acc_RLLS,baseline_AE,MLLS_AE,RLLS_AE,cal_target_acc_no_im,cal_target_acc_oracle,cal_target_acc_baseline,cal_target_acc_MLLS,cal_target_acc_RLLS,cal_baseline_AE,cal_MLLS_AE,cal_RLLS_AE,cal_source_acc
8,95.7592339261286,67.64705882352942,88.23529411764706,67.64705882352942,70.58823529411765,67.64705882352942,0.664894909967723,0.6353412969483673,0.6715186285476684,61.76470588235294,73.52941176470588,61.76470588235294,61.76470588235294,61.76470588235294,0.7857275943248723,0.7755657578347568,0.8006121419674416,96.58002735978111
