epoch,source_acc,target_acc_no_im,target_acc_oracle,target_acc_baseline,target_acc_MLLS,target_acc_RLLS,baseline_AE,MLLS_AE,RLLS_AE,cal_target_acc_no_im,cal_target_acc_oracle,cal_target_acc_baseline,cal_target_acc_MLLS,cal_target_acc_RLLS,cal_baseline_AE,cal_MLLS_AE,cal_RLLS_AE,cal_source_acc
10,98.03076923076924,95.0,95.0,94.61538461538461,94.61538461538461,94.61538461538461,0.05152934503096801,0.05315435391206008,0.05436090632641023,93.07692307692308,93.07692307692308,93.46153846153847,93.46153846153847,93.46153846153847,0.04475180690105146,0.04911943410451597,0.047124471549653185,98.15384615384616
