epoch,source_acc,target_acc_no_im,target_acc_oracle,target_acc_baseline,target_acc_MLLS,target_acc_RLLS,baseline_AE,MLLS_AE,RLLS_AE,multarget_acc_oracle,multarget_acc_baseline,multarget_acc_MLLS,multarget_acc_RLLS
49,57.52,30.585106382978722,37.5,28.723404255319153,10.372340425531915,23.670212765957448,0.822937410225735,1.5459546783878617,0.8818356506461245,37.5,28.723404255319153,10.372340425531915,23.670212765957448
