epoch,source_acc,target_acc_no_im,target_acc_oracle,target_acc_baseline,target_acc_MLLS,target_acc_RLLS,baseline_AE,MLLS_AE,RLLS_AE,multarget_acc_oracle,multarget_acc_baseline,multarget_acc_MLLS,multarget_acc_RLLS
49,59.07,23.138297872340424,33.51063829787234,18.085106382978726,5.851063829787234,15.159574468085108,0.8421228490274479,1.7559631476262583,0.8970028961134769,33.51063829787234,18.085106382978726,5.851063829787234,15.159574468085108
