epoch,source_acc,target_acc_no_im,target_acc_oracle,target_acc_baseline,target_acc_MLLS,target_acc_RLLS,baseline_AE,MLLS_AE,RLLS_AE,cal_target_acc_no_im,cal_target_acc_oracle,cal_target_acc_baseline,cal_target_acc_MLLS,cal_target_acc_RLLS,cal_baseline_AE,cal_MLLS_AE,cal_RLLS_AE,cal_source_acc
10,99.97129618239225,99.97258771929825,99.97258771929825,99.97258771929825,99.97258771929825,99.97258771929825,0.001029363196147104,0.0008171455640541697,0.0008651253230419764,99.97258771929825,99.97258771929825,99.97258771929825,99.97258771929825,99.97258771929825,0.000555386995537227,0.0005510209553074297,0.0005749250290017494,99.97129618239225
