epoch,source_acc,target_acc_no_im,target_acc_oracle,target_acc_baseline,target_acc_MLLS,target_acc_RLLS,baseline_AE,MLLS_AE,RLLS_AE,multarget_acc_oracle,multarget_acc_baseline,multarget_acc_MLLS,multarget_acc_RLLS
39,80.10000000000001,72.08333333333333,72.08333333333333,71.66666666666667,70.83333333333334,71.25,0.16428173941870527,0.23022065684199333,0.21583746944458418,72.08333333333333,71.66666666666667,70.83333333333334,71.25
