epoch,source_acc,target_acc_no_im,target_acc_oracle,target_acc_baseline,target_acc_MLLS,target_acc_RLLS,baseline_AE,MLLS_AE,RLLS_AE,cal_target_acc_no_im,cal_target_acc_oracle,cal_target_acc_baseline,cal_target_acc_MLLS,cal_target_acc_RLLS,cal_baseline_AE,cal_MLLS_AE,cal_RLLS_AE,cal_source_acc
46,90.2872777017784,53.41614906832298,57.14285714285714,52.17391304347826,34.78260869565217,52.17391304347826,0.5659966258598226,1.122735405480649,0.585405042949014,52.17391304347826,54.037267080745345,50.31055900621118,47.82608695652174,50.31055900621118,0.6354931756524681,0.8686993253318166,0.696354783564273,92.61285909712723
