epoch,source_acc,target_acc_no_im,target_acc_oracle,target_acc_baseline,target_acc_MLLS,target_acc_RLLS,baseline_AE,MLLS_AE,RLLS_AE,multarget_acc_oracle,multarget_acc_baseline,multarget_acc_MLLS,multarget_acc_RLLS
10,98.95026038463116,99.21372408863473,99.42816297355253,99.42816297355253,99.42816297355253,99.42816297355253,0.01771420409358379,0.0051211029260530925,0.012744076704186065,99.42816297355253,99.42816297355253,99.42816297355253,99.42816297355253
