epoch,source_acc,target_acc_no_im,target_acc_oracle,target_acc_baseline,target_acc_MLLS,target_acc_RLLS,baseline_AE,MLLS_AE,RLLS_AE,multarget_acc_oracle,multarget_acc_baseline,multarget_acc_MLLS,multarget_acc_RLLS
7,67.02569082722698,60.11494252873564,61.752873563218394,60.3735632183908,60.51724137931035,60.229885057471265,0.28226229141308423,0.2827575860454048,0.3349899665528934,61.0919540229885,59.62643678160919,59.798850574712645,59.51149425287356
