epoch,source_acc,target_acc_no_im,target_acc_oracle,target_acc_baseline,target_acc_MLLS,target_acc_RLLS,baseline_AE,MLLS_AE,RLLS_AE,multarget_acc_oracle,multarget_acc_baseline,multarget_acc_MLLS,multarget_acc_RLLS
10,99.51728247914183,95.81097093469018,95.76218024674148,95.77612044329825,95.77612044329825,95.77612044329825,0.04066580979551698,0.04447308628286745,0.04287718098416554,95.76218024674148,95.78309054157663,95.78309054157663,95.78309054157663
