epoch,source_acc,target_acc_no_im,target_acc_oracle,target_acc_baseline,target_acc_MLLS,target_acc_RLLS,baseline_AE,MLLS_AE,RLLS_AE,cal_target_acc_no_im,cal_target_acc_oracle,cal_target_acc_baseline,cal_target_acc_MLLS,cal_target_acc_RLLS,cal_baseline_AE,cal_MLLS_AE,cal_RLLS_AE,cal_source_acc
8,96.34386174016687,43.76151236063984,47.794474066892874,42.26854095976733,42.03587009209889,42.17159476490548,0.9465683489618981,1.003594365463539,0.9701687437596074,32.82598158022297,44.333494910324774,25.681047018904508,20.727096461463887,25.079980610761027,1.193990641790458,1.522398063665796,1.2423770012323265,97.15733015494637
