epoch,source_acc,target_acc_no_im,target_acc_oracle,target_acc_baseline,target_acc_MLLS,target_acc_RLLS,baseline_AE,MLLS_AE,RLLS_AE,multarget_acc_oracle,multarget_acc_baseline,multarget_acc_MLLS,multarget_acc_RLLS
9,96.92307692307692,66.49338374291115,69.18714555765595,66.87145557655954,66.96597353497165,66.91871455576559,0.33504395347461813,0.33836846014615485,0.3386307642340688,69.18714555765595,66.87145557655954,66.96597353497165,66.91871455576559
