epoch,source_acc,target_acc_no_im,target_acc_oracle,target_acc_baseline,target_acc_MLLS,target_acc_RLLS,baseline_AE,MLLS_AE,RLLS_AE,multarget_acc_oracle,multarget_acc_baseline,multarget_acc_MLLS,multarget_acc_RLLS
49,42.44,25.53191489361702,39.361702127659576,21.808510638297875,12.76595744680851,19.9468085106383,0.8674265015127256,1.3956277369955377,0.9495439706001694,39.361702127659576,21.808510638297875,12.76595744680851,19.9468085106383
