epoch,source_acc,target_acc_no_im,target_acc_oracle,target_acc_baseline,target_acc_MLLS,target_acc_RLLS,baseline_AE,MLLS_AE,RLLS_AE,cal_target_acc_no_im,cal_target_acc_oracle,cal_target_acc_baseline,cal_target_acc_MLLS,cal_target_acc_RLLS,cal_baseline_AE,cal_MLLS_AE,cal_RLLS_AE,cal_source_acc
10,97.03333333333333,94.81481481481482,94.81481481481482,94.07407407407408,94.07407407407408,94.07407407407408,0.086455984606787,0.09137558234096677,0.09271014018183163,95.55555555555556,96.29629629629629,96.29629629629629,96.29629629629629,96.29629629629629,0.07929563724470359,0.08058178493132195,0.07988749128015096,97.3
