epoch,source_acc,target_acc_no_im,target_acc_oracle,target_acc_baseline,target_acc_MLLS,target_acc_RLLS,baseline_AE,MLLS_AE,RLLS_AE,cal_target_acc_no_im,cal_target_acc_oracle,cal_target_acc_baseline,cal_target_acc_MLLS,cal_target_acc_RLLS,cal_baseline_AE,cal_MLLS_AE,cal_RLLS_AE,cal_source_acc
44,94.43,95.86410635155096,96.602658788774,96.4549483013294,96.602658788774,96.602658788774,0.0636286984171658,0.024939309077219068,0.024466837811401354,95.56868537666175,96.7503692762186,96.4549483013294,96.7503692762186,96.602658788774,0.06850875047705464,0.02341114843066126,0.022653554819553702,94.42
