epoch,source_acc,target_acc_no_im,target_acc_oracle,target_acc_baseline,target_acc_MLLS,target_acc_RLLS,baseline_AE,MLLS_AE,RLLS_AE,multarget_acc_oracle,multarget_acc_baseline,multarget_acc_MLLS,multarget_acc_RLLS
40,72.5,57.692307692307686,59.61538461538461,57.692307692307686,59.61538461538461,57.692307692307686,0.3709984426028454,0.608891497867582,0.5814101950561636,59.61538461538461,57.692307692307686,59.61538461538461,57.692307692307686
