epoch,source_acc,target_acc_no_im,target_acc_oracle,target_acc_baseline,target_acc_MLLS,target_acc_RLLS,baseline_AE,MLLS_AE,RLLS_AE,multarget_acc_oracle,multarget_acc_baseline,multarget_acc_MLLS,multarget_acc_RLLS
10,99.51728247914183,99.39068752273555,99.39068752273555,99.39068752273555,99.39068752273555,99.39068752273555,8.576003669952259e-05,0.0001705399358346571,0.0008135937282246486,99.39068752273555,99.39068752273555,99.39068752273555,99.39068752273555
