epoch,source_acc,target_acc_no_im,target_acc_oracle,target_acc_baseline,target_acc_MLLS,target_acc_RLLS,baseline_AE,MLLS_AE,RLLS_AE,multarget_acc_oracle,multarget_acc_baseline,multarget_acc_MLLS,multarget_acc_RLLS
10,98.03076923076924,79.61538461538461,79.61538461538461,80.38461538461539,80.38461538461539,80.38461538461539,0.12997724001224226,0.14106523876006788,0.13401272754917162,79.61538461538461,80.38461538461539,80.38461538461539,80.38461538461539
