epoch,source_acc,target_acc_no_im,target_acc_oracle,target_acc_baseline,target_acc_MLLS,target_acc_RLLS,baseline_AE,MLLS_AE,RLLS_AE,multarget_acc_oracle,multarget_acc_baseline,multarget_acc_MLLS,multarget_acc_RLLS
10,89.6490480250071,89.49640287769785,93.5251798561151,90.79136690647482,91.36690647482014,91.36690647482014,0.19400240774411254,0.1428166392481044,0.16692719915098345,93.09352517985612,90.64748201438849,91.22302158273381,91.22302158273381
