epoch,source_acc,target_acc_no_im,target_acc_oracle,target_acc_baseline,target_acc_MLLS,target_acc_RLLS,baseline_AE,MLLS_AE,RLLS_AE,multarget_acc_oracle,multarget_acc_baseline,multarget_acc_MLLS,multarget_acc_RLLS
8,95.7592339261286,65.14851485148515,65.74257425742574,63.16831683168317,62.57425742574257,63.366336633663366,0.35445534549261637,0.514894888489876,0.38948017073618546,66.33663366336634,63.56435643564357,62.772277227722775,63.76237623762376
