epoch,source_acc,target_acc_no_im,target_acc_oracle,target_acc_baseline,target_acc_MLLS,target_acc_RLLS,baseline_AE,MLLS_AE,RLLS_AE,multarget_acc_oracle,multarget_acc_baseline,multarget_acc_MLLS,multarget_acc_RLLS
40,74.41176470588235,73.45971563981043,84.83412322274881,82.46445497630332,83.88625592417061,82.46445497630332,0.48886556707552115,0.171600648476687,0.2871409019535155,84.83412322274881,82.46445497630332,83.88625592417061,82.46445497630332
