epoch,source_acc,target_acc_no_im,target_acc_oracle,target_acc_baseline,target_acc_MLLS,target_acc_RLLS,baseline_AE,MLLS_AE,RLLS_AE,cal_target_acc_no_im,cal_target_acc_oracle,cal_target_acc_baseline,cal_target_acc_MLLS,cal_target_acc_RLLS,cal_baseline_AE,cal_MLLS_AE,cal_RLLS_AE,cal_source_acc
44,94.43,88.18316100443131,92.46676514032495,91.4327917282127,92.17134416543574,91.4327917282127,0.1678427443117388,0.07735486355117709,0.13051824785125746,87.8877400295421,91.87592319054653,91.4327917282127,92.02363367799113,91.5805022156573,0.1793732078955062,0.09398300322485463,0.14145078138780187,94.42
