epoch,source_acc,target_acc_no_im,target_acc_oracle,target_acc_baseline,target_acc_MLLS,target_acc_RLLS,baseline_AE,MLLS_AE,RLLS_AE,multarget_acc_oracle,multarget_acc_baseline,multarget_acc_MLLS,multarget_acc_RLLS
9,90.09,81.55737704918032,89.34426229508196,83.19672131147541,84.8360655737705,83.60655737704919,0.32674183206905977,0.23419484635660037,0.2865659953216223,89.34426229508196,83.19672131147541,84.8360655737705,83.60655737704919
