epoch,source_acc,target_acc_no_im,target_acc_oracle,target_acc_baseline,target_acc_MLLS,target_acc_RLLS,baseline_AE,MLLS_AE,RLLS_AE,cal_target_acc_no_im,cal_target_acc_oracle,cal_target_acc_baseline,cal_target_acc_MLLS,cal_target_acc_RLLS,cal_baseline_AE,cal_MLLS_AE,cal_RLLS_AE,cal_source_acc
31,86.06153846153846,89.27178153446033,91.41742522756827,90.6371911573472,90.89726918075422,91.35240572171651,0.0838967409107219,0.033907097320451426,0.033572758146912636,89.07672301690506,92.52275682704811,91.74252275682704,92.2626788036411,92.2626788036411,0.12873827052570308,0.019282799648395323,0.026145297592595287,85.98461538461538
