epoch,source_acc,target_acc_no_im,target_acc_oracle,target_acc_baseline,target_acc_MLLS,target_acc_RLLS,baseline_AE,MLLS_AE,RLLS_AE,cal_target_acc_no_im,cal_target_acc_oracle,cal_target_acc_baseline,cal_target_acc_MLLS,cal_target_acc_RLLS,cal_baseline_AE,cal_MLLS_AE,cal_RLLS_AE,cal_source_acc
20,78.3638817845979,40.47417442845047,45.554614733276885,39.62743437764607,38.950042337002536,39.62743437764607,0.7345300346987442,0.8421083607542773,0.778445210463016,41.57493649449619,43.52243861134632,38.52667231160034,28.281117696867064,36.15580016934801,0.6918615527522978,1.2721484708588933,0.7978536580433747,81.33702756464905
