epoch,source_acc,target_acc_no_im,target_acc_oracle,target_acc_baseline,target_acc_MLLS,target_acc_RLLS,baseline_AE,MLLS_AE,RLLS_AE,cal_target_acc_no_im,cal_target_acc_oracle,cal_target_acc_baseline,cal_target_acc_MLLS,cal_target_acc_RLLS,cal_baseline_AE,cal_MLLS_AE,cal_RLLS_AE,cal_source_acc
10,97.1275327771156,72.19609687279568,72.20197507641664,72.08441100399718,72.15494944744886,72.07853280037621,0.14811575412750244,0.19069501757621765,0.1626378160924204,72.24312250176345,72.20197507641664,72.13143663296496,72.09028920761816,72.1020456148601,0.14670899510383606,0.18175238370895386,0.15924815766087969,97.12455303933254
