epoch,source_acc,target_acc_no_im,target_acc_oracle,target_acc_baseline,target_acc_MLLS,target_acc_RLLS,baseline_AE,MLLS_AE,RLLS_AE,cal_target_acc_no_im,cal_target_acc_oracle,cal_target_acc_baseline,cal_target_acc_MLLS,cal_target_acc_RLLS,cal_baseline_AE,cal_MLLS_AE,cal_RLLS_AE,cal_source_acc
9,99.97949727313733,43.30801104972375,43.24585635359116,37.182320441988956,31.89917127071823,37.182320441988956,0.6874252103248519,0.9567793812590164,0.6887740701878177,43.370165745856355,43.26657458563536,41.7817679558011,41.58839779005525,41.77486187845304,0.7383081076646132,0.7869100314078761,0.738773679741016,99.97949727313733
