epoch,source_acc,target_acc_no_im,target_acc_oracle,target_acc_baseline,target_acc_MLLS,target_acc_RLLS,baseline_AE,MLLS_AE,RLLS_AE,multarget_acc_oracle,multarget_acc_baseline,multarget_acc_MLLS,multarget_acc_RLLS
10,89.6312872975277,61.32145508537491,71.12100965107646,61.02449888641426,58.72308834446919,61.02449888641426,0.6278427695075022,0.6910199611658223,0.6357523473030051,71.6406829992576,61.24721603563474,59.46547884187082,60.95025983667409
