epoch,source_acc,target_acc_no_im,target_acc_oracle,target_acc_baseline,target_acc_MLLS,target_acc_RLLS,baseline_AE,MLLS_AE,RLLS_AE,cal_target_acc_no_im,cal_target_acc_oracle,cal_target_acc_baseline,cal_target_acc_MLLS,cal_target_acc_RLLS,cal_baseline_AE,cal_MLLS_AE,cal_RLLS_AE,cal_source_acc
10,98.03076923076924,87.76154757204895,90.23555731017238,89.23542571390972,89.52493749177523,89.32754309777602,0.13303620697759366,0.09766803173177216,0.12384868056187415,86.69561784445322,90.41979207790499,89.06435057244374,89.43282010790894,89.19594683510988,0.17253693270470427,0.0931928926710677,0.16154309016100699,98.15384615384616
