epoch,source_acc,target_acc_no_im,target_acc_oracle,target_acc_baseline,target_acc_MLLS,target_acc_RLLS,baseline_AE,MLLS_AE,RLLS_AE,multarget_acc_oracle,multarget_acc_baseline,multarget_acc_MLLS,multarget_acc_RLLS
4,80.0,80.50847457627118,86.22881355932203,87.92372881355932,77.33050847457628,88.13559322033898,0.7891192782859681,0.28354790406617314,0.30963722071180894,86.22881355932203,87.92372881355932,77.33050847457628,88.13559322033898
