epoch,source_acc,target_acc_no_im,target_acc_oracle,target_acc_baseline,target_acc_MLLS,target_acc_RLLS,baseline_AE,MLLS_AE,RLLS_AE,multarget_acc_oracle,multarget_acc_baseline,multarget_acc_MLLS,multarget_acc_RLLS
9,98.76,97.84172661870504,97.94450154162384,97.94450154162384,97.94450154162384,97.94450154162384,0.030911920663019135,0.027990231361289933,0.02765789438439348,97.94450154162384,97.94450154162384,97.94450154162384,97.94450154162384
