epoch,source_acc,target_acc_no_im,target_acc_oracle,target_acc_baseline,target_acc_MLLS,target_acc_RLLS,baseline_AE,MLLS_AE,RLLS_AE,multarget_acc_oracle,multarget_acc_baseline,multarget_acc_MLLS,multarget_acc_RLLS
49,83.17373461012312,59.183673469387756,70.40816326530613,59.183673469387756,57.14285714285714,60.204081632653065,0.8422045413528245,0.7751186492505073,0.747856788589998,68.36734693877551,59.183673469387756,56.12244897959183,60.204081632653065
