epoch,source_acc,target_acc_no_im,target_acc_oracle,target_acc_baseline,target_acc_MLLS,target_acc_RLLS,baseline_AE,MLLS_AE,RLLS_AE,multarget_acc_oracle,multarget_acc_baseline,multarget_acc_MLLS,multarget_acc_RLLS
15,75.16695083830633,40.49247606019152,47.19562243502052,37.61969904240766,31.73734610123119,37.2093023255814,0.886308885951687,1.2567496967291683,0.9367199099273602,47.332421340629274,37.07250341997264,33.2421340629275,37.07250341997264
