epoch,source_acc,target_acc_no_im,target_acc_oracle,target_acc_baseline,target_acc_MLLS,target_acc_RLLS,baseline_AE,MLLS_AE,RLLS_AE,cal_target_acc_no_im,cal_target_acc_oracle,cal_target_acc_baseline,cal_target_acc_MLLS,cal_target_acc_RLLS,cal_baseline_AE,cal_MLLS_AE,cal_RLLS_AE,cal_source_acc
33,85.11764705882354,52.54496747034061,57.36701109835438,52.31534634519709,52.621507845388436,52.621507845388436,0.51727973262737,0.5078874151366758,0.4818021170408349,52.85112897053196,62.83964791427478,53.88442403367777,53.769613471106005,54.22885572139303,0.5565463560763455,0.49191854773798566,0.4921804725131026,85.94117647058823
