epoch,source_acc,target_acc_no_im,target_acc_oracle,target_acc_baseline,target_acc_MLLS,target_acc_RLLS,baseline_AE,MLLS_AE,RLLS_AE,multarget_acc_oracle,multarget_acc_baseline,multarget_acc_MLLS,multarget_acc_RLLS
7,99.47923073768811,99.65062111801242,99.65062111801242,99.65062111801242,99.65062111801242,99.65062111801242,0.004312732494118038,0.0037429082028058586,0.006898297347206652,99.65062111801242,99.65062111801242,99.65062111801242,99.61180124223603
