epoch,source_acc,target_acc_no_im,target_acc_oracle,target_acc_baseline,target_acc_MLLS,target_acc_RLLS,baseline_AE,MLLS_AE,RLLS_AE,cal_target_acc_no_im,cal_target_acc_oracle,cal_target_acc_baseline,cal_target_acc_MLLS,cal_target_acc_RLLS,cal_baseline_AE,cal_MLLS_AE,cal_RLLS_AE,cal_source_acc
40,70.8076923076923,67.3076923076923,67.3076923076923,67.3076923076923,67.3076923076923,67.3076923076923,0.3780838791639186,0.40726351677995765,0.5462903882246601,71.15384615384616,69.23076923076923,63.46153846153846,61.53846153846154,63.46153846153846,0.303681440006655,0.5830136668976241,0.4873781854831135,72.57692307692307
