epoch,source_acc,target_acc_no_im,target_acc_oracle,target_acc_baseline,target_acc_MLLS,target_acc_RLLS,baseline_AE,MLLS_AE,RLLS_AE,cal_target_acc_no_im,cal_target_acc_oracle,cal_target_acc_baseline,cal_target_acc_MLLS,cal_target_acc_RLLS,cal_baseline_AE,cal_MLLS_AE,cal_RLLS_AE,cal_source_acc
8,96.44219308700835,82.94496777392166,86.01883986117997,85.00247892910264,85.10163609320773,85.07684680218146,0.24764512446060238,0.19345672417943205,0.20434579261617986,87.60535448686167,91.22459097669807,90.48091224590976,91.00148735746157,90.70401586514626,0.12532542612686215,0.03502621643749479,0.07994504543272943,97.62216924910608
