epoch,source_acc,target_acc_no_im,target_acc_oracle,target_acc_baseline,target_acc_MLLS,target_acc_RLLS,baseline_AE,MLLS_AE,RLLS_AE,cal_target_acc_no_im,cal_target_acc_oracle,cal_target_acc_baseline,cal_target_acc_MLLS,cal_target_acc_RLLS,cal_baseline_AE,cal_MLLS_AE,cal_RLLS_AE,cal_source_acc
44,94.43,87.5,87.80674846625767,86.73312883435584,86.579754601227,86.579754601227,0.09143931772902698,0.10963094574999223,0.09799098953714973,87.19325153374233,87.65337423312883,86.80981595092024,86.579754601227,86.579754601227,0.0906880066210141,0.12153927949857125,0.10038480484116552,94.42
