epoch,source_acc,target_acc_no_im,target_acc_oracle,target_acc_baseline,target_acc_MLLS,target_acc_RLLS,baseline_AE,MLLS_AE,RLLS_AE,multarget_acc_oracle,multarget_acc_baseline,multarget_acc_MLLS,multarget_acc_RLLS
10,97.03333333333333,96.9951923076923,98.67788461538461,98.19711538461539,98.3173076923077,98.3173076923077,0.04798556570946087,0.01670758066300569,0.026349114361135496,98.67788461538461,98.19711538461539,98.3173076923077,98.3173076923077
