epoch,source_acc,target_acc_no_im,target_acc_oracle,target_acc_baseline,target_acc_MLLS,target_acc_RLLS,baseline_AE,MLLS_AE,RLLS_AE,multarget_acc_oracle,multarget_acc_baseline,multarget_acc_MLLS,multarget_acc_RLLS
7,98.82352941176471,98.86877828054298,98.86877828054298,98.86877828054298,98.86877828054298,98.86877828054298,0.010412942837266362,0.010515138287754619,0.01068367780032866,98.86877828054298,98.86877828054298,98.86877828054298,98.86877828054298
