epoch,source_acc,target_acc_no_im,target_acc_oracle,target_acc_baseline,target_acc_MLLS,target_acc_RLLS,baseline_AE,MLLS_AE,RLLS_AE,cal_target_acc_no_im,cal_target_acc_oracle,cal_target_acc_baseline,cal_target_acc_MLLS,cal_target_acc_RLLS,cal_baseline_AE,cal_MLLS_AE,cal_RLLS_AE,cal_source_acc
10,97.03333333333333,76.19047619047619,83.33333333333334,83.33333333333334,83.33333333333334,83.33333333333334,0.2932621882024423,0.2218644609169442,0.28237930344491274,76.19047619047619,80.95238095238095,78.57142857142857,78.57142857142857,78.57142857142857,0.3067717977458122,0.22676824530003184,0.2916380007218898,97.3
