epoch,source_acc,target_acc_no_im,target_acc_oracle,target_acc_baseline,target_acc_MLLS,target_acc_RLLS,baseline_AE,MLLS_AE,RLLS_AE,multarget_acc_oracle,multarget_acc_baseline,multarget_acc_MLLS,multarget_acc_RLLS
8,95.7592339261286,64.87252124645893,64.87252124645893,63.45609065155807,61.18980169971672,62.606232294617556,0.37247988150459016,0.5308909990008296,0.40607887127265896,65.15580736543909,62.606232294617556,60.62322946175638,62.3229461756374
