epoch,source_acc,target_acc_no_im,target_acc_oracle,target_acc_baseline,target_acc_MLLS,target_acc_RLLS,baseline_AE,MLLS_AE,RLLS_AE,cal_target_acc_no_im,cal_target_acc_oracle,cal_target_acc_baseline,cal_target_acc_MLLS,cal_target_acc_RLLS,cal_baseline_AE,cal_MLLS_AE,cal_RLLS_AE,cal_source_acc
10,98.03076923076924,98.78048780487805,100.0,98.78048780487805,98.78048780487805,98.78048780487805,0.026244613954365455,0.024584019999925856,0.02653009735024542,98.78048780487805,100.0,98.78048780487805,98.78048780487805,98.78048780487805,0.036361442115421395,0.02609447457767409,0.030998870602872944,98.15384615384616
