epoch,source_acc,target_acc_no_im,target_acc_oracle,target_acc_baseline,target_acc_MLLS,target_acc_RLLS,baseline_AE,MLLS_AE,RLLS_AE,cal_target_acc_no_im,cal_target_acc_oracle,cal_target_acc_baseline,cal_target_acc_MLLS,cal_target_acc_RLLS,cal_baseline_AE,cal_MLLS_AE,cal_RLLS_AE,cal_source_acc
9,98.76,91.2850812407681,91.5805022156573,91.5805022156573,91.5805022156573,91.5805022156573,0.030415469023950665,0.031911982506777695,0.027008963660423522,91.4327917282127,91.72821270310192,91.72821270310192,91.87592319054653,91.72821270310192,0.030754427059637452,0.0331826395062149,0.025662727987692084,98.75
