epoch,source_acc,target_acc_no_im,target_acc_oracle,target_acc_baseline,target_acc_MLLS,target_acc_RLLS,baseline_AE,MLLS_AE,RLLS_AE,multarget_acc_oracle,multarget_acc_baseline,multarget_acc_MLLS,multarget_acc_RLLS
15,75.16695083830633,35.76290414066931,40.045377197958025,30.941576857629045,21.781055019852523,28.786159954622804,0.8326494169071695,1.4367880162081,0.9918432636505827,39.70504821327283,30.317640385706184,24.361883153715258,28.33238797504254
