epoch,source_acc,target_acc_no_im,target_acc_oracle,target_acc_baseline,target_acc_MLLS,target_acc_RLLS,baseline_AE,MLLS_AE,RLLS_AE,cal_target_acc_no_im,cal_target_acc_oracle,cal_target_acc_baseline,cal_target_acc_MLLS,cal_target_acc_RLLS,cal_baseline_AE,cal_MLLS_AE,cal_RLLS_AE,cal_source_acc
44,94.43,94.55521472392638,94.55521472392638,94.6319018404908,94.47852760736197,94.47852760736197,0.013228770916812974,0.01800724930284213,0.02236040137124648,94.24846625766872,94.55521472392638,94.47852760736197,94.55521472392638,94.55521472392638,0.020040891927444113,0.017513722775538268,0.01996484977598844,94.42
