epoch,source_acc,target_acc_no_im,target_acc_oracle,target_acc_baseline,target_acc_MLLS,target_acc_RLLS,baseline_AE,MLLS_AE,RLLS_AE,multarget_acc_oracle,multarget_acc_baseline,multarget_acc_MLLS,multarget_acc_RLLS
49,82.76333789329685,61.452513966480446,64.24581005586593,59.77653631284916,48.882681564245814,58.659217877094974,0.29629244405500504,0.7421059455208503,0.3590701036660118,64.80446927374301,56.98324022346368,51.117318435754186,57.821229050279335
