epoch,source_acc,target_acc_no_im,target_acc_oracle,target_acc_baseline,target_acc_MLLS,target_acc_RLLS,baseline_AE,MLLS_AE,RLLS_AE,cal_target_acc_no_im,cal_target_acc_oracle,cal_target_acc_baseline,cal_target_acc_MLLS,cal_target_acc_RLLS,cal_baseline_AE,cal_MLLS_AE,cal_RLLS_AE,cal_source_acc
49,77.59,10.904255319148938,13.031914893617023,8.24468085106383,5.851063829787234,7.446808510638298,1.2393534152621175,1.7273709922061302,1.4105062378696338,11.436170212765957,12.76595744680851,7.9787234042553195,5.319148936170213,7.180851063829788,1.2448443110914282,1.7491449903058194,1.4406708784759714,77.94
