epoch,source_acc,target_acc_no_im,target_acc_oracle,target_acc_baseline,target_acc_MLLS,target_acc_RLLS,baseline_AE,MLLS_AE,RLLS_AE,multarget_acc_oracle,multarget_acc_baseline,multarget_acc_MLLS,multarget_acc_RLLS
40,87.3076923076923,71.54471544715447,73.98373983739837,72.35772357723577,71.54471544715447,70.73170731707317,0.2922441425119958,0.2823328405951824,0.2898308827250846,73.98373983739837,72.35772357723577,71.54471544715447,70.73170731707317
