epoch,source_acc,target_acc_no_im,target_acc_oracle,target_acc_baseline,target_acc_MLLS,target_acc_RLLS,baseline_AE,MLLS_AE,RLLS_AE,cal_target_acc_no_im,cal_target_acc_oracle,cal_target_acc_baseline,cal_target_acc_MLLS,cal_target_acc_RLLS,cal_baseline_AE,cal_MLLS_AE,cal_RLLS_AE,cal_source_acc
10,98.03076923076924,98.95968790637191,99.28478543563068,99.28478543563068,99.28478543563068,99.28478543563068,0.012940655476371282,0.01164195725651657,0.02109971849859396,99.08972691807543,99.08972691807543,99.08972691807543,99.08972691807543,99.08972691807543,0.01615034774798411,0.012986021101816101,0.01751617685410974,98.15384615384616
