epoch,source_acc,target_acc_no_im,target_acc_oracle,target_acc_baseline,target_acc_MLLS,target_acc_RLLS,baseline_AE,MLLS_AE,RLLS_AE,multarget_acc_oracle,multarget_acc_baseline,multarget_acc_MLLS,multarget_acc_RLLS
49,55.059999999999995,52.84280936454849,55.35117056856187,50.836120401337794,38.12709030100335,44.14715719063545,0.38248589705289604,0.8787126178749777,0.5046691056998694,55.35117056856187,50.836120401337794,38.12709030100335,44.14715719063545
