epoch,source_acc,target_acc_no_im,target_acc_oracle,target_acc_baseline,target_acc_MLLS,target_acc_RLLS,baseline_AE,MLLS_AE,RLLS_AE,multarget_acc_oracle,multarget_acc_baseline,multarget_acc_MLLS,multarget_acc_RLLS
49,57.220000000000006,55.35117056856187,58.69565217391305,52.84280936454849,44.14715719063545,44.14715719063545,0.38181763729174,0.6142472183298875,0.527480125390555,58.69565217391305,52.84280936454849,44.14715719063545,44.14715719063545
