epoch,source_acc,target_acc_no_im,target_acc_oracle,target_acc_baseline,target_acc_MLLS,target_acc_RLLS,baseline_AE,MLLS_AE,RLLS_AE,cal_target_acc_no_im,cal_target_acc_oracle,cal_target_acc_baseline,cal_target_acc_MLLS,cal_target_acc_RLLS,cal_baseline_AE,cal_MLLS_AE,cal_RLLS_AE,cal_source_acc
10,89.65260017050298,89.95594713656388,91.98237885462555,91.01321585903084,91.01321585903084,90.9251101321586,0.15678993320318557,0.1381634727163113,0.15043834299673559,88.98678414096916,91.98237885462555,90.30837004405286,90.13215859030838,90.30837004405286,0.17634141507070009,0.15494596877891786,0.16202944266030034,89.81244671781756
