epoch,source_acc,target_acc_no_im,target_acc_oracle,target_acc_baseline,target_acc_MLLS,target_acc_RLLS,baseline_AE,MLLS_AE,RLLS_AE,multarget_acc_oracle,multarget_acc_baseline,multarget_acc_MLLS,multarget_acc_RLLS
9,96.96153846153847,97.49532710280374,97.57009345794393,97.57009345794393,97.57009345794393,97.57009345794393,0.013609956927667158,0.01385184002674629,0.016718269618352335,97.57009345794393,97.57009345794393,97.57009345794393,97.57009345794393
