epoch,source_acc,target_acc_no_im,target_acc_oracle,target_acc_baseline,target_acc_MLLS,target_acc_RLLS,baseline_AE,MLLS_AE,RLLS_AE,cal_target_acc_no_im,cal_target_acc_oracle,cal_target_acc_baseline,cal_target_acc_MLLS,cal_target_acc_RLLS,cal_baseline_AE,cal_MLLS_AE,cal_RLLS_AE,cal_source_acc
10,89.65260017050298,60.593654042988746,64.03957693619925,58.30774479699761,54.691231661548954,57.727737973387924,0.5472343121593324,0.7296943009127274,0.5984198594767792,59.877175025588535,63.45957011258956,55.85124530876834,49.8805868304333,55.203002388263386,0.572418847750804,0.8588402904028793,0.6314955868795465,89.81244671781756
