epoch,source_acc,target_acc_no_im,target_acc_oracle,target_acc_baseline,target_acc_MLLS,target_acc_RLLS,baseline_AE,MLLS_AE,RLLS_AE,cal_target_acc_no_im,cal_target_acc_oracle,cal_target_acc_baseline,cal_target_acc_MLLS,cal_target_acc_RLLS,cal_baseline_AE,cal_MLLS_AE,cal_RLLS_AE,cal_source_acc
44,94.43,87.35868448098664,88.28365878725592,87.87255909558068,87.76978417266187,87.76978417266187,0.1323919766539476,0.11083315788765362,0.12314052982089616,87.56423432682425,88.28365878725592,88.28365878725592,88.1808838643371,88.28365878725592,0.1468195379668615,0.12028528480787685,0.137166518392617,94.42
