epoch,source_acc,target_acc_no_im,target_acc_oracle,target_acc_baseline,target_acc_MLLS,target_acc_RLLS,baseline_AE,MLLS_AE,RLLS_AE,cal_target_acc_no_im,cal_target_acc_oracle,cal_target_acc_baseline,cal_target_acc_MLLS,cal_target_acc_RLLS,cal_baseline_AE,cal_MLLS_AE,cal_RLLS_AE,cal_source_acc
50,85.63611491108071,46.206896551724135,55.172413793103445,45.51724137931035,47.58620689655172,46.89655172413793,0.8377385253630627,0.8360871676921235,0.854630358542889,57.931034482758626,60.689655172413794,53.79310344827586,40.0,53.79310344827586,0.6447395094576865,1.1176937261503888,0.6543180262795357,90.42407660738714
