epoch,source_acc,target_acc_no_im,target_acc_oracle,target_acc_baseline,target_acc_MLLS,target_acc_RLLS,baseline_AE,MLLS_AE,RLLS_AE,multarget_acc_oracle,multarget_acc_baseline,multarget_acc_MLLS,multarget_acc_RLLS
39,80.06666666666666,82.24238496435515,85.54763447828904,84.38107582631238,85.15878159429683,85.09397278029812,0.2324109569533559,0.06044900532668078,0.08269819483230988,85.54763447828904,84.38107582631238,85.15878159429683,85.09397278029812
