epoch,source_acc,target_acc_no_im,target_acc_oracle,target_acc_baseline,target_acc_MLLS,target_acc_RLLS,baseline_AE,MLLS_AE,RLLS_AE,cal_target_acc_no_im,cal_target_acc_oracle,cal_target_acc_baseline,cal_target_acc_MLLS,cal_target_acc_RLLS,cal_baseline_AE,cal_MLLS_AE,cal_RLLS_AE,cal_source_acc
33,85.11764705882354,85.12443438914026,85.12443438914026,85.06787330316742,85.01131221719457,85.01131221719457,0.039553183843107784,0.04231818414786283,0.04988811160560735,84.61538461538461,84.61538461538461,84.44570135746606,84.50226244343891,84.50226244343891,0.05545093469759997,0.06995387725970324,0.07108201636262709,85.94117647058823
