epoch,source_acc,target_acc_no_im,target_acc_oracle,target_acc_baseline,target_acc_MLLS,target_acc_RLLS,baseline_AE,MLLS_AE,RLLS_AE,multarget_acc_oracle,multarget_acc_baseline,multarget_acc_MLLS,multarget_acc_RLLS
10,98.8969532947882,99.1304347826087,99.66555183946488,99.59866220735786,99.66555183946488,99.66555183946488,0.028299783110029893,0.009043478067042785,0.017261321648723134,99.66555183946488,99.66555183946488,99.66555183946488,99.66555183946488
