epoch,source_acc,target_acc_no_im,target_acc_oracle,target_acc_baseline,target_acc_MLLS,target_acc_RLLS,baseline_AE,MLLS_AE,RLLS_AE,cal_target_acc_no_im,cal_target_acc_oracle,cal_target_acc_baseline,cal_target_acc_MLLS,cal_target_acc_RLLS,cal_baseline_AE,cal_MLLS_AE,cal_RLLS_AE,cal_source_acc
8,95.7592339261286,64.83762597984322,65.39753639417694,62.48600223964166,61.254199328107504,62.038073908174695,0.3618916381848715,0.5488501567382572,0.40758990984080656,56.21500559910414,56.662933930571114,52.8555431131019,48.712206047032474,52.40761478163493,0.573611476163098,0.8581057445089529,0.612621185064492,96.58002735978111
