epoch,source_acc,target_acc_no_im,target_acc_oracle,target_acc_baseline,target_acc_MLLS,target_acc_RLLS,baseline_AE,MLLS_AE,RLLS_AE,cal_target_acc_no_im,cal_target_acc_oracle,cal_target_acc_baseline,cal_target_acc_MLLS,cal_target_acc_RLLS,cal_baseline_AE,cal_MLLS_AE,cal_RLLS_AE,cal_source_acc
10,99.51728247914183,99.37179699123823,99.37179699123823,99.37179699123823,99.37179699123823,99.37179699123823,0.0013740875687869303,0.0013359107938082926,0.0012721032115559638,99.35526533311291,99.35526533311291,99.35526533311291,99.35526533311291,99.35526533311291,0.0012922964129177816,0.0014824352297512777,0.0014812740475136366,99.53516090584029
