epoch,source_acc,target_acc_no_im,target_acc_oracle,target_acc_baseline,target_acc_MLLS,target_acc_RLLS,baseline_AE,MLLS_AE,RLLS_AE,cal_target_acc_no_im,cal_target_acc_oracle,cal_target_acc_baseline,cal_target_acc_MLLS,cal_target_acc_RLLS,cal_baseline_AE,cal_MLLS_AE,cal_RLLS_AE,cal_source_acc
44,61.69,20.491803278688526,33.19672131147541,20.081967213114755,20.491803278688526,20.491803278688526,1.2052047037121012,1.219838689457081,1.3009794544782387,19.262295081967213,31.557377049180328,9.836065573770492,3.6885245901639343,6.967213114754098,1.2158966279201227,1.8046807653896584,1.3659642558123661,69.53
