epoch,source_acc,target_acc_no_im,target_acc_oracle,target_acc_baseline,target_acc_MLLS,target_acc_RLLS,baseline_AE,MLLS_AE,RLLS_AE,multarget_acc_oracle,multarget_acc_baseline,multarget_acc_MLLS,multarget_acc_RLLS
8,95.7592339261286,74.7534516765286,74.7534516765286,70.80867850098619,65.87771203155819,70.80867850098619,0.34828075673316355,0.5451524676497741,0.3663408194142002,74.7534516765286,71.20315581854044,67.0611439842209,71.00591715976331
