epoch,source_acc,target_acc_no_im,target_acc_oracle,target_acc_baseline,target_acc_MLLS,target_acc_RLLS,baseline_AE,MLLS_AE,RLLS_AE,cal_target_acc_no_im,cal_target_acc_oracle,cal_target_acc_baseline,cal_target_acc_MLLS,cal_target_acc_RLLS,cal_baseline_AE,cal_MLLS_AE,cal_RLLS_AE,cal_source_acc
7,99.47923073768811,99.34436977544665,99.34436977544665,99.34436977544665,99.34436977544665,99.34436977544665,0.009398439242383205,0.009421554668685161,0.009644863669750155,99.44271430912966,99.44271430912966,99.44271430912966,99.44271430912966,99.44271430912966,0.0021010928791412864,0.0021193430763134513,0.002117954996893892,99.65145364333456
