epoch,source_acc,target_acc_no_im,target_acc_oracle,target_acc_baseline,target_acc_MLLS,target_acc_RLLS,baseline_AE,MLLS_AE,RLLS_AE,multarget_acc_oracle,multarget_acc_baseline,multarget_acc_MLLS,multarget_acc_RLLS
49,81.53214774281807,64.3652561247216,66.59242761692651,62.58351893095768,48.88641425389755,61.915367483296215,0.2594717360746721,0.8442303972626927,0.2948614309615705,64.92204899777283,60.35634743875279,50.445434298440986,59.910913140311806
