epoch,source_acc,target_acc_no_im,target_acc_oracle,target_acc_baseline,target_acc_MLLS,target_acc_RLLS,baseline_AE,MLLS_AE,RLLS_AE,multarget_acc_oracle,multarget_acc_baseline,multarget_acc_MLLS,multarget_acc_RLLS
10,95.91995735432812,47.84906458091111,49.941866610294895,46.35873586301659,45.25948631222915,46.34816615579748,0.5459266026949179,0.6750020064770288,0.5511241828485499,49.191417397738086,45.513159285487795,44.519606806891446,45.4180319205158
