epoch,source_acc,target_acc_no_im,target_acc_oracle,target_acc_baseline,target_acc_MLLS,target_acc_RLLS,baseline_AE,MLLS_AE,RLLS_AE,multarget_acc_oracle,multarget_acc_baseline,multarget_acc_MLLS,multarget_acc_RLLS
10,99.14298601714027,98.96738239632847,98.96738239632847,98.96738239632847,98.96738239632847,98.95099164071463,0.009245031679815746,0.00934776401037643,0.00966753826317246,98.9837731519423,98.96738239632847,98.96738239632847,98.96738239632847
