epoch,source_acc,target_acc_no_im,target_acc_oracle,target_acc_baseline,target_acc_MLLS,target_acc_RLLS,baseline_AE,MLLS_AE,RLLS_AE,cal_target_acc_no_im,cal_target_acc_oracle,cal_target_acc_baseline,cal_target_acc_MLLS,cal_target_acc_RLLS,cal_baseline_AE,cal_MLLS_AE,cal_RLLS_AE,cal_source_acc
8,95.90584028605483,56.30143428168351,56.30731248530449,56.23677404185281,56.189748412885024,56.16623559840113,0.3311724066734314,0.391135358491888,0.36037429205227334,55.29038325887608,55.249235833529276,53.16247354808371,50.9287561721138,52.86856336703504,0.6180771589279175,0.9444751298239956,0.6738555299315481,97.11859356376638
