epoch,source_acc,target_acc_no_im,target_acc_oracle,target_acc_baseline,target_acc_MLLS,target_acc_RLLS,baseline_AE,MLLS_AE,RLLS_AE,multarget_acc_oracle,multarget_acc_baseline,multarget_acc_MLLS,multarget_acc_RLLS
9,96.96153846153847,83.87096774193549,90.32258064516128,80.64516129032258,83.87096774193549,80.64516129032258,0.3572147649312918,0.3576700632430443,0.36277675423241623,90.32258064516128,80.64516129032258,83.87096774193549,80.64516129032258
