epoch,source_acc,target_acc_no_im,target_acc_oracle,target_acc_baseline,target_acc_MLLS,target_acc_RLLS,baseline_AE,MLLS_AE,RLLS_AE,multarget_acc_oracle,multarget_acc_baseline,multarget_acc_MLLS,multarget_acc_RLLS
40,73.07692307692307,63.46153846153846,63.46153846153846,59.61538461538461,57.692307692307686,57.692307692307686,0.3443855372830653,0.5590201821363542,0.5335310001842662,63.46153846153846,59.61538461538461,57.692307692307686,57.692307692307686
