epoch,source_acc,target_acc_no_im,target_acc_oracle,target_acc_baseline,target_acc_MLLS,target_acc_RLLS,baseline_AE,MLLS_AE,RLLS_AE,cal_target_acc_no_im,cal_target_acc_oracle,cal_target_acc_baseline,cal_target_acc_MLLS,cal_target_acc_RLLS,cal_baseline_AE,cal_MLLS_AE,cal_RLLS_AE,cal_source_acc
40,83.7076923076923,75.48764629388816,81.59947984395318,76.98309492847855,77.0481144343303,77.6332899869961,0.40809121459083064,0.36138844221190913,0.26734779709080836,90.83224967490247,92.52275682704811,92.39271781534461,92.45773732119635,92.39271781534461,0.13044276471541633,0.033344263008641864,0.04760630749419536,90.0
