epoch,source_acc,target_acc_no_im,target_acc_oracle,target_acc_baseline,target_acc_MLLS,target_acc_RLLS,baseline_AE,MLLS_AE,RLLS_AE,cal_target_acc_no_im,cal_target_acc_oracle,cal_target_acc_baseline,cal_target_acc_MLLS,cal_target_acc_RLLS,cal_baseline_AE,cal_MLLS_AE,cal_RLLS_AE,cal_source_acc
44,94.43,84.11016949152543,94.49152542372882,87.92372881355932,90.04237288135593,87.71186440677965,0.3117432913948166,0.187746252931686,0.3050630878829245,83.05084745762711,93.64406779661016,86.86440677966102,88.98305084745762,86.86440677966102,0.3434447481502163,0.20931252448077672,0.3376310471801243,94.42
