epoch,source_acc,target_acc_no_im,target_acc_oracle,target_acc_baseline,target_acc_MLLS,target_acc_RLLS,baseline_AE,MLLS_AE,RLLS_AE,multarget_acc_oracle,multarget_acc_baseline,multarget_acc_MLLS,multarget_acc_RLLS
4,69.19,38.99556868537666,56.72082717872969,33.67799113737075,13.58936484490399,17.429837518463813,0.7267139376068221,1.3339961938848208,1.0909824804629449,56.72082717872969,33.67799113737075,13.58936484490399,17.429837518463813
