epoch,source_acc,target_acc_no_im,target_acc_oracle,target_acc_baseline,target_acc_MLLS,target_acc_RLLS,baseline_AE,MLLS_AE,RLLS_AE,cal_target_acc_no_im,cal_target_acc_oracle,cal_target_acc_baseline,cal_target_acc_MLLS,cal_target_acc_RLLS,cal_baseline_AE,cal_MLLS_AE,cal_RLLS_AE,cal_source_acc
9,79.93393009377664,38.01020408163265,50.76530612244898,35.714285714285715,32.39795918367347,34.69387755102041,1.0274375563343972,1.2285990949296788,1.0429865884759346,38.01020408163265,50.255102040816325,36.47959183673469,33.16326530612245,36.224489795918366,1.0128959856367554,1.1881699360091131,1.0345970749554938,80.218101733447
