epoch,source_acc,target_acc_no_im,target_acc_oracle,target_acc_baseline,target_acc_MLLS,target_acc_RLLS,baseline_AE,MLLS_AE,RLLS_AE,cal_target_acc_no_im,cal_target_acc_oracle,cal_target_acc_baseline,cal_target_acc_MLLS,cal_target_acc_RLLS,cal_baseline_AE,cal_MLLS_AE,cal_RLLS_AE,cal_source_acc
49,77.59,71.07023411371237,71.73913043478261,69.56521739130434,62.70903010033445,65.7190635451505,0.313925253098868,0.5017314544114218,0.4332682728206123,70.23411371237458,71.73913043478261,68.56187290969899,63.87959866220736,65.21739130434783,0.31950703780493855,0.4809126201843911,0.43307554627763106,77.94
