epoch,source_acc,target_acc_no_im,target_acc_oracle,target_acc_baseline,target_acc_MLLS,target_acc_RLLS,baseline_AE,MLLS_AE,RLLS_AE,cal_target_acc_no_im,cal_target_acc_oracle,cal_target_acc_baseline,cal_target_acc_MLLS,cal_target_acc_RLLS,cal_baseline_AE,cal_MLLS_AE,cal_RLLS_AE,cal_source_acc
44,94.43,93.48159509202453,93.40490797546013,93.55828220858896,93.55828220858896,93.55828220858896,0.04422027009762135,0.0451132649887193,0.04380260926965221,93.63496932515338,93.48159509202453,93.3282208588957,93.40490797546013,93.40490797546013,0.04860439661181774,0.04934158288170952,0.04867135649594321,94.42
