epoch,source_acc,target_acc_no_im,target_acc_oracle,target_acc_baseline,target_acc_MLLS,target_acc_RLLS,baseline_AE,MLLS_AE,RLLS_AE,cal_target_acc_no_im,cal_target_acc_oracle,cal_target_acc_baseline,cal_target_acc_MLLS,cal_target_acc_RLLS,cal_baseline_AE,cal_MLLS_AE,cal_RLLS_AE,cal_source_acc
33,85.11764705882354,78.26086956521739,78.26086956521739,78.26086956521739,78.26086956521739,78.26086956521739,0.33973291479860956,0.35302384813194687,0.39447208759828495,78.26086956521739,78.26086956521739,78.26086956521739,73.91304347826086,78.26086956521739,0.358278319604047,0.5173371775038543,0.3856899528924441,85.94117647058823
