epoch,source_acc,target_acc_no_im,target_acc_oracle,target_acc_baseline,target_acc_MLLS,target_acc_RLLS,baseline_AE,MLLS_AE,RLLS_AE,cal_target_acc_no_im,cal_target_acc_oracle,cal_target_acc_baseline,cal_target_acc_MLLS,cal_target_acc_RLLS,cal_baseline_AE,cal_MLLS_AE,cal_RLLS_AE,cal_source_acc
9,79.93393009377664,45.537340619307834,53.18761384335154,43.533697632058285,34.06193078324226,42.98724954462659,0.8287446817777662,1.152267558293618,0.872155652484473,46.44808743169399,53.18761384335154,43.89799635701275,39.708561020036434,43.35154826958106,0.8260540273876241,0.9941474054081672,0.8716352399356677,80.218101733447
