epoch,source_acc,target_acc_no_im,target_acc_oracle,target_acc_baseline,target_acc_MLLS,target_acc_RLLS,baseline_AE,MLLS_AE,RLLS_AE,multarget_acc_oracle,multarget_acc_baseline,multarget_acc_MLLS,multarget_acc_RLLS
10,99.51430274135876,99.37179699123823,99.37179699123823,99.37179699123823,99.37179699123823,99.37179699123823,0.0014012374844821207,0.0013630011048587076,0.0012994934019978643,99.37179699123823,99.37179699123823,99.37179699123823,99.37179699123823
