epoch,source_acc,target_acc_no_im,target_acc_oracle,target_acc_baseline,target_acc_MLLS,target_acc_RLLS,baseline_AE,MLLS_AE,RLLS_AE,multarget_acc_oracle,multarget_acc_baseline,multarget_acc_MLLS,multarget_acc_RLLS
7,98.82352941176471,80.88235294117648,80.88235294117648,80.88235294117648,80.88235294117648,80.88235294117648,0.2560776101753992,0.2795994088382405,0.26450736229662253,80.88235294117648,80.88235294117648,80.88235294117648,80.88235294117648
