epoch,source_acc,target_acc_no_im,target_acc_oracle,target_acc_baseline,target_acc_MLLS,target_acc_RLLS,baseline_AE,MLLS_AE,RLLS_AE,cal_target_acc_no_im,cal_target_acc_oracle,cal_target_acc_baseline,cal_target_acc_MLLS,cal_target_acc_RLLS,cal_baseline_AE,cal_MLLS_AE,cal_RLLS_AE,cal_source_acc
40,84.0,85.89243959469992,86.02234346583528,85.99636269160821,85.97038191738113,85.97038191738113,0.07007784013863615,0.06082724173480457,0.050284365620439475,86.12626656274357,86.25617043387894,86.23018965965186,86.1002857885165,86.12626656274357,0.05351363069811682,0.051880336787370654,0.05371718323149208,84.78333333333333
