epoch,source_acc,target_acc_no_im,target_acc_oracle,target_acc_baseline,target_acc_MLLS,target_acc_RLLS,baseline_AE,MLLS_AE,RLLS_AE,cal_target_acc_no_im,cal_target_acc_oracle,cal_target_acc_baseline,cal_target_acc_MLLS,cal_target_acc_RLLS,cal_baseline_AE,cal_MLLS_AE,cal_RLLS_AE,cal_source_acc
10,97.03333333333333,75.37739256049115,75.99133261105092,75.30516431924883,75.21849042975803,75.24015890213074,0.19779562430073527,0.20643709731836823,0.20669657700919938,74.91513181654027,75.73853376670277,74.6117732033225,74.36619718309859,74.5467677862044,0.2082249988334603,0.23272376027006658,0.2130209592635373,97.3
