epoch,source_acc,cal_source_acc
1,98.55660802886784,98.55660802886784
2,99.30290728666913,99.30290728666913
3,98.95436093000369,98.95436093000369
4,99.36031492188461,99.36031492188461
5,99.31930946815926,99.31930946815926
6,99.2413991060811,99.2413991060811
7,99.47923073768811,99.47923073768811
8,99.47923073768811,99.47923073768811
9,99.47513019231558,99.47513019231558
10,99.47102964694304,99.47102964694304
