epoch,source_acc,target_acc_no_im,target_acc_oracle,target_acc_baseline,target_acc_MLLS,target_acc_RLLS,baseline_AE,MLLS_AE,RLLS_AE,cal_target_acc_no_im,cal_target_acc_oracle,cal_target_acc_baseline,cal_target_acc_MLLS,cal_target_acc_RLLS,cal_baseline_AE,cal_MLLS_AE,cal_RLLS_AE,cal_source_acc
40,67.23076923076923,51.61290322580645,54.83870967741935,51.61290322580645,54.83870967741935,58.06451612903226,0.6140704033774314,0.6453200488690314,0.9290102226605736,61.29032258064516,64.51612903225806,54.83870967741935,51.61290322580645,51.61290322580645,0.4294270573093766,0.8006297160551881,0.6757122183063057,72.38461538461539
