epoch,source_acc,target_acc_no_im,target_acc_oracle,target_acc_baseline,target_acc_MLLS,target_acc_RLLS,baseline_AE,MLLS_AE,RLLS_AE,cal_target_acc_no_im,cal_target_acc_oracle,cal_target_acc_baseline,cal_target_acc_MLLS,cal_target_acc_RLLS,cal_baseline_AE,cal_MLLS_AE,cal_RLLS_AE,cal_source_acc
9,98.76,99.00306748466258,99.00306748466258,99.00306748466258,99.00306748466258,99.00306748466258,0.007526546259599212,0.007541496489494107,0.00834056321687951,98.84969325153375,99.00306748466258,99.00306748466258,99.00306748466258,99.00306748466258,0.010364392669471464,0.010552221806319914,0.010501586475502735,98.75
