epoch,source_acc,target_acc_no_im,target_acc_oracle,target_acc_baseline,target_acc_MLLS,target_acc_RLLS,baseline_AE,MLLS_AE,RLLS_AE,multarget_acc_oracle,multarget_acc_baseline,multarget_acc_MLLS,multarget_acc_RLLS
10,99.43412473859024,40.243731615072136,40.93010225521782,36.55974226082084,34.37456226362235,36.53172713265163,0.809625152862944,1.1256797877931612,0.8361481834720794,40.425829948172016,36.181538030536494,33.96834290516879,36.069477517859646
