epoch,source_acc,target_acc_no_im,target_acc_oracle,target_acc_baseline,target_acc_MLLS,target_acc_RLLS,baseline_AE,MLLS_AE,RLLS_AE,multarget_acc_oracle,multarget_acc_baseline,multarget_acc_MLLS,multarget_acc_RLLS
7,98.82352941176471,98.93617021276596,98.93617021276596,98.93617021276596,98.93617021276596,98.93617021276596,0.009544572733501198,0.00942347033596632,0.00828531910603211,98.93617021276596,98.93617021276596,98.93617021276596,98.93617021276596
