epoch,source_acc,target_acc_no_im,target_acc_oracle,target_acc_baseline,target_acc_MLLS,target_acc_RLLS,baseline_AE,MLLS_AE,RLLS_AE,multarget_acc_oracle,multarget_acc_baseline,multarget_acc_MLLS,multarget_acc_RLLS
7,99.48333128306065,61.00313479623824,65.8307210031348,60.626959247648905,59.811912225705335,60.56426332288402,0.6397471120841962,0.690076773372109,0.6415596534357029,65.45454545454545,59.43573667711599,59.310344827586206,59.43573667711599
