epoch,source_acc,target_acc_no_im,target_acc_oracle,target_acc_baseline,target_acc_MLLS,target_acc_RLLS,baseline_AE,MLLS_AE,RLLS_AE,cal_target_acc_no_im,cal_target_acc_oracle,cal_target_acc_baseline,cal_target_acc_MLLS,cal_target_acc_RLLS,cal_baseline_AE,cal_MLLS_AE,cal_RLLS_AE,cal_source_acc
44,94.43,90.46610169491525,94.27966101694916,93.4322033898305,94.0677966101695,93.85593220338984,0.17125828731489381,0.05524902626241113,0.13992475265042012,89.83050847457628,94.27966101694916,93.00847457627118,93.22033898305084,93.00847457627118,0.20044290463803174,0.06472022114383917,0.1695082563917347,94.42
