epoch,source_acc,target_acc_no_im,target_acc_oracle,target_acc_baseline,target_acc_MLLS,target_acc_RLLS,baseline_AE,MLLS_AE,RLLS_AE,multarget_acc_oracle,multarget_acc_baseline,multarget_acc_MLLS,multarget_acc_RLLS
49,42.44,37.136929460580916,38.38174273858922,29.460580912863072,21.265560165975103,26.141078838174277,0.42637785165126263,1.1340673167234363,0.6609956985370155,38.38174273858922,29.460580912863072,21.265560165975103,26.141078838174277
