epoch,source_acc,target_acc_no_im,target_acc_oracle,target_acc_baseline,target_acc_MLLS,target_acc_RLLS,baseline_AE,MLLS_AE,RLLS_AE,cal_target_acc_no_im,cal_target_acc_oracle,cal_target_acc_baseline,cal_target_acc_MLLS,cal_target_acc_RLLS,cal_baseline_AE,cal_MLLS_AE,cal_RLLS_AE,cal_source_acc
41,82.95,66.94915254237289,77.11864406779661,67.79661016949152,67.79661016949152,68.00847457627118,0.610493389163482,0.5664166186194298,0.3788787457332988,90.67796610169492,90.04237288135593,90.67796610169492,90.2542372881356,90.46610169491525,0.16498440019470653,0.07540731312322319,0.030103840273747323,90.75
