epoch,source_acc,target_acc_no_im,target_acc_oracle,target_acc_baseline,target_acc_MLLS,target_acc_RLLS,baseline_AE,MLLS_AE,RLLS_AE,multarget_acc_oracle,multarget_acc_baseline,multarget_acc_MLLS,multarget_acc_RLLS
9,98.76,99.57627118644068,99.57627118644068,99.78813559322035,99.57627118644068,99.57627118644068,0.011558352251567738,0.003139183500288389,0.004779889845784203,99.57627118644068,99.78813559322035,99.57627118644068,99.57627118644068
