epoch,source_acc,target_acc_no_im,target_acc_oracle,target_acc_baseline,target_acc_MLLS,target_acc_RLLS,baseline_AE,MLLS_AE,RLLS_AE,cal_target_acc_no_im,cal_target_acc_oracle,cal_target_acc_baseline,cal_target_acc_MLLS,cal_target_acc_RLLS,cal_baseline_AE,cal_MLLS_AE,cal_RLLS_AE,cal_source_acc
40,76.6923076923077,30.76923076923077,30.76923076923077,30.76923076923077,30.76923076923077,29.807692307692307,0.36205140494096744,0.3952675163029479,0.5199302188062084,35.57692307692308,35.57692307692308,31.73076923076923,27.884615384615387,31.73076923076923,0.2715488604198282,0.7822821971673806,0.4950058825125982,77.57692307692308
