epoch,source_acc,target_acc_no_im,target_acc_oracle,target_acc_baseline,target_acc_MLLS,target_acc_RLLS,baseline_AE,MLLS_AE,RLLS_AE,multarget_acc_oracle,multarget_acc_baseline,multarget_acc_MLLS,multarget_acc_RLLS
40,87.36923076923077,82.3076923076923,82.3076923076923,81.92307692307692,81.92307692307692,81.53846153846153,0.07019025173324805,0.08877328124183875,0.09006231872504551,82.3076923076923,81.92307692307692,81.92307692307692,81.53846153846153
