epoch,source_acc,target_acc_no_im,target_acc_oracle,target_acc_baseline,target_acc_MLLS,target_acc_RLLS,baseline_AE,MLLS_AE,RLLS_AE,multarget_acc_oracle,multarget_acc_baseline,multarget_acc_MLLS,multarget_acc_RLLS
10,99.43412473859024,42.59676982766399,41.90201209058919,38.41017774970676,35.955968600559416,38.34701795542723,0.7533268932109995,1.0682555446581796,0.7809717490109709,41.66741856897952,38.06731029504647,35.80258052873771,38.00415050076694
