epoch,source_acc,target_acc_no_im,target_acc_oracle,target_acc_baseline,target_acc_MLLS,target_acc_RLLS,baseline_AE,MLLS_AE,RLLS_AE,cal_target_acc_no_im,cal_target_acc_oracle,cal_target_acc_baseline,cal_target_acc_MLLS,cal_target_acc_RLLS,cal_baseline_AE,cal_MLLS_AE,cal_RLLS_AE,cal_source_acc
29,58.2766840293105,57.705278592375365,57.77126099706745,57.66129032258065,57.69061583577712,56.85483870967742,0.15409141310792462,0.17267604086610738,0.35847107117072413,57.93988269794721,58.14516129032258,57.93988269794721,57.5733137829912,57.59530791788856,0.11318961793648644,0.24484745098323507,0.22007649214687255,59.053588770195105
