epoch,source_acc,target_acc_no_im,target_acc_oracle,target_acc_baseline,target_acc_MLLS,target_acc_RLLS,baseline_AE,MLLS_AE,RLLS_AE,multarget_acc_oracle,multarget_acc_baseline,multarget_acc_MLLS,multarget_acc_RLLS
39,78.2,61.111111111111114,67.77777777777779,60.0,62.22222222222222,61.111111111111114,0.374838313775965,0.45255898549217877,0.46404040175719374,67.77777777777779,60.0,62.22222222222222,61.111111111111114
