epoch,source_acc,target_acc_no_im,target_acc_oracle,target_acc_baseline,target_acc_MLLS,target_acc_RLLS,baseline_AE,MLLS_AE,RLLS_AE,multarget_acc_oracle,multarget_acc_baseline,multarget_acc_MLLS,multarget_acc_RLLS
28,49.24516641652688,50.52785923753665,50.43255131964809,49.193548387096776,49.3108504398827,45.66715542521994,0.2216401322030932,0.23124152230726114,0.535411615412415,50.05131964809384,49.09824046920821,49.3108504398827,46.27565982404692
