epoch,source_acc,target_acc_no_im,target_acc_oracle,target_acc_baseline,target_acc_MLLS,target_acc_RLLS,baseline_AE,MLLS_AE,RLLS_AE,multarget_acc_oracle,multarget_acc_baseline,multarget_acc_MLLS,multarget_acc_RLLS
7,66.89326388275802,67.87096774193549,73.16129032258064,69.41935483870968,70.58064516129032,70.96774193548387,0.288209997008103,0.1858784956448392,0.19005257279005114,73.67741935483872,70.70967741935485,71.87096774193549,71.61290322580646
