epoch,source_acc,target_acc_no_im,target_acc_oracle,target_acc_baseline,target_acc_MLLS,target_acc_RLLS,baseline_AE,MLLS_AE,RLLS_AE,multarget_acc_oracle,multarget_acc_baseline,multarget_acc_MLLS,multarget_acc_RLLS
1,70.52000000000001,65.1639344262295,74.18032786885246,68.44262295081968,69.67213114754098,68.0327868852459,0.5532164577223917,0.4216026754097767,0.49305947980822534,74.18032786885246,68.44262295081968,69.67213114754098,68.0327868852459
