epoch,source_acc,target_acc_no_im,target_acc_oracle,target_acc_baseline,target_acc_MLLS,target_acc_RLLS,baseline_AE,MLLS_AE,RLLS_AE,cal_target_acc_no_im,cal_target_acc_oracle,cal_target_acc_baseline,cal_target_acc_MLLS,cal_target_acc_RLLS,cal_baseline_AE,cal_MLLS_AE,cal_RLLS_AE,cal_source_acc
40,89.95384615384616,90.09116723957555,90.0762217904648,90.0762217904648,90.0762217904648,90.0762217904648,0.00628094130715276,0.0067246457334413645,0.007010896308771816,90.06127634135406,90.06127634135406,89.97160364668957,90.00149454491108,89.98654909580033,0.02036312324368103,0.025850468402734833,0.02611258655359841,90.07692307692308
