epoch,source_acc,target_acc_no_im,target_acc_oracle,target_acc_baseline,target_acc_MLLS,target_acc_RLLS,baseline_AE,MLLS_AE,RLLS_AE,multarget_acc_oracle,multarget_acc_baseline,multarget_acc_MLLS,multarget_acc_RLLS
10,97.08333333333333,74.91241728298948,74.91241728298948,74.53289217594394,74.47450369793694,74.51667315427534,0.1693767559711836,0.19568692417787534,0.17946383858781834,74.91241728298948,74.53289217594394,74.47450369793694,74.51667315427534
