epoch,source_acc,target_acc_no_im,target_acc_oracle,target_acc_baseline,target_acc_MLLS,target_acc_RLLS,baseline_AE,MLLS_AE,RLLS_AE,cal_target_acc_no_im,cal_target_acc_oracle,cal_target_acc_baseline,cal_target_acc_MLLS,cal_target_acc_RLLS,cal_baseline_AE,cal_MLLS_AE,cal_RLLS_AE,cal_source_acc
49,77.59,61.47540983606557,77.45901639344262,63.114754098360656,64.75409836065575,63.114754098360656,0.7204091162964715,0.6006355954535745,0.5954359690782538,61.885245901639344,75.40983606557377,63.114754098360656,64.34426229508196,65.1639344262295,0.6799867812913392,0.5788676045797992,0.5756135693595232,77.94
