epoch,source_acc,target_acc_no_im,target_acc_oracle,target_acc_baseline,target_acc_MLLS,target_acc_RLLS,baseline_AE,MLLS_AE,RLLS_AE,cal_target_acc_no_im,cal_target_acc_oracle,cal_target_acc_baseline,cal_target_acc_MLLS,cal_target_acc_RLLS,cal_baseline_AE,cal_MLLS_AE,cal_RLLS_AE,cal_source_acc
9,98.76,98.07976366322009,98.52289512555392,98.52289512555392,98.52289512555392,98.52289512555392,0.028341708557633506,0.016556846029489692,0.021857247147175136,97.93205317577548,98.3751846381093,98.3751846381093,98.22747415066469,98.22747415066469,0.033346281239716155,0.01588517432603186,0.024236404793056564,98.75
