epoch,source_acc,target_acc_no_im,target_acc_oracle,target_acc_baseline,target_acc_MLLS,target_acc_RLLS,baseline_AE,MLLS_AE,RLLS_AE,cal_target_acc_no_im,cal_target_acc_oracle,cal_target_acc_baseline,cal_target_acc_MLLS,cal_target_acc_RLLS,cal_baseline_AE,cal_MLLS_AE,cal_RLLS_AE,cal_source_acc
10,99.72526346004018,32.234706616729085,36.329588014981276,31.735330836454434,31.53558052434457,31.735330836454434,0.8907782831395537,0.9319791258479029,0.8910995442592893,21.622971285892632,23.94506866416979,15.655430711610489,13.558052434456929,15.655430711610489,1.2708065281191916,1.6663088559593306,1.2711530450504809,99.96719563701973
