epoch,source_acc,target_acc_no_im,target_acc_oracle,target_acc_baseline,target_acc_MLLS,target_acc_RLLS,baseline_AE,MLLS_AE,RLLS_AE,cal_target_acc_no_im,cal_target_acc_oracle,cal_target_acc_baseline,cal_target_acc_MLLS,cal_target_acc_RLLS,cal_baseline_AE,cal_MLLS_AE,cal_RLLS_AE,cal_source_acc
44,60.88,39.34426229508197,63.52459016393443,39.75409836065574,40.16393442622951,40.57377049180328,1.0120336566998422,0.9721120578297426,0.9472484282587932,58.19672131147541,70.90163934426229,65.57377049180327,63.934426229508205,65.98360655737704,0.6440234038230703,0.37944687383750847,0.3811688515494933,66.97
