epoch,source_acc,target_acc_no_im,target_acc_oracle,target_acc_baseline,target_acc_MLLS,target_acc_RLLS,baseline_AE,MLLS_AE,RLLS_AE,cal_target_acc_no_im,cal_target_acc_oracle,cal_target_acc_baseline,cal_target_acc_MLLS,cal_target_acc_RLLS,cal_baseline_AE,cal_MLLS_AE,cal_RLLS_AE,cal_source_acc
40,87.93846153846154,77.4390243902439,78.04878048780488,77.4390243902439,77.4390243902439,77.4390243902439,0.14765350929484133,0.14329791105375056,0.15123930748468428,79.26829268292683,81.09756097560977,79.26829268292683,78.65853658536585,79.26829268292683,0.11834367646313294,0.12292936099011724,0.11435083759234078,88.63076923076923
