epoch,source_acc,target_acc_no_im,target_acc_oracle,target_acc_baseline,target_acc_MLLS,target_acc_RLLS,baseline_AE,MLLS_AE,RLLS_AE,cal_target_acc_no_im,cal_target_acc_oracle,cal_target_acc_baseline,cal_target_acc_MLLS,cal_target_acc_RLLS,cal_baseline_AE,cal_MLLS_AE,cal_RLLS_AE,cal_source_acc
44,94.43,94.655704008222,94.7584789311408,94.96402877697841,94.7584789311408,94.655704008222,0.0297778037348944,0.014461577378925547,0.016840401327123156,94.45015416238438,94.655704008222,94.86125385405961,94.655704008222,94.55292908530318,0.038212205232614,0.016564061771408248,0.017057983785848232,94.42
