epoch,source_acc,target_acc_no_im,target_acc_oracle,target_acc_baseline,target_acc_MLLS,target_acc_RLLS,baseline_AE,MLLS_AE,RLLS_AE,cal_target_acc_no_im,cal_target_acc_oracle,cal_target_acc_baseline,cal_target_acc_MLLS,cal_target_acc_RLLS,cal_baseline_AE,cal_MLLS_AE,cal_RLLS_AE,cal_source_acc
10,98.03076923076924,98.28127335226424,98.28127335226424,98.2663279031535,98.2663279031535,98.2663279031535,0.007005229990964451,0.007036351066117802,0.007228904391109445,98.2663279031535,98.2663279031535,98.2663279031535,98.2663279031535,98.2663279031535,0.0136782646172518,0.014308375119494843,0.01427502667215659,98.15384615384616
