epoch,source_acc,target_acc_no_im,target_acc_oracle,target_acc_baseline,target_acc_MLLS,target_acc_RLLS,baseline_AE,MLLS_AE,RLLS_AE,multarget_acc_oracle,multarget_acc_baseline,multarget_acc_MLLS,multarget_acc_RLLS
7,99.49153237380571,64.96708222440117,65.66746042863146,63.090068637064014,61.8153803053649,63.07606107297941,0.5207770649296244,0.6259869895166753,0.5225327422373974,65.13517299341645,62.45972825325676,61.38114581874212,62.40369799691834
