epoch,source_acc,target_acc_no_im,target_acc_oracle,target_acc_baseline,target_acc_MLLS,target_acc_RLLS,baseline_AE,MLLS_AE,RLLS_AE,multarget_acc_oracle,multarget_acc_baseline,multarget_acc_MLLS,multarget_acc_RLLS
49,82.9001367989056,53.333333333333336,62.66666666666667,50.66666666666667,54.666666666666664,54.666666666666664,0.8250037263675283,0.8827311856213457,0.7992904802649522,61.33333333333333,48.0,54.666666666666664,48.0
