epoch,source_acc,target_acc_no_im,target_acc_oracle,target_acc_baseline,target_acc_MLLS,target_acc_RLLS,baseline_AE,MLLS_AE,RLLS_AE,multarget_acc_oracle,multarget_acc_baseline,multarget_acc_MLLS,multarget_acc_RLLS
9,98.75,98.07976366322009,98.52289512555392,98.52289512555392,98.52289512555392,98.52289512555392,0.028388571778265582,0.016579096722781118,0.021896122916086464,98.52289512555392,98.52289512555392,98.52289512555392,98.52289512555392
