epoch,source_acc,target_acc_no_im,target_acc_oracle,target_acc_baseline,target_acc_MLLS,target_acc_RLLS,baseline_AE,MLLS_AE,RLLS_AE,multarget_acc_oracle,multarget_acc_baseline,multarget_acc_MLLS,multarget_acc_RLLS
40,72.5,39.42307692307692,39.42307692307692,40.38461538461539,34.61538461538461,37.5,0.30721852914072,0.6673528126081621,0.525527985864707,39.42307692307692,40.38461538461539,34.61538461538461,37.5
