epoch,source_acc,target_acc_no_im,target_acc_oracle,target_acc_baseline,target_acc_MLLS,target_acc_RLLS,baseline_AE,MLLS_AE,RLLS_AE,cal_target_acc_no_im,cal_target_acc_oracle,cal_target_acc_baseline,cal_target_acc_MLLS,cal_target_acc_RLLS,cal_baseline_AE,cal_MLLS_AE,cal_RLLS_AE,cal_source_acc
7,66.91092080868721,58.4180790960452,68.24858757062147,61.80790960451977,63.163841807909606,64.01129943502825,0.5191596746412144,0.36239895779177844,0.39867642987218344,57.00564971751413,69.88700564971751,60.564971751412436,63.33333333333333,63.559322033898304,0.6217238653187953,0.3351343702118142,0.42124239169658834,67.24640240134192
