epoch,source_acc,target_acc_no_im,target_acc_oracle,target_acc_baseline,target_acc_MLLS,target_acc_RLLS,baseline_AE,MLLS_AE,RLLS_AE,multarget_acc_oracle,multarget_acc_baseline,multarget_acc_MLLS,multarget_acc_RLLS
10,98.03076923076924,79.24528301886792,86.79245283018868,81.13207547169812,81.13207547169812,81.13207547169812,0.2777094856429134,0.2624718565151606,0.2775114033308841,86.79245283018868,81.13207547169812,81.13207547169812,81.13207547169812
