epoch,source_acc,target_acc_no_im,target_acc_oracle,target_acc_baseline,target_acc_MLLS,target_acc_RLLS,baseline_AE,MLLS_AE,RLLS_AE,cal_target_acc_no_im,cal_target_acc_oracle,cal_target_acc_baseline,cal_target_acc_MLLS,cal_target_acc_RLLS,cal_baseline_AE,cal_MLLS_AE,cal_RLLS_AE,cal_source_acc
9,96.96153846153847,66.34615384615384,66.34615384615384,67.3076923076923,68.26923076923077,67.3076923076923,0.275066186602299,0.3451095669745252,0.28323856221813526,68.26923076923077,68.26923076923077,66.34615384615384,66.34615384615384,66.34615384615384,0.2773433430299449,0.41194648181016624,0.2902928276799268,97.34615384615385
