epoch,source_acc,target_acc_no_im,target_acc_oracle,target_acc_baseline,target_acc_MLLS,target_acc_RLLS,baseline_AE,MLLS_AE,RLLS_AE,multarget_acc_oracle,multarget_acc_baseline,multarget_acc_MLLS,multarget_acc_RLLS
10,99.43412473859024,38.07531380753138,39.8630658044884,34.82312666413085,32.76911373145683,34.78508938759985,0.8794216135193599,1.1685507453115862,0.9023413556246336,39.53974895397489,34.29060479269685,32.17953594522632,34.19551160136935
