epoch,source_acc,target_acc_no_im,target_acc_oracle,target_acc_baseline,target_acc_MLLS,target_acc_RLLS,baseline_AE,MLLS_AE,RLLS_AE,cal_target_acc_no_im,cal_target_acc_oracle,cal_target_acc_baseline,cal_target_acc_MLLS,cal_target_acc_RLLS,cal_baseline_AE,cal_MLLS_AE,cal_RLLS_AE,cal_source_acc
9,96.96153846153847,97.49532710280374,97.57009345794393,97.57009345794393,97.57009345794393,97.57009345794393,0.013608314074645536,0.013850256778369444,0.016719089845467813,97.1214953271028,97.1588785046729,97.1214953271028,97.1214953271028,97.1214953271028,0.02164046239908611,0.022306395292839162,0.022596567224574045,97.34615384615385
