epoch,source_acc,target_acc_no_im,target_acc_oracle,target_acc_baseline,target_acc_MLLS,target_acc_RLLS,baseline_AE,MLLS_AE,RLLS_AE,multarget_acc_oracle,multarget_acc_baseline,multarget_acc_MLLS,multarget_acc_RLLS
8,97.19904648390941,65.78297672231366,65.85939336938632,63.978368210674816,62.861509522689865,63.80202210204562,0.3480701744556427,0.5306984037160873,0.39033969149653786,65.78297672231366,63.96661180343287,62.77333646837526,63.813778509287566
