epoch,source_acc,target_acc_no_im,target_acc_oracle,target_acc_baseline,target_acc_MLLS,target_acc_RLLS,baseline_AE,MLLS_AE,RLLS_AE,cal_target_acc_no_im,cal_target_acc_oracle,cal_target_acc_baseline,cal_target_acc_MLLS,cal_target_acc_RLLS,cal_baseline_AE,cal_MLLS_AE,cal_RLLS_AE,cal_source_acc
9,98.76,97.88135593220339,98.51694915254238,98.72881355932203,98.72881355932203,98.72881355932203,0.030204364662156084,0.023456141556418612,0.025670197158638462,97.66949152542372,97.66949152542372,97.66949152542372,97.66949152542372,97.66949152542372,0.038134892735535546,0.025487706221082203,0.02936900536539977,98.75
