epoch,source_acc,target_acc_no_im,target_acc_oracle,target_acc_baseline,target_acc_MLLS,target_acc_RLLS,baseline_AE,MLLS_AE,RLLS_AE,multarget_acc_oracle,multarget_acc_baseline,multarget_acc_MLLS,multarget_acc_RLLS
9,96.96153846153847,97.34939759036145,97.46987951807229,97.40963855421687,97.40963855421687,97.53012048192771,0.021407492099756214,0.019631418733891234,0.023692874208381353,97.46987951807229,97.40963855421687,97.40963855421687,97.53012048192771
