epoch,source_acc,target_acc_no_im,target_acc_oracle,target_acc_baseline,target_acc_MLLS,target_acc_RLLS,baseline_AE,MLLS_AE,RLLS_AE,multarget_acc_oracle,multarget_acc_baseline,multarget_acc_MLLS,multarget_acc_RLLS
15,75.35166240409207,47.39095531174739,50.949959860850946,47.95290339844796,37.24913031843725,47.28391758094728,0.51287334509312,1.0142868124120001,0.5249263023868148,50.04013914905004,46.02622424404603,44.92908750334493,45.81214878244581
