epoch,source_acc,target_acc_no_im,target_acc_oracle,target_acc_baseline,target_acc_MLLS,target_acc_RLLS,baseline_AE,MLLS_AE,RLLS_AE,cal_target_acc_no_im,cal_target_acc_oracle,cal_target_acc_baseline,cal_target_acc_MLLS,cal_target_acc_RLLS,cal_baseline_AE,cal_MLLS_AE,cal_RLLS_AE,cal_source_acc
41,87.49,71.04874446085671,73.55982274741507,71.63958641063516,71.63958641063516,71.63958641063516,0.41427695031994555,0.383903153499305,0.3926621841337827,82.27474150664698,85.22895125553914,84.19497784342688,84.19497784342688,83.89955686853766,0.21339064334248203,0.17481995927219124,0.17700924674020396,92.23
