epoch,source_acc,target_acc_no_im,target_acc_oracle,target_acc_baseline,target_acc_MLLS,target_acc_RLLS,baseline_AE,MLLS_AE,RLLS_AE,cal_target_acc_no_im,cal_target_acc_oracle,cal_target_acc_baseline,cal_target_acc_MLLS,cal_target_acc_RLLS,cal_baseline_AE,cal_MLLS_AE,cal_RLLS_AE,cal_source_acc
44,65.35,46.54255319148936,56.11702127659575,46.808510638297875,47.340425531914896,47.340425531914896,0.6663956724737642,0.6526523123756579,0.7141506383816455,57.71276595744681,65.1595744680851,60.1063829787234,57.71276595744681,58.77659574468085,0.5153643106936447,0.5439779258181938,0.4661374020378854,68.86
