epoch,source_acc,target_acc_no_im,target_acc_oracle,target_acc_baseline,target_acc_MLLS,target_acc_RLLS,baseline_AE,MLLS_AE,RLLS_AE,cal_target_acc_no_im,cal_target_acc_oracle,cal_target_acc_baseline,cal_target_acc_MLLS,cal_target_acc_RLLS,cal_baseline_AE,cal_MLLS_AE,cal_RLLS_AE,cal_source_acc
8,95.7592339261286,69.35483870967742,76.61290322580645,68.54838709677419,66.93548387096774,67.74193548387096,0.4859397520607848,0.5319763109742419,0.4964941649661991,59.67741935483871,66.12903225806451,58.06451612903226,54.83870967741935,58.06451612903226,0.6461304735292597,0.8172540596402322,0.6566398763993022,96.58002735978111
