epoch,source_acc,target_acc_no_im,target_acc_oracle,target_acc_baseline,target_acc_MLLS,target_acc_RLLS,baseline_AE,MLLS_AE,RLLS_AE,cal_target_acc_no_im,cal_target_acc_oracle,cal_target_acc_baseline,cal_target_acc_MLLS,cal_target_acc_RLLS,cal_baseline_AE,cal_MLLS_AE,cal_RLLS_AE,cal_source_acc
10,99.51728247914183,99.40201940986178,99.39221644936771,99.39221644936771,99.39221644936771,99.39221644936771,0.0013176926402831968,0.000785959604241937,0.0004389889368429656,99.37261052837957,99.40201940986178,99.40201940986178,99.40201940986178,99.40201940986178,0.0044992693691039976,0.0019126065997863706,0.0019749108615318978,99.53516090584029
