epoch,source_acc,target_acc_no_im,target_acc_oracle,target_acc_baseline,target_acc_MLLS,target_acc_RLLS,baseline_AE,MLLS_AE,RLLS_AE,cal_target_acc_no_im,cal_target_acc_oracle,cal_target_acc_baseline,cal_target_acc_MLLS,cal_target_acc_RLLS,cal_baseline_AE,cal_MLLS_AE,cal_RLLS_AE,cal_source_acc
8,95.7592339261286,80.6896551724138,83.44827586206897,81.37931034482759,81.37931034482759,80.6896551724138,0.3556494846554666,0.36791876385532873,0.36509218352264977,76.55172413793103,80.6896551724138,75.86206896551724,76.55172413793103,75.86206896551724,0.40389867065124857,0.45149053887778146,0.4172905360366461,96.58002735978111
