epoch,source_acc,target_acc_no_im,target_acc_oracle,target_acc_baseline,target_acc_MLLS,target_acc_RLLS,baseline_AE,MLLS_AE,RLLS_AE,multarget_acc_oracle,multarget_acc_baseline,multarget_acc_MLLS,multarget_acc_RLLS
49,82.9001367989056,89.1566265060241,87.95180722891565,83.13253012048193,78.3132530120482,81.92771084337349,0.24855999723469546,0.452034607723859,0.3142532019691816,86.74698795180723,83.13253012048193,78.3132530120482,80.72289156626506
