epoch,source_acc,target_acc_no_im,target_acc_oracle,target_acc_baseline,target_acc_MLLS,target_acc_RLLS,baseline_AE,MLLS_AE,RLLS_AE,cal_target_acc_no_im,cal_target_acc_oracle,cal_target_acc_baseline,cal_target_acc_MLLS,cal_target_acc_RLLS,cal_baseline_AE,cal_MLLS_AE,cal_RLLS_AE,cal_source_acc
9,96.96153846153847,70.43366962806806,70.44119861466646,69.98945941876224,69.80123475380213,69.98945941876224,0.20854285443918277,0.2600715103630858,0.2181928686511695,69.49254630326757,69.537720222858,68.88269838879687,68.52130703207348,68.83752446920644,0.23804425726327896,0.32216447776798013,0.24861552770876388,97.34615384615385
