epoch,source_acc,target_acc_no_im,target_acc_oracle,target_acc_baseline,target_acc_MLLS,target_acc_RLLS,baseline_AE,MLLS_AE,RLLS_AE,cal_target_acc_no_im,cal_target_acc_oracle,cal_target_acc_baseline,cal_target_acc_MLLS,cal_target_acc_RLLS,cal_baseline_AE,cal_MLLS_AE,cal_RLLS_AE,cal_source_acc
10,89.65260017050298,70.86183310533517,78.24897400820794,71.13543091655266,70.58823529411765,70.86183310533517,0.4936744221364645,0.5020349514306026,0.48975719473558577,70.04103967168263,76.74418604651163,69.90424076607387,67.85225718194255,69.76744186046511,0.5271467178471466,0.5772978022975876,0.5220672326161526,89.81244671781756
