epoch,source_acc,target_acc_no_im,target_acc_oracle,target_acc_baseline,target_acc_MLLS,target_acc_RLLS,baseline_AE,MLLS_AE,RLLS_AE,cal_target_acc_no_im,cal_target_acc_oracle,cal_target_acc_baseline,cal_target_acc_MLLS,cal_target_acc_RLLS,cal_baseline_AE,cal_MLLS_AE,cal_RLLS_AE,cal_source_acc
10,99.49153237380571,42.610497237569064,42.71408839779006,42.58977900552486,42.46546961325967,42.562154696132595,0.3278484792999141,0.41336045898291285,0.3311297454113536,27.21685082872928,26.443370165745854,18.39779005524862,14.772099447513812,18.39088397790055,1.032623971831851,1.6532127613803433,1.0346999001635524,99.96719563701973
