epoch,source_acc,target_acc_no_im,target_acc_oracle,target_acc_baseline,target_acc_MLLS,target_acc_RLLS,baseline_AE,MLLS_AE,RLLS_AE,cal_target_acc_no_im,cal_target_acc_oracle,cal_target_acc_baseline,cal_target_acc_MLLS,cal_target_acc_RLLS,cal_baseline_AE,cal_MLLS_AE,cal_RLLS_AE,cal_source_acc
8,97.74433849821216,97.95834022152422,97.99140353777483,97.99140353777483,97.99140353777483,97.99140353777483,0.003559061053725887,0.005548521358748282,0.004666750493412364,97.98313770871219,97.97487187964953,97.97487187964953,97.97487187964953,97.97487187964953,0.004952677253219295,0.006776702526602285,0.006123723590816643,97.73539928486294
