epoch,source_acc,target_acc_no_im,target_acc_oracle,target_acc_baseline,target_acc_MLLS,target_acc_RLLS,baseline_AE,MLLS_AE,RLLS_AE,cal_target_acc_no_im,cal_target_acc_oracle,cal_target_acc_baseline,cal_target_acc_MLLS,cal_target_acc_RLLS,cal_baseline_AE,cal_MLLS_AE,cal_RLLS_AE,cal_source_acc
50,84.81532147742818,84.33734939759037,87.95180722891565,84.33734939759037,84.33734939759037,84.33734939759037,0.2717431150087238,0.2865396096507064,0.3497840583416374,85.54216867469879,87.95180722891565,84.33734939759037,85.54216867469879,84.33734939759037,0.26124386783588377,0.3021266822448908,0.31569372438115073,89.3296853625171
