epoch,source_acc,target_acc_no_im,target_acc_oracle,target_acc_baseline,target_acc_MLLS,target_acc_RLLS,baseline_AE,MLLS_AE,RLLS_AE,cal_target_acc_no_im,cal_target_acc_oracle,cal_target_acc_baseline,cal_target_acc_MLLS,cal_target_acc_RLLS,cal_baseline_AE,cal_MLLS_AE,cal_RLLS_AE,cal_source_acc
40,84.0,50.80845771144279,50.917288557213936,50.81364013266998,50.80327529021559,50.792910447761194,0.18399389422070822,0.17769870928382103,0.18568028681854307,52.015961857379764,52.10406301824212,51.32151741293532,49.8134328358209,50.93283582089553,0.19958288185792677,0.39133262276266445,0.24333144391397066,84.83333333333334
