epoch,source_acc,target_acc_no_im,target_acc_oracle,target_acc_baseline,target_acc_MLLS,target_acc_RLLS,baseline_AE,MLLS_AE,RLLS_AE,cal_target_acc_no_im,cal_target_acc_oracle,cal_target_acc_baseline,cal_target_acc_MLLS,cal_target_acc_RLLS,cal_baseline_AE,cal_MLLS_AE,cal_RLLS_AE,cal_source_acc
8,95.7592339261286,81.00558659217877,82.68156424581005,79.88826815642457,78.77094972067039,79.88826815642457,0.24547577232405982,0.2999512287957188,0.2557242184251906,74.86033519553072,75.97765363128491,74.02234636871509,71.7877094972067,74.02234636871509,0.3884186380466986,0.47296782827421674,0.3936358891648796,96.58002735978111
