epoch,source_acc,target_acc_no_im,target_acc_oracle,target_acc_baseline,target_acc_MLLS,target_acc_RLLS,baseline_AE,MLLS_AE,RLLS_AE,cal_target_acc_no_im,cal_target_acc_oracle,cal_target_acc_baseline,cal_target_acc_MLLS,cal_target_acc_RLLS,cal_baseline_AE,cal_MLLS_AE,cal_RLLS_AE,cal_source_acc
50,87.27770177838578,23.232323232323232,38.38383838383838,23.232323232323232,24.242424242424242,23.232323232323232,1.189673633689785,1.1639760751650527,1.2329241585493813,26.262626262626267,29.292929292929294,23.232323232323232,16.161616161616163,20.2020202020202,0.9226697755344684,1.6013232232704269,0.9549245795777781,92.33926128590971
