epoch,source_acc,target_acc_no_im,target_acc_oracle,target_acc_baseline,target_acc_MLLS,target_acc_RLLS,baseline_AE,MLLS_AE,RLLS_AE,multarget_acc_oracle,multarget_acc_baseline,multarget_acc_MLLS,multarget_acc_RLLS
40,84.9076923076923,68.39285714285714,72.50850340136054,70.04251700680271,70.43367346938776,70.10204081632652,0.30850693089570724,0.24731563942215473,0.2984489625150606,72.50850340136054,70.04251700680271,70.43367346938776,70.10204081632652
