epoch,source_acc,target_acc_no_im,target_acc_oracle,target_acc_baseline,target_acc_MLLS,target_acc_RLLS,baseline_AE,MLLS_AE,RLLS_AE,cal_target_acc_no_im,cal_target_acc_oracle,cal_target_acc_baseline,cal_target_acc_MLLS,cal_target_acc_RLLS,cal_baseline_AE,cal_MLLS_AE,cal_RLLS_AE,cal_source_acc
7,66.91092080868721,65.24926686217009,65.41055718475073,65.05865102639297,64.90469208211144,64.13489736070382,0.12360430972551983,0.16193928199932367,0.2479427799482151,65.79178885630499,65.85043988269794,65.54985337243401,64.7140762463343,64.67008797653959,0.1045317192931654,0.22381840859111307,0.1955017595650645,67.24640240134192
