epoch,source_acc,target_acc_no_im,target_acc_oracle,target_acc_baseline,target_acc_MLLS,target_acc_RLLS,baseline_AE,MLLS_AE,RLLS_AE,cal_target_acc_no_im,cal_target_acc_oracle,cal_target_acc_baseline,cal_target_acc_MLLS,cal_target_acc_RLLS,cal_baseline_AE,cal_MLLS_AE,cal_RLLS_AE,cal_source_acc
40,75.57692307692308,71.66900420757362,76.1570827489481,72.51051893408135,72.65077138849931,72.79102384291724,0.4080462722685109,0.3613611177187334,0.28641889773860707,80.64516129032258,82.88920056100982,82.328190743338,81.90743338008414,81.62692847124825,0.19374975895699828,0.10965054178680607,0.14319140386018708,78.8076923076923
