epoch,source_acc,target_acc_no_im,target_acc_oracle,target_acc_baseline,target_acc_MLLS,target_acc_RLLS,baseline_AE,MLLS_AE,RLLS_AE,multarget_acc_oracle,multarget_acc_baseline,multarget_acc_MLLS,multarget_acc_RLLS
40,68.0,71.09004739336493,82.46445497630332,77.72511848341233,80.09478672985783,79.14691943127961,0.5136513241171679,0.20542179101910354,0.32417246696310614,82.46445497630332,77.72511848341233,80.09478672985783,79.14691943127961
