epoch,source_acc,target_acc_no_im,target_acc_oracle,target_acc_baseline,target_acc_MLLS,target_acc_RLLS,baseline_AE,MLLS_AE,RLLS_AE,multarget_acc_oracle,multarget_acc_baseline,multarget_acc_MLLS,multarget_acc_RLLS
49,82.76333789329685,38.81188118811881,40.1980198019802,37.62376237623762,25.14851485148515,37.02970297029703,0.4023320606033695,1.1892033182113055,0.43843538009445043,40.396039603960396,37.42574257425743,25.544554455445546,37.227722772277225
