epoch,source_acc,target_acc_no_im,target_acc_oracle,target_acc_baseline,target_acc_MLLS,target_acc_RLLS,baseline_AE,MLLS_AE,RLLS_AE,cal_target_acc_no_im,cal_target_acc_oracle,cal_target_acc_baseline,cal_target_acc_MLLS,cal_target_acc_RLLS,cal_baseline_AE,cal_MLLS_AE,cal_RLLS_AE,cal_source_acc
9,90.09,84.78260869565217,85.78595317725753,84.44816053511705,83.77926421404682,83.94648829431438,0.1966291079519591,0.2162588480610812,0.22226528936373866,85.95317725752508,86.2876254180602,84.78260869565217,84.11371237458194,84.44816053511705,0.19262098561408603,0.23114249018404515,0.21365437518169114,90.48
