epoch,source_acc,target_acc_no_im,target_acc_oracle,target_acc_baseline,target_acc_MLLS,target_acc_RLLS,baseline_AE,MLLS_AE,RLLS_AE,multarget_acc_oracle,multarget_acc_baseline,multarget_acc_MLLS,multarget_acc_RLLS
39,80.26666666666667,70.37037037037037,69.62962962962963,68.14814814814815,67.4074074074074,66.66666666666666,0.22548958721950096,0.3194607469080775,0.30740820564650295,69.62962962962963,68.14814814814815,67.4074074074074,66.66666666666666
