epoch,source_acc,target_acc_no_im,target_acc_oracle,target_acc_baseline,target_acc_MLLS,target_acc_RLLS,baseline_AE,MLLS_AE,RLLS_AE,cal_target_acc_no_im,cal_target_acc_oracle,cal_target_acc_baseline,cal_target_acc_MLLS,cal_target_acc_RLLS,cal_baseline_AE,cal_MLLS_AE,cal_RLLS_AE,cal_source_acc
10,97.03333333333333,95.83333333333334,95.83333333333334,95.41666666666667,95.41666666666667,95.41666666666667,0.0478306623796622,0.04937005105117957,0.05005427556017911,95.83333333333334,95.83333333333334,96.25,96.25,96.25,0.051887172957261404,0.055628455926974615,0.053989242339316956,97.3
