epoch,source_acc,target_acc_no_im,target_acc_oracle,target_acc_baseline,target_acc_MLLS,target_acc_RLLS,baseline_AE,MLLS_AE,RLLS_AE,cal_target_acc_no_im,cal_target_acc_oracle,cal_target_acc_baseline,cal_target_acc_MLLS,cal_target_acc_RLLS,cal_baseline_AE,cal_MLLS_AE,cal_RLLS_AE,cal_source_acc
20,76.33205456095482,57.55395683453237,75.68345323741006,59.56834532374101,61.58273381294964,61.43884892086331,0.7553860540094635,0.6070680029509512,0.6116356289146907,75.68345323741006,80.0,78.84892086330936,77.41007194244605,78.12949640287769,0.440398587598556,0.30226558017685146,0.2864802001788064,80.28204035237283
