epoch,source_acc,target_acc_no_im,target_acc_oracle,target_acc_baseline,target_acc_MLLS,target_acc_RLLS,baseline_AE,MLLS_AE,RLLS_AE,cal_target_acc_no_im,cal_target_acc_oracle,cal_target_acc_baseline,cal_target_acc_MLLS,cal_target_acc_RLLS,cal_baseline_AE,cal_MLLS_AE,cal_RLLS_AE,cal_source_acc
41,82.49,64.40677966101694,74.78813559322035,65.04237288135593,65.2542372881356,65.67796610169492,0.6478213716487763,0.6137152027528164,0.4434388249323826,90.46610169491525,90.2542372881356,90.88983050847457,89.83050847457628,90.46610169491525,0.15988709106725654,0.07509053876326362,0.04417359058199235,90.83
