epoch,source_acc,target_acc_no_im,target_acc_oracle,target_acc_baseline,target_acc_MLLS,target_acc_RLLS,baseline_AE,MLLS_AE,RLLS_AE,cal_target_acc_no_im,cal_target_acc_oracle,cal_target_acc_baseline,cal_target_acc_MLLS,cal_target_acc_RLLS,cal_baseline_AE,cal_MLLS_AE,cal_RLLS_AE,cal_source_acc
10,97.1275327771156,66.01566473400467,72.79015359576849,67.31766859932866,67.73471671244023,67.48041908249415,0.5688298185551206,0.5153904398167173,0.5507478433555917,66.21910283796156,72.2306988098871,67.3990438409114,67.69402909164887,67.51093479808769,0.5626767118656675,0.5161549587929288,0.5463373564836489,97.12455303933254
