epoch,source_acc,target_acc_no_im,target_acc_oracle,target_acc_baseline,target_acc_MLLS,target_acc_RLLS,baseline_AE,MLLS_AE,RLLS_AE,multarget_acc_oracle,multarget_acc_baseline,multarget_acc_MLLS,multarget_acc_RLLS
39,79.25,53.15998555435175,54.55399061032864,53.86782231852655,53.95449620801733,53.95449620801733,0.23071285447205997,0.23208369738935253,0.21585779137443542,54.55399061032864,53.86782231852655,53.95449620801733,53.95449620801733
