epoch,source_acc,target_acc_no_im,target_acc_oracle,target_acc_baseline,target_acc_MLLS,target_acc_RLLS,baseline_AE,MLLS_AE,RLLS_AE,cal_target_acc_no_im,cal_target_acc_oracle,cal_target_acc_baseline,cal_target_acc_MLLS,cal_target_acc_RLLS,cal_baseline_AE,cal_MLLS_AE,cal_RLLS_AE,cal_source_acc
6,55.00132426944469,39.2090395480226,47.06214689265536,40.0,40.16949152542373,40.790960451977405,0.8172051155999179,0.7483894836414565,0.6916857902993796,46.101694915254235,56.779661016949156,48.92655367231639,47.740112994350284,51.63841807909605,0.7512431760152504,0.5498620530369625,0.5171479020234923,57.296724640240136
