epoch,source_acc,target_acc_no_im,target_acc_oracle,target_acc_baseline,target_acc_MLLS,target_acc_RLLS,baseline_AE,MLLS_AE,RLLS_AE,cal_target_acc_no_im,cal_target_acc_oracle,cal_target_acc_baseline,cal_target_acc_MLLS,cal_target_acc_RLLS,cal_baseline_AE,cal_MLLS_AE,cal_RLLS_AE,cal_source_acc
41,88.47,67.65140324963073,69.86706056129985,68.24224519940915,68.24224519940915,68.24224519940915,0.393762019180873,0.3721200122471839,0.3728941777391361,78.43426883308715,81.24076809453472,80.79763663220089,80.79763663220089,80.94534711964549,0.14463223449671242,0.07353473332899031,0.08259820874815144,92.23
