epoch,source_acc,target_acc_no_im,target_acc_oracle,target_acc_baseline,target_acc_MLLS,target_acc_RLLS,baseline_AE,MLLS_AE,RLLS_AE,cal_target_acc_no_im,cal_target_acc_oracle,cal_target_acc_baseline,cal_target_acc_MLLS,cal_target_acc_RLLS,cal_baseline_AE,cal_MLLS_AE,cal_RLLS_AE,cal_source_acc
9,90.09,42.62295081967213,54.50819672131148,40.98360655737705,40.98360655737705,40.98360655737705,0.9932401209488951,1.0837810521510771,1.014373536812878,38.52459016393443,54.50819672131148,36.47540983606557,32.78688524590164,36.885245901639344,1.052377920915936,1.3044831345578947,1.0818679739500325,90.48
