epoch,source_acc,target_acc_no_im,target_acc_oracle,target_acc_baseline,target_acc_MLLS,target_acc_RLLS,baseline_AE,MLLS_AE,RLLS_AE,multarget_acc_oracle,multarget_acc_baseline,multarget_acc_MLLS,multarget_acc_RLLS
9,98.75,92.02453987730061,92.25460122699386,92.17791411042946,92.25460122699386,92.17791411042946,0.04322464188183743,0.03935977985705334,0.04037443665682524,92.25460122699386,92.17791411042946,92.25460122699386,92.17791411042946
