epoch,source_acc,cal_source_acc
1,99.40132037560996,99.40132037560996
2,99.81137491286341,99.81137491286341
3,99.8810841841965,99.8810841841965
4,99.95079345552959,99.95079345552959
5,99.95899454627465,99.95899454627465
6,99.94669291015705,99.94669291015705
7,99.96309509164719,99.96309509164719
8,99.97129618239225,99.97129618239225
9,99.97949727313733,99.97949727313733
10,99.96719563701973,99.96719563701973
