epoch,source_acc,target_acc_no_im,target_acc_oracle,target_acc_baseline,target_acc_MLLS,target_acc_RLLS,baseline_AE,MLLS_AE,RLLS_AE,multarget_acc_oracle,multarget_acc_baseline,multarget_acc_MLLS,multarget_acc_RLLS
28,49.24516641652688,52.065081351689614,53.94242803504381,51.18898623279099,52.065081351689614,48.06007509386733,0.28710497370969523,0.31541635445721616,0.5583687053126533,54.69336670838548,52.065081351689614,51.689612015018774,47.934918648310386
