epoch,source_acc,target_acc_no_im,target_acc_oracle,target_acc_baseline,target_acc_MLLS,target_acc_RLLS,baseline_AE,MLLS_AE,RLLS_AE,multarget_acc_oracle,multarget_acc_baseline,multarget_acc_MLLS,multarget_acc_RLLS
39,78.2,51.33983387504514,52.97941495124594,51.43373058866017,51.80209461899603,51.02925243770314,0.26763784801241036,0.24566670842374566,0.2849620364527509,52.97941495124594,51.43373058866017,51.80209461899603,51.02925243770314
