epoch,source_acc,target_acc_no_im,target_acc_oracle,target_acc_baseline,target_acc_MLLS,target_acc_RLLS,baseline_AE,MLLS_AE,RLLS_AE,multarget_acc_oracle,multarget_acc_baseline,multarget_acc_MLLS,multarget_acc_RLLS
10,89.6490480250071,70.3640982218459,74.08975444538527,70.194750211685,69.09398814563929,69.5173581710415,0.4386271882088046,0.5016382276410745,0.4573717867428784,73.66638441998306,69.94072819644369,68.58594411515665,69.26333615580018
