epoch,source_acc,target_acc_no_im,target_acc_oracle,target_acc_baseline,target_acc_MLLS,target_acc_RLLS,baseline_AE,MLLS_AE,RLLS_AE,cal_target_acc_no_im,cal_target_acc_oracle,cal_target_acc_baseline,cal_target_acc_MLLS,cal_target_acc_RLLS,cal_baseline_AE,cal_MLLS_AE,cal_RLLS_AE,cal_source_acc
31,86.06153846153846,70.24608501118567,75.87840505329649,72.81221213317541,73.27279905250691,73.27279905250691,0.3240122923904233,0.2473914835878782,0.25536774164759285,70.33820239505198,78.99723647848401,74.60192130543493,76.0626398210291,75.23358336623241,0.3751379771434836,0.21299694271969982,0.29918498157598217,85.98461538461538
