epoch,source_acc,target_acc_no_im,target_acc_oracle,target_acc_baseline,target_acc_MLLS,target_acc_RLLS,baseline_AE,MLLS_AE,RLLS_AE,cal_target_acc_no_im,cal_target_acc_oracle,cal_target_acc_baseline,cal_target_acc_MLLS,cal_target_acc_RLLS,cal_baseline_AE,cal_MLLS_AE,cal_RLLS_AE,cal_source_acc
40,88.53846153846155,63.054248204111964,63.723061679464955,63.15952439930641,63.153331681942035,63.171909834035176,0.26985862024141355,0.2621616254103178,0.26361341194693216,64.81917265296012,66.90611840475601,65.30220460738173,65.40748080257617,65.34555362893238,0.2453382811168795,0.25296827169457725,0.2525078063739685,89.86153846153846
