epoch,source_acc,target_acc_no_im,target_acc_oracle,target_acc_baseline,target_acc_MLLS,target_acc_RLLS,baseline_AE,MLLS_AE,RLLS_AE,multarget_acc_oracle,multarget_acc_baseline,multarget_acc_MLLS,multarget_acc_RLLS
8,95.7592339261286,82.35294117647058,83.87096774193549,81.21442125237192,81.02466793168881,81.02466793168881,0.21122886901597654,0.27023466296213017,0.22405645350925235,82.92220113851992,81.02466793168881,80.45540796963947,80.83491461100569
