epoch,source_acc,target_acc_no_im,target_acc_oracle,target_acc_baseline,target_acc_MLLS,target_acc_RLLS,baseline_AE,MLLS_AE,RLLS_AE,multarget_acc_oracle,multarget_acc_baseline,multarget_acc_MLLS,multarget_acc_RLLS
49,42.44,26.588628762541806,30.76923076923077,21.237458193979933,10.367892976588628,19.565217391304348,0.5850732583470057,1.4907362705295022,0.7711655316900399,30.76923076923077,21.237458193979933,10.367892976588628,19.565217391304348
