epoch,source_acc,target_acc_no_im,target_acc_oracle,target_acc_baseline,target_acc_MLLS,target_acc_RLLS,baseline_AE,MLLS_AE,RLLS_AE,cal_target_acc_no_im,cal_target_acc_oracle,cal_target_acc_baseline,cal_target_acc_MLLS,cal_target_acc_RLLS,cal_baseline_AE,cal_MLLS_AE,cal_RLLS_AE,cal_source_acc
41,83.93,60.80508474576271,70.76271186440678,62.92372881355932,63.13559322033898,63.13559322033898,0.6724777419309494,0.6227737862806199,0.493366473406452,83.47457627118644,84.11016949152543,83.6864406779661,82.83898305084746,83.26271186440678,0.2165426664070179,0.21255130781713205,0.18390957758815124,91.91
