epoch,source_acc,target_acc_no_im,target_acc_oracle,target_acc_baseline,target_acc_MLLS,target_acc_RLLS,baseline_AE,MLLS_AE,RLLS_AE,cal_target_acc_no_im,cal_target_acc_oracle,cal_target_acc_baseline,cal_target_acc_MLLS,cal_target_acc_RLLS,cal_baseline_AE,cal_MLLS_AE,cal_RLLS_AE,cal_source_acc
29,58.2766840293105,59.44546517454484,59.47887088692166,59.228328044095534,59.17821947553031,58.64372807750126,0.16717923672014984,0.1813636268627098,0.35372535871415145,59.72941372974778,60.34741940871889,59.82963086687823,59.54568231167529,59.37865374979121,0.15724827317781082,0.2543631300523257,0.2502785914081561,59.053588770195105
