epoch,source_acc,target_acc_no_im,target_acc_oracle,target_acc_baseline,target_acc_MLLS,target_acc_RLLS,baseline_AE,MLLS_AE,RLLS_AE,multarget_acc_oracle,multarget_acc_baseline,multarget_acc_MLLS,multarget_acc_RLLS
15,75.16695083830633,74.91002570694087,76.19537275064268,73.62467866323908,72.69922879177378,73.41902313624679,0.2646349492851876,0.3012907023836975,0.29886962487964636,75.16709511568124,73.52185089974293,72.69922879177378,72.853470437018
