epoch,source_acc,target_acc_no_im,target_acc_oracle,target_acc_baseline,target_acc_MLLS,target_acc_RLLS,baseline_AE,MLLS_AE,RLLS_AE,multarget_acc_oracle,multarget_acc_baseline,multarget_acc_MLLS,multarget_acc_RLLS
15,67.76427962489343,39.50869289786725,42.190469486872665,39.08636587597663,25.304427394946156,38.21355669740269,0.5292249923974867,1.3136803126549115,0.5841905655067979,41.3880481452805,38.01647075385373,32.28690082353769,37.14366157527979
