epoch,source_acc,target_acc_no_im,target_acc_oracle,target_acc_baseline,target_acc_MLLS,target_acc_RLLS,baseline_AE,MLLS_AE,RLLS_AE,cal_target_acc_no_im,cal_target_acc_oracle,cal_target_acc_baseline,cal_target_acc_MLLS,cal_target_acc_RLLS,cal_baseline_AE,cal_MLLS_AE,cal_RLLS_AE,cal_source_acc
41,88.7,70.60561299852289,72.08271787296898,71.34416543574595,71.34416543574595,71.34416543574595,0.4353166895710823,0.4126182312869427,0.4194118647781394,80.20679468242245,81.83161004431314,81.83161004431314,80.50221565731167,80.79763663220089,0.24717180541492284,0.17275129775055842,0.21656215430679207,92.52
