epoch,source_acc,target_acc_no_im,target_acc_oracle,target_acc_baseline,target_acc_MLLS,target_acc_RLLS,baseline_AE,MLLS_AE,RLLS_AE,cal_target_acc_no_im,cal_target_acc_oracle,cal_target_acc_baseline,cal_target_acc_MLLS,cal_target_acc_RLLS,cal_baseline_AE,cal_MLLS_AE,cal_RLLS_AE,cal_source_acc
9,98.76,92.02453987730061,92.25460122699386,92.17791411042946,92.33128834355828,92.25460122699386,0.04332661797846753,0.03946170007432896,0.04047773909908495,91.9478527607362,92.33128834355828,92.25460122699386,92.33128834355828,92.25460122699386,0.0522140840217014,0.04732806806915378,0.04994146183207437,98.75
