epoch,source_acc,target_acc_no_im,target_acc_oracle,target_acc_baseline,target_acc_MLLS,target_acc_RLLS,baseline_AE,MLLS_AE,RLLS_AE,multarget_acc_oracle,multarget_acc_baseline,multarget_acc_MLLS,multarget_acc_RLLS
39,79.25,51.086674451797066,51.05099260412612,50.9179966264435,50.71688075775269,50.82717010509926,0.10369638669247391,0.20754688514419026,0.1520250250854463,51.05099260412612,50.9179966264435,50.71688075775269,50.82717010509926
