epoch,source_acc,target_acc_no_im,target_acc_oracle,target_acc_baseline,target_acc_MLLS,target_acc_RLLS,baseline_AE,MLLS_AE,RLLS_AE,cal_target_acc_no_im,cal_target_acc_oracle,cal_target_acc_baseline,cal_target_acc_MLLS,cal_target_acc_RLLS,cal_baseline_AE,cal_MLLS_AE,cal_RLLS_AE,cal_source_acc
10,99.6678558248247,47.19841198231526,48.38942524587206,47.16232067129839,47.07209239375621,47.16232067129839,0.3434509171453138,0.33708761695533423,0.3428207092924662,44.8344311107101,41.57719029143734,37.06577641432825,32.41902012090589,37.06577641432825,0.634679894629977,1.2389753793203802,0.6365593274388442,99.96309509164719
