epoch,source_acc,target_acc_no_im,target_acc_oracle,target_acc_baseline,target_acc_MLLS,target_acc_RLLS,baseline_AE,MLLS_AE,RLLS_AE,multarget_acc_oracle,multarget_acc_baseline,multarget_acc_MLLS,multarget_acc_RLLS
49,42.44,20.081967213114755,31.557377049180328,17.21311475409836,13.524590163934427,18.852459016393443,1.158703790523387,1.5825731679678516,1.233805251788859,31.557377049180328,17.21311475409836,13.524590163934427,18.852459016393443
