epoch,source_acc,target_acc_no_im,target_acc_oracle,target_acc_baseline,target_acc_MLLS,target_acc_RLLS,baseline_AE,MLLS_AE,RLLS_AE,multarget_acc_oracle,multarget_acc_baseline,multarget_acc_MLLS,multarget_acc_RLLS
9,98.76,97.88135593220339,98.51694915254238,98.72881355932203,98.72881355932203,98.72881355932203,0.03013169700864376,0.02337766741014207,0.025595596169601394,98.51694915254238,98.72881355932203,98.72881355932203,98.72881355932203
