epoch,source_acc,target_acc_no_im,target_acc_oracle,target_acc_baseline,target_acc_MLLS,target_acc_RLLS,baseline_AE,MLLS_AE,RLLS_AE,cal_target_acc_no_im,cal_target_acc_oracle,cal_target_acc_baseline,cal_target_acc_MLLS,cal_target_acc_RLLS,cal_baseline_AE,cal_MLLS_AE,cal_RLLS_AE,cal_source_acc
30,73.53846153846155,41.935483870967744,41.935483870967744,41.935483870967744,41.935483870967744,41.935483870967744,0.6227194095075492,0.731833779949093,0.7474930863630294,41.935483870967744,45.16129032258064,41.935483870967744,29.03225806451613,35.483870967741936,0.5498549904253696,0.8598987205713,0.6819856915791144,73.34615384615385
