epoch,source_acc,target_acc_no_im,target_acc_oracle,target_acc_baseline,target_acc_MLLS,target_acc_RLLS,baseline_AE,MLLS_AE,RLLS_AE,multarget_acc_oracle,multarget_acc_baseline,multarget_acc_MLLS,multarget_acc_RLLS
4,69.19,68.98079763663219,75.9231905465288,71.34416543574595,69.57163958641064,63.95864106351551,0.5320214740766909,0.24722201089255597,0.5069215976176036,75.9231905465288,71.34416543574595,69.57163958641064,63.95864106351551
