epoch,source_acc,target_acc_no_im,target_acc_oracle,target_acc_baseline,target_acc_MLLS,target_acc_RLLS,baseline_AE,MLLS_AE,RLLS_AE,multarget_acc_oracle,multarget_acc_baseline,multarget_acc_MLLS,multarget_acc_RLLS
8,97.19904648390941,97.11713350309203,97.08075663877773,97.08075663877773,97.08075663877773,97.08075663877773,0.014920998493425597,0.0028695055639669786,0.005712847488139494,97.0625682066206,97.08075663877773,97.0625682066206,97.0625682066206
