epoch,source_acc,target_acc_no_im,target_acc_oracle,target_acc_baseline,target_acc_MLLS,target_acc_RLLS,baseline_AE,MLLS_AE,RLLS_AE,multarget_acc_oracle,multarget_acc_baseline,multarget_acc_MLLS,multarget_acc_RLLS
40,68.0,67.98642533936652,67.98642533936652,65.32805429864254,65.15837104072398,61.53846153846154,0.261885283733992,0.2767955160097164,0.47587128124973965,67.98642533936652,65.32805429864254,65.15837104072398,61.53846153846154
