epoch,source_acc,target_acc_no_im,target_acc_oracle,target_acc_baseline,target_acc_MLLS,target_acc_RLLS,baseline_AE,MLLS_AE,RLLS_AE,multarget_acc_oracle,multarget_acc_baseline,multarget_acc_MLLS,multarget_acc_RLLS
40,74.15384615384616,78.28037383177569,78.28037383177569,78.20560747663552,78.05607476635514,78.09345794392524,0.06433257710710866,0.0845021849787124,0.10795771412396793,78.28037383177569,78.20560747663552,78.05607476635514,78.09345794392524
