epoch,source_acc,target_acc_no_im,target_acc_oracle,target_acc_baseline,target_acc_MLLS,target_acc_RLLS,baseline_AE,MLLS_AE,RLLS_AE,cal_target_acc_no_im,cal_target_acc_oracle,cal_target_acc_baseline,cal_target_acc_MLLS,cal_target_acc_RLLS,cal_baseline_AE,cal_MLLS_AE,cal_RLLS_AE,cal_source_acc
40,74.6923076923077,69.23076923076923,69.23076923076923,68.26923076923077,68.26923076923077,68.26923076923077,0.3151037107006862,0.34483522828668356,0.47344991397342684,71.15384615384616,71.15384615384616,70.1923076923077,64.42307692307693,67.3076923076923,0.1962926174299075,0.3736540741072252,0.3377948896443878,74.96153846153845
