epoch,source_acc,target_acc_no_im,target_acc_oracle,target_acc_baseline,target_acc_MLLS,target_acc_RLLS,baseline_AE,MLLS_AE,RLLS_AE,cal_target_acc_no_im,cal_target_acc_oracle,cal_target_acc_baseline,cal_target_acc_MLLS,cal_target_acc_RLLS,cal_baseline_AE,cal_MLLS_AE,cal_RLLS_AE,cal_source_acc
30,73.53846153846155,38.368782448501086,39.47412493719645,38.51951096968682,38.67023949087255,38.67023949087255,0.2709298930039654,0.29107818394503815,0.3099764031194031,38.201306313850274,39.99330095461397,38.51951096968682,35.16998827667057,36.89499246357394,0.31034238910041423,0.5350598152754964,0.3893824887659767,73.34615384615385
