epoch,source_acc,target_acc_no_im,target_acc_oracle,target_acc_baseline,target_acc_MLLS,target_acc_RLLS,baseline_AE,MLLS_AE,RLLS_AE,multarget_acc_oracle,multarget_acc_baseline,multarget_acc_MLLS,multarget_acc_RLLS
15,75.16695083830633,35.634743875278396,45.87973273942094,33.630289532293986,25.389755011135858,31.625835189309576,0.9958387251924272,1.396746344705601,1.0528783433743851,46.02821083890126,32.813659985152185,29.101707498144023,30.809205642167782
