epoch,source_acc,target_acc_no_im,target_acc_oracle,target_acc_baseline,target_acc_MLLS,target_acc_RLLS,baseline_AE,MLLS_AE,RLLS_AE,cal_target_acc_no_im,cal_target_acc_oracle,cal_target_acc_baseline,cal_target_acc_MLLS,cal_target_acc_RLLS,cal_baseline_AE,cal_MLLS_AE,cal_RLLS_AE,cal_source_acc
38,79.96666666666667,80.95609249155625,81.16393868537283,81.13795791114575,81.18991945959989,81.21590023382697,0.050385875997120716,0.04358358302623784,0.04943440886294152,80.98207326578331,81.0859963626916,81.13795791114575,81.03403481423747,81.11197713691868,0.06422562951792615,0.04547604813805939,0.04417785962556621,80.2
