epoch,source_acc,target_acc_no_im,target_acc_oracle,target_acc_baseline,target_acc_MLLS,target_acc_RLLS,baseline_AE,MLLS_AE,RLLS_AE,multarget_acc_oracle,multarget_acc_baseline,multarget_acc_MLLS,multarget_acc_RLLS
8,86.07568533969011,88.68738358984413,87.45221056759142,85.55043623174198,85.0995000490148,83.01146946377807,0.20368547951891175,0.2419684699745392,0.3998910711732021,87.37378688363886,85.43280070581316,85.00147044407412,82.83501617488481
