epoch,source_acc,target_acc_no_im,target_acc_oracle,target_acc_baseline,target_acc_MLLS,target_acc_RLLS,baseline_AE,MLLS_AE,RLLS_AE,multarget_acc_oracle,multarget_acc_baseline,multarget_acc_MLLS,multarget_acc_RLLS
9,90.05,85.63829787234043,90.42553191489363,88.29787234042553,89.36170212765957,88.82978723404256,0.21151872661280224,0.16747474417647065,0.20245507821221378,90.42553191489363,88.29787234042553,89.36170212765957,88.82978723404256
