epoch,source_acc,target_acc_no_im,target_acc_oracle,target_acc_baseline,target_acc_MLLS,target_acc_RLLS,baseline_AE,MLLS_AE,RLLS_AE,cal_target_acc_no_im,cal_target_acc_oracle,cal_target_acc_baseline,cal_target_acc_MLLS,cal_target_acc_RLLS,cal_baseline_AE,cal_MLLS_AE,cal_RLLS_AE,cal_source_acc
10,99.70066018780498,44.89424289116123,46.93934724751366,45.0623336601765,45.0623336601765,45.04832609609189,0.4428738813431411,0.45748872101898663,0.4423112089799645,43.39543353410842,40.57991315310267,35.83134892842135,31.489004062193583,35.81734136433674,0.6918778325831091,1.284167405489466,0.6938156714250976,99.96719563701973
