epoch,source_acc,target_acc_no_im,target_acc_oracle,target_acc_baseline,target_acc_MLLS,target_acc_RLLS,baseline_AE,MLLS_AE,RLLS_AE,cal_target_acc_no_im,cal_target_acc_oracle,cal_target_acc_baseline,cal_target_acc_MLLS,cal_target_acc_RLLS,cal_baseline_AE,cal_MLLS_AE,cal_RLLS_AE,cal_source_acc
9,98.76,98.52289512555392,98.67060561299851,98.67060561299851,98.67060561299851,98.67060561299851,0.018200097999025156,0.013419704439539482,0.01192100329515067,98.52289512555392,98.67060561299851,98.67060561299851,98.67060561299851,98.67060561299851,0.019625456390855656,0.010838380308362355,0.011623678132563408,98.75
