epoch,source_acc,target_acc_no_im,target_acc_oracle,target_acc_baseline,target_acc_MLLS,target_acc_RLLS,baseline_AE,MLLS_AE,RLLS_AE,cal_target_acc_no_im,cal_target_acc_oracle,cal_target_acc_baseline,cal_target_acc_MLLS,cal_target_acc_RLLS,cal_baseline_AE,cal_MLLS_AE,cal_RLLS_AE,cal_source_acc
40,88.92307692307693,64.06446504261959,64.30201686152127,64.15296473985747,64.14830686105547,64.15762261865946,0.16314180148550717,0.15970107121178356,0.16254126768055654,64.66998928687876,65.3640132283758,64.47901625599702,64.36256928594717,64.38120080115516,0.1888276040213948,0.22010367250886298,0.20138338569963787,89.90769230769232
