epoch,source_acc,target_acc_no_im,target_acc_oracle,target_acc_baseline,target_acc_MLLS,target_acc_RLLS,baseline_AE,MLLS_AE,RLLS_AE,cal_target_acc_no_im,cal_target_acc_oracle,cal_target_acc_baseline,cal_target_acc_MLLS,cal_target_acc_RLLS,cal_baseline_AE,cal_MLLS_AE,cal_RLLS_AE,cal_source_acc
9,90.09,39.315352697095435,39.62655601659751,35.26970954356847,33.09128630705394,33.713692946058096,0.7257022299836761,0.9922638465026461,0.8348929884894019,37.96680497925311,38.27800829875518,31.224066390041493,23.13278008298755,29.564315352697097,0.7283223931603008,1.3194352998415901,0.8626563911990212,90.48
