epoch,source_acc,target_acc_no_im,target_acc_oracle,target_acc_baseline,target_acc_MLLS,target_acc_RLLS,baseline_AE,MLLS_AE,RLLS_AE,cal_target_acc_no_im,cal_target_acc_oracle,cal_target_acc_baseline,cal_target_acc_MLLS,cal_target_acc_RLLS,cal_baseline_AE,cal_MLLS_AE,cal_RLLS_AE,cal_source_acc
40,82.81666666666668,83.67052023121387,84.5014450867052,84.28468208092485,84.2485549132948,84.2485549132948,0.1360356284553088,0.11530856585743797,0.08438014473636277,86.16329479768787,86.8135838150289,86.5606936416185,86.74132947976878,86.70520231213872,0.0825365274778508,0.05170797756899989,0.05442816953215734,84.63333333333334
