epoch,source_acc,target_acc_no_im,target_acc_oracle,target_acc_baseline,target_acc_MLLS,target_acc_RLLS,baseline_AE,MLLS_AE,RLLS_AE,multarget_acc_oracle,multarget_acc_baseline,multarget_acc_MLLS,multarget_acc_RLLS
9,98.75,94.55521472392638,94.24846625766872,94.24846625766872,94.24846625766872,94.24846625766872,0.060725774364603066,0.060794755565059685,0.06082090122112819,94.24846625766872,94.24846625766872,94.24846625766872,94.24846625766872
