epoch,source_acc,target_acc_no_im,target_acc_oracle,target_acc_baseline,target_acc_MLLS,target_acc_RLLS,baseline_AE,MLLS_AE,RLLS_AE,multarget_acc_oracle,multarget_acc_baseline,multarget_acc_MLLS,multarget_acc_RLLS
10,99.5083432657926,95.59650824442289,95.57710960232784,95.55771096023278,95.55771096023278,95.55771096023278,0.04916788196818095,0.051635842087428385,0.05059721223215946,95.57710960232784,95.55771096023278,95.55771096023278,95.55771096023278
