epoch,source_acc,target_acc_no_im,target_acc_oracle,target_acc_baseline,target_acc_MLLS,target_acc_RLLS,baseline_AE,MLLS_AE,RLLS_AE,cal_target_acc_no_im,cal_target_acc_oracle,cal_target_acc_baseline,cal_target_acc_MLLS,cal_target_acc_RLLS,cal_baseline_AE,cal_MLLS_AE,cal_RLLS_AE,cal_source_acc
29,58.2766840293105,61.41935483870967,65.80645161290323,62.967741935483865,63.354838709677416,63.48387096774194,0.36791741812881495,0.3233621278129974,0.3583643105414785,62.064516129032256,67.35483870967742,63.87096774193548,65.54838709677419,65.93548387096774,0.42477290984212634,0.22885811464321693,0.23573624184855102,59.053588770195105
