epoch,source_acc,target_acc_no_im,target_acc_oracle,target_acc_baseline,target_acc_MLLS,target_acc_RLLS,baseline_AE,MLLS_AE,RLLS_AE,cal_target_acc_no_im,cal_target_acc_oracle,cal_target_acc_baseline,cal_target_acc_MLLS,cal_target_acc_RLLS,cal_baseline_AE,cal_MLLS_AE,cal_RLLS_AE,cal_source_acc
41,91.64,83.58895705521472,83.58895705521472,83.66564417177914,83.66564417177914,83.66564417177914,0.08841004224916908,0.0847854353716037,0.07866839604257148,84.27914110429448,83.0521472392638,82.89877300613497,82.36196319018406,82.74539877300614,0.1085333068129475,0.1555022754323629,0.12618990850532136,92.23
