epoch,source_acc,target_acc_no_im,target_acc_oracle,target_acc_baseline,target_acc_MLLS,target_acc_RLLS,baseline_AE,MLLS_AE,RLLS_AE,multarget_acc_oracle,multarget_acc_baseline,multarget_acc_MLLS,multarget_acc_RLLS
40,73.11538461538461,64.51612903225806,70.96774193548387,61.29032258064516,58.06451612903226,58.06451612903226,0.4003908589647541,0.6210104128540177,0.6131388729367988,70.96774193548387,61.29032258064516,58.06451612903226,58.06451612903226
