epoch,source_acc,target_acc_no_im,target_acc_oracle,target_acc_baseline,target_acc_MLLS,target_acc_RLLS,baseline_AE,MLLS_AE,RLLS_AE,cal_target_acc_no_im,cal_target_acc_oracle,cal_target_acc_baseline,cal_target_acc_MLLS,cal_target_acc_RLLS,cal_baseline_AE,cal_MLLS_AE,cal_RLLS_AE,cal_source_acc
10,97.1275327771156,96.8125536349148,97.27841118058109,97.2171141350987,97.27841118058109,97.26615177148462,0.041803429315849294,0.008250793029502879,0.00591979779693913,96.82481304401128,97.25389236238813,97.19259531690572,97.24163295329166,97.25389236238813,0.0372042157156906,0.0007167063252487282,0.004850122412558,97.12455303933254
