epoch,source_acc,target_acc_no_im,target_acc_oracle,target_acc_baseline,target_acc_MLLS,target_acc_RLLS,baseline_AE,MLLS_AE,RLLS_AE,cal_target_acc_no_im,cal_target_acc_oracle,cal_target_acc_baseline,cal_target_acc_MLLS,cal_target_acc_RLLS,cal_baseline_AE,cal_MLLS_AE,cal_RLLS_AE,cal_source_acc
10,97.1275327771156,66.65050896752302,71.51720794958798,67.59088705768299,67.92050412021328,67.65874939408629,0.5221790760336602,0.4797114520846093,0.5077349049600122,66.84440135724672,71.24575860397479,67.65874939408629,67.93989335918566,67.79447406689287,0.5165317147551263,0.4793099253950799,0.5034122973905515,97.12455303933254
