epoch,source_acc,target_acc_no_im,target_acc_oracle,target_acc_baseline,target_acc_MLLS,target_acc_RLLS,baseline_AE,MLLS_AE,RLLS_AE,cal_target_acc_no_im,cal_target_acc_oracle,cal_target_acc_baseline,cal_target_acc_MLLS,cal_target_acc_RLLS,cal_baseline_AE,cal_MLLS_AE,cal_RLLS_AE,cal_source_acc
9,96.96153846153847,96.72544080604534,97.98488664987406,97.22921914357683,97.48110831234257,97.22921914357683,0.03914274998495275,0.01756811412990726,0.05435451850114128,96.22166246851386,97.73299748110831,97.73299748110831,97.73299748110831,97.22921914357683,0.04406901826850422,0.024628705691794914,0.04867453002962398,97.34615384615385
