epoch,source_acc,target_acc_no_im,target_acc_oracle,target_acc_baseline,target_acc_MLLS,target_acc_RLLS,baseline_AE,MLLS_AE,RLLS_AE,cal_target_acc_no_im,cal_target_acc_oracle,cal_target_acc_baseline,cal_target_acc_MLLS,cal_target_acc_RLLS,cal_baseline_AE,cal_MLLS_AE,cal_RLLS_AE,cal_source_acc
9,98.76,97.2457627118644,99.15254237288136,98.30508474576271,98.30508474576271,98.30508474576271,0.05697195637438166,0.030085366298207773,0.04721350669945924,96.1864406779661,99.15254237288136,98.30508474576271,99.15254237288136,98.30508474576271,0.07311122977151138,0.01846474486845149,0.05969759869353281,98.75
