epoch,source_acc,target_acc_no_im,target_acc_oracle,target_acc_baseline,target_acc_MLLS,target_acc_RLLS,baseline_AE,MLLS_AE,RLLS_AE,cal_target_acc_no_im,cal_target_acc_oracle,cal_target_acc_baseline,cal_target_acc_MLLS,cal_target_acc_RLLS,cal_baseline_AE,cal_MLLS_AE,cal_RLLS_AE,cal_source_acc
10,99.79907327674582,40.940438871473354,46.26959247648903,42.13166144200627,42.69592476489028,42.13166144200627,0.7534551074582394,0.7412873761197055,0.7528122512284698,36.23824451410658,38.0564263322884,30.28213166144201,26.08150470219436,30.219435736677113,0.9271221746868661,1.4187258320753064,0.9274058054971454,99.96309509164719
