epoch,source_acc,target_acc_no_im,target_acc_oracle,target_acc_baseline,target_acc_MLLS,target_acc_RLLS,baseline_AE,MLLS_AE,RLLS_AE,cal_target_acc_no_im,cal_target_acc_oracle,cal_target_acc_baseline,cal_target_acc_MLLS,cal_target_acc_RLLS,cal_baseline_AE,cal_MLLS_AE,cal_RLLS_AE,cal_source_acc
33,85.11764705882354,52.033166742389824,52.01044979554747,51.65833711949114,51.66969559291231,51.66969559291231,0.19084165335676442,0.24272871026003404,0.23357446278110489,52.362562471603816,52.294411631076784,52.10131758291685,51.703771013175825,51.90822353475693,0.1580583770682816,0.2890623779692389,0.20385095670917786,85.94117647058823
