epoch,source_acc,target_acc_no_im,target_acc_oracle,target_acc_baseline,target_acc_MLLS,target_acc_RLLS,baseline_AE,MLLS_AE,RLLS_AE,cal_target_acc_no_im,cal_target_acc_oracle,cal_target_acc_baseline,cal_target_acc_MLLS,cal_target_acc_RLLS,cal_baseline_AE,cal_MLLS_AE,cal_RLLS_AE,cal_source_acc
49,77.59,61.51452282157677,60.788381742738586,55.91286307053942,50.10373443983403,53.00829875518672,0.3361264539170523,0.6913052079805232,0.536316163972135,62.448132780082986,61.61825726141079,57.572614107883815,53.00829875518672,55.290456431535276,0.3403655689212598,0.6552109400164291,0.5380867413410572,77.94
