epoch,source_acc,target_acc_no_im,target_acc_oracle,target_acc_baseline,target_acc_MLLS,target_acc_RLLS,baseline_AE,MLLS_AE,RLLS_AE,multarget_acc_oracle,multarget_acc_baseline,multarget_acc_MLLS,multarget_acc_RLLS
10,89.49630576868428,64.29552141222622,66.36809414841451,62.399476953252694,60.78457012095456,61.89604445897352,0.43796770698798343,0.5561038891833858,0.47961194787251615,65.81889506374633,61.68028767571102,59.97384766263485,61.01340307289964
