epoch,source_acc,target_acc_no_im,target_acc_oracle,target_acc_baseline,target_acc_MLLS,target_acc_RLLS,baseline_AE,MLLS_AE,RLLS_AE,cal_target_acc_no_im,cal_target_acc_oracle,cal_target_acc_baseline,cal_target_acc_MLLS,cal_target_acc_RLLS,cal_baseline_AE,cal_MLLS_AE,cal_RLLS_AE,cal_source_acc
44,67.38,58.69565217391305,59.36454849498328,58.52842809364549,58.52842809364549,57.859531772575245,0.35989804964989147,0.3605731350344833,0.4647536288825203,61.53846153846154,65.05016722408027,61.03678929765886,59.36454849498328,60.200668896321076,0.30617704609857505,0.45729539081444837,0.3803561121194344,70.0
