epoch,source_acc,target_acc_no_im,target_acc_oracle,target_acc_baseline,target_acc_MLLS,target_acc_RLLS,baseline_AE,MLLS_AE,RLLS_AE,multarget_acc_oracle,multarget_acc_baseline,multarget_acc_MLLS,multarget_acc_RLLS
7,98.82352941176471,85.6144578313253,86.89156626506023,85.49397590361446,85.46987951807229,85.51807228915662,0.2019726958700332,0.21624118356191246,0.2071420804563031,86.89156626506023,85.49397590361446,85.46987951807229,85.51807228915662
