epoch,source_acc,target_acc_no_im,target_acc_oracle,target_acc_baseline,target_acc_MLLS,target_acc_RLLS,baseline_AE,MLLS_AE,RLLS_AE,multarget_acc_oracle,multarget_acc_baseline,multarget_acc_MLLS,multarget_acc_RLLS
40,68.0,65.60283687943263,66.84397163120568,62.76595744680851,62.5886524822695,59.308510638297875,0.3255685091626348,0.3193770189445915,0.5334479260729963,66.84397163120568,62.76595744680851,62.5886524822695,59.308510638297875
