epoch,source_acc,target_acc_no_im,target_acc_oracle,target_acc_baseline,target_acc_MLLS,target_acc_RLLS,baseline_AE,MLLS_AE,RLLS_AE,multarget_acc_oracle,multarget_acc_baseline,multarget_acc_MLLS,multarget_acc_RLLS
39,78.2,43.47826086956522,69.56521739130434,43.47826086956522,43.47826086956522,43.47826086956522,1.1342128510574265,1.0451626632589734,1.1242230254620416,69.56521739130434,43.47826086956522,43.47826086956522,43.47826086956522
