epoch,source_acc,target_acc_no_im,target_acc_oracle,target_acc_baseline,target_acc_MLLS,target_acc_RLLS,baseline_AE,MLLS_AE,RLLS_AE,multarget_acc_oracle,multarget_acc_baseline,multarget_acc_MLLS,multarget_acc_RLLS
40,74.65384615384615,77.98036465638148,81.7671809256662,80.64516129032258,81.62692847124825,81.06591865357645,0.21696379172731958,0.08331966250675064,0.1614844303520023,81.7671809256662,80.64516129032258,81.62692847124825,81.06591865357645
