epoch,source_acc,target_acc_no_im,target_acc_oracle,target_acc_baseline,target_acc_MLLS,target_acc_RLLS,baseline_AE,MLLS_AE,RLLS_AE,cal_target_acc_no_im,cal_target_acc_oracle,cal_target_acc_baseline,cal_target_acc_MLLS,cal_target_acc_RLLS,cal_baseline_AE,cal_MLLS_AE,cal_RLLS_AE,cal_source_acc
33,85.11764705882354,84.62469733656174,85.35108958837773,84.98789346246973,84.98789346246973,85.10895883777239,0.07870717646585682,0.07246275939335978,0.07353304186840055,84.62469733656174,85.71428571428571,85.59322033898306,85.71428571428571,85.35108958837773,0.11019261624691126,0.09248973425369503,0.09826355579936455,85.94117647058823
