epoch,source_acc,target_acc_no_im,target_acc_oracle,target_acc_baseline,target_acc_MLLS,target_acc_RLLS,baseline_AE,MLLS_AE,RLLS_AE,multarget_acc_oracle,multarget_acc_baseline,multarget_acc_MLLS,multarget_acc_RLLS
40,68.0,40.34529759200364,40.37937301226715,37.85779191276693,36.347114947751024,35.790549750113584,0.41323575473346935,0.593274023356352,0.6850754528754393,40.37937301226715,37.85779191276693,36.347114947751024,35.790549750113584
