epoch,source_acc,target_acc_no_im,target_acc_oracle,target_acc_baseline,target_acc_MLLS,target_acc_RLLS,baseline_AE,MLLS_AE,RLLS_AE,cal_target_acc_no_im,cal_target_acc_oracle,cal_target_acc_baseline,cal_target_acc_MLLS,cal_target_acc_RLLS,cal_baseline_AE,cal_MLLS_AE,cal_RLLS_AE,cal_source_acc
30,73.53846153846155,39.12468438138752,39.18480221233618,38.86016592521342,38.7399302633161,38.59564746903932,0.19911370356542007,0.2660415302704515,0.29247169206843704,38.81207166045449,39.62967416135626,38.48743537333173,35.156907538776,36.984489599615245,0.21554136264241056,0.5243253880781181,0.3488153412539282,73.34615384615385
