epoch,source_acc,target_acc_no_im,target_acc_oracle,target_acc_baseline,target_acc_MLLS,target_acc_RLLS,baseline_AE,MLLS_AE,RLLS_AE,cal_target_acc_no_im,cal_target_acc_oracle,cal_target_acc_baseline,cal_target_acc_MLLS,cal_target_acc_RLLS,cal_baseline_AE,cal_MLLS_AE,cal_RLLS_AE,cal_source_acc
6,55.62814513993114,49.66498583960765,49.699523381916144,49.60281826345238,49.60281826345238,49.513020653450305,0.14991518072996257,0.15281478449410626,0.24795849914955348,50.83235476963459,51.02576500656213,50.70111210886233,45.54120328797403,49.16764523036541,0.14982942040205377,0.45503657782313633,0.2865754436906944,57.73814778847003
