epoch,source_acc,target_acc_no_im,target_acc_oracle,target_acc_baseline,target_acc_MLLS,target_acc_RLLS,baseline_AE,MLLS_AE,RLLS_AE,multarget_acc_oracle,multarget_acc_baseline,multarget_acc_MLLS,multarget_acc_RLLS
15,75.60386473429952,46.33431085043988,57.478005865102645,49.853372434017594,44.57478005865102,50.733137829912025,0.8702485416249421,0.9662325089565643,0.7750031577376364,57.478005865102645,49.120234604105576,51.17302052785924,49.120234604105576
