epoch,source_acc,target_acc_no_im,target_acc_oracle,target_acc_baseline,target_acc_MLLS,target_acc_RLLS,baseline_AE,MLLS_AE,RLLS_AE,cal_target_acc_no_im,cal_target_acc_oracle,cal_target_acc_baseline,cal_target_acc_MLLS,cal_target_acc_RLLS,cal_baseline_AE,cal_MLLS_AE,cal_RLLS_AE,cal_source_acc
8,95.7592339261286,72.04968944099379,75.15527950310559,69.56521739130434,67.08074534161491,69.56521739130434,0.4677581695759501,0.6174974987697107,0.4842006027363911,57.14285714285714,60.86956521739131,54.6583850931677,52.79503105590062,54.6583850931677,0.7107796706144004,0.9020520351508774,0.7299295301186244,96.58002735978111
