epoch,source_acc,target_acc_no_im,target_acc_oracle,target_acc_baseline,target_acc_MLLS,target_acc_RLLS,baseline_AE,MLLS_AE,RLLS_AE,cal_target_acc_no_im,cal_target_acc_oracle,cal_target_acc_baseline,cal_target_acc_MLLS,cal_target_acc_RLLS,cal_baseline_AE,cal_MLLS_AE,cal_RLLS_AE,cal_source_acc
40,80.07692307692308,38.36719971143442,38.49945893952146,38.439341108572805,38.475411807141995,38.45136467476253,0.17421477152379758,0.17401461167606122,0.18540445210972425,39.028495851869664,39.22087291090538,38.090657689070575,35.36130816400144,37.35722015149693,0.2632530440373806,0.5883800951122128,0.3678426912630833,80.88461538461539
