epoch,source_acc,target_acc_no_im,target_acc_oracle,target_acc_baseline,target_acc_MLLS,target_acc_RLLS,baseline_AE,MLLS_AE,RLLS_AE,multarget_acc_oracle,multarget_acc_baseline,multarget_acc_MLLS,multarget_acc_RLLS
4,69.19,70.24539877300614,63.65030674846626,61.809815950920246,46.62576687116564,42.8680981595092,0.15652886028487256,0.38055892493804355,0.549367504515244,63.65030674846626,61.809815950920246,46.62576687116564,42.8680981595092
