epoch,source_acc,target_acc_no_im,target_acc_oracle,target_acc_baseline,target_acc_MLLS,target_acc_RLLS,baseline_AE,MLLS_AE,RLLS_AE,multarget_acc_oracle,multarget_acc_baseline,multarget_acc_MLLS,multarget_acc_RLLS
10,99.43412473859024,46.91035683202785,57.789382071366404,49.12967798085292,50.0,49.21671018276763,0.8634343787190262,0.9416586322983123,0.8789305429348271,56.87554395126197,47.563098346388166,48.86858137510879,47.65013054830287
