epoch,source_acc,target_acc_no_im,target_acc_oracle,target_acc_baseline,target_acc_MLLS,target_acc_RLLS,baseline_AE,MLLS_AE,RLLS_AE,multarget_acc_oracle,multarget_acc_baseline,multarget_acc_MLLS,multarget_acc_RLLS
39,79.41666666666667,49.530956848030016,56.61038148843027,52.557848655409636,54.04627892432771,53.18323952470294,0.5245632335820876,0.3934170292057866,0.45734501869224325,56.61038148843027,52.557848655409636,54.04627892432771,53.18323952470294
