epoch,source_acc,target_acc_no_im,target_acc_oracle,target_acc_baseline,target_acc_MLLS,target_acc_RLLS,baseline_AE,MLLS_AE,RLLS_AE,cal_target_acc_no_im,cal_target_acc_oracle,cal_target_acc_baseline,cal_target_acc_MLLS,cal_target_acc_RLLS,cal_baseline_AE,cal_MLLS_AE,cal_RLLS_AE,cal_source_acc
29,58.2766840293105,59.74811083123426,59.69773299748111,59.59697732997481,59.59697732997481,59.026028547439125,0.14173624836388332,0.14839774188897703,0.28118846691385024,60.134340890008396,60.40302267002519,60.16792611251049,59.88245172124266,59.932829554995806,0.0914165710833638,0.1587055969363821,0.15448435221500068,59.053588770195105
