epoch,source_acc,target_acc_no_im,target_acc_oracle,target_acc_baseline,target_acc_MLLS,target_acc_RLLS,baseline_AE,MLLS_AE,RLLS_AE,multarget_acc_oracle,multarget_acc_baseline,multarget_acc_MLLS,multarget_acc_RLLS
7,98.82352941176471,87.06467661691542,89.51396861844623,87.75353999234596,87.8300803673938,87.67699961729812,0.20442293012900356,0.18626479512466196,0.2014484669140317,89.51396861844623,87.75353999234596,87.8300803673938,87.67699961729812
