epoch,source_acc,target_acc_no_im,target_acc_oracle,target_acc_baseline,target_acc_MLLS,target_acc_RLLS,baseline_AE,MLLS_AE,RLLS_AE,multarget_acc_oracle,multarget_acc_baseline,multarget_acc_MLLS,multarget_acc_RLLS
9,98.76,98.67060561299851,98.81831610044313,98.81831610044313,98.81831610044313,98.81831610044313,0.016657056214708855,0.011394156070847084,0.009453077076801115,98.81831610044313,98.81831610044313,98.81831610044313,98.81831610044313
