epoch,source_acc,target_acc_no_im,target_acc_oracle,target_acc_baseline,target_acc_MLLS,target_acc_RLLS,baseline_AE,MLLS_AE,RLLS_AE,cal_target_acc_no_im,cal_target_acc_oracle,cal_target_acc_baseline,cal_target_acc_MLLS,cal_target_acc_RLLS,cal_baseline_AE,cal_MLLS_AE,cal_RLLS_AE,cal_source_acc
44,65.3,43.08510638297872,50.53191489361703,43.88297872340425,43.88297872340425,43.61702127659575,0.7600152071476352,0.7514453842700953,0.785558656084414,52.659574468085104,57.97872340425532,52.12765957446809,46.808510638297875,50.53191489361703,0.5924274072681424,0.6801328826931252,0.5626642602356495,69.08
