epoch,source_acc,target_acc_no_im,target_acc_oracle,target_acc_baseline,target_acc_MLLS,target_acc_RLLS,baseline_AE,MLLS_AE,RLLS_AE,multarget_acc_oracle,multarget_acc_baseline,multarget_acc_MLLS,multarget_acc_RLLS
7,66.99037697536859,67.00251889168766,67.0864819479429,66.90176322418137,66.91855583543241,66.46515533165407,0.08844181740032682,0.10019340099182232,0.18236546362694797,66.61628883291351,66.51553316540722,66.63308144416456,66.39798488664988
