epoch,source_acc,target_acc_no_im,target_acc_oracle,target_acc_baseline,target_acc_MLLS,target_acc_RLLS,baseline_AE,MLLS_AE,RLLS_AE,cal_target_acc_no_im,cal_target_acc_oracle,cal_target_acc_baseline,cal_target_acc_MLLS,cal_target_acc_RLLS,cal_baseline_AE,cal_MLLS_AE,cal_RLLS_AE,cal_source_acc
9,79.93393009377664,78.66323907455013,80.05141388174806,78.86889460154242,78.40616966580977,78.71465295629821,0.20856174714357537,0.22475568191741363,0.2195704350327741,78.9203084832905,80.87403598971721,79.280205655527,78.20051413881748,78.76606683804627,0.20519196557878644,0.22634507011331617,0.21706054022328453,80.218101733447
