epoch,source_acc,target_acc_no_im,target_acc_oracle,target_acc_baseline,target_acc_MLLS,target_acc_RLLS,baseline_AE,MLLS_AE,RLLS_AE,cal_target_acc_no_im,cal_target_acc_oracle,cal_target_acc_baseline,cal_target_acc_MLLS,cal_target_acc_RLLS,cal_baseline_AE,cal_MLLS_AE,cal_RLLS_AE,cal_source_acc
30,73.53846153846155,38.46153846153847,38.46153846153847,38.46153846153847,38.46153846153847,38.46153846153847,0.20076031696337923,0.31451965918621194,0.3271742247907521,38.46153846153847,38.46153846153847,40.38461538461539,32.69230769230769,36.53846153846153,0.21343462154842344,0.5828957438322959,0.3929361180705045,73.34615384615385
