epoch,source_acc,target_acc_no_im,target_acc_oracle,target_acc_baseline,target_acc_MLLS,target_acc_RLLS,baseline_AE,MLLS_AE,RLLS_AE,multarget_acc_oracle,multarget_acc_baseline,multarget_acc_MLLS,multarget_acc_RLLS
8,64.26400476758045,74.70698148462715,73.77271955155426,70.76609478511976,70.01868523866146,59.28316629862409,0.3941668884087362,0.49874644141681573,0.9556146381215671,73.68778664854764,70.73212162391711,69.95073891625616,59.28316629862409
