epoch,source_acc,target_acc_no_im,target_acc_oracle,target_acc_baseline,target_acc_MLLS,target_acc_RLLS,baseline_AE,MLLS_AE,RLLS_AE,multarget_acc_oracle,multarget_acc_baseline,multarget_acc_MLLS,multarget_acc_RLLS
10,89.64194373401536,64.22287390029325,73.16715542521995,64.51612903225806,63.929618768328446,64.22287390029325,0.626433475471101,0.5924397591649335,0.623768736035792,72.87390029325513,62.75659824046921,63.34310850439883,62.17008797653959
