epoch,source_acc,target_acc_no_im,target_acc_oracle,target_acc_baseline,target_acc_MLLS,target_acc_RLLS,baseline_AE,MLLS_AE,RLLS_AE,multarget_acc_oracle,multarget_acc_baseline,multarget_acc_MLLS,multarget_acc_RLLS
49,82.76333789329685,89.1566265060241,89.1566265060241,83.13253012048193,77.10843373493977,80.72289156626506,0.2601119780952268,0.48263167586892425,0.3329831216508728,86.74698795180723,83.13253012048193,77.10843373493977,79.51807228915662
