epoch,source_acc,target_acc_no_im,target_acc_oracle,target_acc_baseline,target_acc_MLLS,target_acc_RLLS,baseline_AE,MLLS_AE,RLLS_AE,multarget_acc_oracle,multarget_acc_baseline,multarget_acc_MLLS,multarget_acc_RLLS
40,77.47058823529412,47.69422989550204,47.73966378918673,47.217174011812816,47.0581553839164,47.20581553839164,0.15480856047177358,0.23633376621928529,0.23135198134929386,47.73966378918673,47.217174011812816,47.0581553839164,47.20581553839164
