epoch,source_acc,target_acc_no_im,target_acc_oracle,target_acc_baseline,target_acc_MLLS,target_acc_RLLS,baseline_AE,MLLS_AE,RLLS_AE,cal_target_acc_no_im,cal_target_acc_oracle,cal_target_acc_baseline,cal_target_acc_MLLS,cal_target_acc_RLLS,cal_baseline_AE,cal_MLLS_AE,cal_RLLS_AE,cal_source_acc
44,64.34,47.340425531914896,51.329787234042556,47.07446808510639,47.340425531914896,45.744680851063826,0.6918494958963456,0.662857672436219,0.7424260648515874,53.98936170212766,62.23404255319149,56.11702127659575,52.12765957446809,55.85106382978723,0.5208821135010827,0.6071077737450581,0.5171190965049938,68.51
