epoch,source_acc,target_acc_no_im,target_acc_oracle,target_acc_baseline,target_acc_MLLS,target_acc_RLLS,baseline_AE,MLLS_AE,RLLS_AE,multarget_acc_oracle,multarget_acc_baseline,multarget_acc_MLLS,multarget_acc_RLLS
9,98.72999999999999,91.2850812407681,91.5805022156573,91.5805022156573,91.5805022156573,91.5805022156573,0.030416154477365582,0.032048526503409794,0.027204575223502163,91.5805022156573,91.5805022156573,91.5805022156573,91.5805022156573
