epoch,source_acc,target_acc_no_im,target_acc_oracle,target_acc_baseline,target_acc_MLLS,target_acc_RLLS,baseline_AE,MLLS_AE,RLLS_AE,multarget_acc_oracle,multarget_acc_baseline,multarget_acc_MLLS,multarget_acc_RLLS
15,76.30008525149191,76.0352422907489,79.38325991189427,76.82819383259913,76.56387665198238,75.68281938325991,0.33673257591697237,0.2940082078604427,0.3216776156632728,78.76651982378856,76.2114537444934,75.94713656387665,75.24229074889868
