epoch,source_acc,target_acc_no_im,target_acc_oracle,target_acc_baseline,target_acc_MLLS,target_acc_RLLS,baseline_AE,MLLS_AE,RLLS_AE,multarget_acc_oracle,multarget_acc_baseline,multarget_acc_MLLS,multarget_acc_RLLS
10,97.03333333333333,97.61904761904762,100.0,97.61904761904762,100.0,97.61904761904762,0.05596042539171786,0.01687814976044355,0.058437603600354424,100.0,97.61904761904762,100.0,97.61904761904762
