epoch,source_acc,target_acc_no_im,target_acc_oracle,target_acc_baseline,target_acc_MLLS,target_acc_RLLS,baseline_AE,MLLS_AE,RLLS_AE,cal_target_acc_no_im,cal_target_acc_oracle,cal_target_acc_baseline,cal_target_acc_MLLS,cal_target_acc_RLLS,cal_baseline_AE,cal_MLLS_AE,cal_RLLS_AE,cal_source_acc
44,94.43,83.89955686853766,87.59231905465288,85.81979320531758,86.70605612998523,85.81979320531758,0.26863879190986234,0.1783285052880117,0.2498754562979964,83.45642540620383,88.18316100443131,86.2629246676514,86.41063515509602,86.2629246676514,0.2778682992071398,0.19551271855751362,0.2558268216037612,94.42
