epoch,source_acc,target_acc_no_im,target_acc_oracle,target_acc_baseline,target_acc_MLLS,target_acc_RLLS,baseline_AE,MLLS_AE,RLLS_AE,multarget_acc_oracle,multarget_acc_baseline,multarget_acc_MLLS,multarget_acc_RLLS
10,89.62773515203183,89.60396039603961,89.87052551408988,89.68012185833967,89.56587966488956,89.52779893373953,0.09730391767078664,0.10717162204199857,0.11736549977033568,89.56587966488956,89.45163747143945,89.33739527798934,89.33739527798934
