epoch,source_acc,target_acc_no_im,target_acc_oracle,target_acc_baseline,target_acc_MLLS,target_acc_RLLS,baseline_AE,MLLS_AE,RLLS_AE,cal_target_acc_no_im,cal_target_acc_oracle,cal_target_acc_baseline,cal_target_acc_MLLS,cal_target_acc_RLLS,cal_baseline_AE,cal_MLLS_AE,cal_RLLS_AE,cal_source_acc
8,95.86710369487486,57.92434529582929,57.969608794051084,57.97607500808277,58.040737148399614,58.034270934367925,0.23772368884340983,0.29832371820515546,0.267882462026896,58.86194633042354,58.72615583575816,57.5881021661817,55.758163595215,57.277723892660845,0.5287200466419861,0.8521349946520944,0.58543777723053,97.11859356376638
