epoch,source_acc,target_acc_no_im,target_acc_oracle,target_acc_baseline,target_acc_MLLS,target_acc_RLLS,baseline_AE,MLLS_AE,RLLS_AE,cal_target_acc_no_im,cal_target_acc_oracle,cal_target_acc_baseline,cal_target_acc_MLLS,cal_target_acc_RLLS,cal_baseline_AE,cal_MLLS_AE,cal_RLLS_AE,cal_source_acc
10,97.1275327771156,76.55215884021432,76.59943271352033,76.70973841790104,76.66246454459503,76.69398046013237,0.0613038153667913,0.050857982160614545,0.058317425884101715,76.58367475575164,76.64670658682635,76.59943271352033,76.615190671289,76.615190671289,0.06456258011059623,0.05705981564717155,0.06225682841842223,97.12455303933254
