epoch,source_acc,cal_source_acc
1,97.08,97.08
2,97.23,97.23
3,97.85000000000001,97.85000000000001
4,97.95,97.95
5,97.92,97.92
6,98.5,98.5
7,98.4,98.4
8,98.68,98.68
9,98.76,98.76
10,98.75,98.75
