epoch,source_acc,target_acc_no_im,target_acc_oracle,target_acc_baseline,target_acc_MLLS,target_acc_RLLS,baseline_AE,MLLS_AE,RLLS_AE,multarget_acc_oracle,multarget_acc_baseline,multarget_acc_MLLS,multarget_acc_RLLS
28,51.6641652688267,52.816020025031285,53.94242803504381,52.816020025031285,52.31539424280351,50.438047559449316,0.2777252969045937,0.29162591819116346,0.4188720889023703,53.066332916145186,52.56570713391739,52.19023779724657,50.438047559449316
