epoch,source_acc,target_acc_no_im,target_acc_oracle,target_acc_baseline,target_acc_MLLS,target_acc_RLLS,baseline_AE,MLLS_AE,RLLS_AE,multarget_acc_oracle,multarget_acc_baseline,multarget_acc_MLLS,multarget_acc_RLLS
28,49.24516641652688,50.193548387096776,57.03225806451613,49.67741935483871,51.09677419354839,48.645161290322584,0.5367007787150873,0.4123181032403782,0.6170836695476644,57.16129032258065,51.354838709677416,52.12903225806451,49.67741935483871
