epoch,source_acc,target_acc_no_im,target_acc_oracle,target_acc_baseline,target_acc_MLLS,target_acc_RLLS,baseline_AE,MLLS_AE,RLLS_AE,multarget_acc_oracle,multarget_acc_baseline,multarget_acc_MLLS,multarget_acc_RLLS
49,59.870000000000005,48.02904564315353,49.066390041493776,44.91701244813278,20.228215767634854,38.796680497925315,0.23179801164728228,1.2901871319169436,0.39578405793365423,49.066390041493776,44.91701244813278,20.228215767634854,38.796680497925315
