epoch,source_acc,target_acc_no_im,target_acc_oracle,target_acc_baseline,target_acc_MLLS,target_acc_RLLS,baseline_AE,MLLS_AE,RLLS_AE,multarget_acc_oracle,multarget_acc_baseline,multarget_acc_MLLS,multarget_acc_RLLS
10,99.51430274135876,92.21616261774913,93.00941993058998,92.83589489340605,92.83589489340605,92.83589489340605,0.14156180586948452,0.1254999038232809,0.13541859966933045,92.9846306395637,92.83589489340605,92.83589489340605,92.83589489340605
