epoch,source_acc,target_acc_no_im,target_acc_oracle,target_acc_baseline,target_acc_MLLS,target_acc_RLLS,baseline_AE,MLLS_AE,RLLS_AE,multarget_acc_oracle,multarget_acc_baseline,multarget_acc_MLLS,multarget_acc_RLLS
39,79.76666666666667,55.55555555555556,62.22222222222222,60.0,58.88888888888889,58.88888888888889,0.3453559766833981,0.38618875304475986,0.41903023446733445,62.22222222222222,60.0,58.88888888888889,58.88888888888889
