epoch,source_acc,target_acc_no_im,target_acc_oracle,target_acc_baseline,target_acc_MLLS,target_acc_RLLS,baseline_AE,MLLS_AE,RLLS_AE,multarget_acc_oracle,multarget_acc_baseline,multarget_acc_MLLS,multarget_acc_RLLS
40,84.9076923076923,63.10097246205581,63.06158926353419,61.89827016874185,61.42870126329183,61.40143597200763,0.19035531964116145,0.26876881884580206,0.25897081392317167,63.06158926353419,61.89827016874185,61.42870126329183,61.40143597200763
