epoch,source_acc,cal_source_acc
1,58.65630793678821,58.65630793678821
2,63.441334863600254,63.441334863600254
3,64.39480886377682,64.39480886377682
4,65.04811512315706,65.04811512315706
5,64.9068597157235,64.9068597157235
6,65.6925929195727,65.6925929195727
7,66.91092080868721,66.91092080868721
8,66.35472764191755,66.35472764191755
9,66.8844354197934,66.8844354197934
10,66.85795003089962,66.85795003089962
