epoch,source_acc,target_acc_no_im,target_acc_oracle,target_acc_baseline,target_acc_MLLS,target_acc_RLLS,baseline_AE,MLLS_AE,RLLS_AE,multarget_acc_oracle,multarget_acc_baseline,multarget_acc_MLLS,multarget_acc_RLLS
10,98.03076923076924,83.22232055521916,83.34342540407098,83.22232055521916,83.19903116120918,83.21300479761517,0.10951439026170383,0.11380260917716632,0.11161138302043831,83.34342540407098,83.22232055521916,83.19903116120918,83.21300479761517
