epoch,source_acc,target_acc_no_im,target_acc_oracle,target_acc_baseline,target_acc_MLLS,target_acc_RLLS,baseline_AE,MLLS_AE,RLLS_AE,cal_target_acc_no_im,cal_target_acc_oracle,cal_target_acc_baseline,cal_target_acc_MLLS,cal_target_acc_RLLS,cal_baseline_AE,cal_MLLS_AE,cal_RLLS_AE,cal_source_acc
46,90.2872777017784,50.19011406844106,51.71102661596958,47.52851711026616,30.798479087452474,47.90874524714829,0.48265729846694855,1.1983857497053956,0.5358142814977271,50.57034220532319,51.33079847908745,47.90874524714829,42.585551330798474,47.90874524714829,0.6151245133728828,0.8277977679399312,0.6745846573556628,92.61285909712723
