epoch,source_acc,target_acc_no_im,target_acc_oracle,target_acc_baseline,target_acc_MLLS,target_acc_RLLS,baseline_AE,MLLS_AE,RLLS_AE,cal_target_acc_no_im,cal_target_acc_oracle,cal_target_acc_baseline,cal_target_acc_MLLS,cal_target_acc_RLLS,cal_baseline_AE,cal_MLLS_AE,cal_RLLS_AE,cal_source_acc
20,79.55740267121342,40.318566450970636,45.146839223494275,39.82080637132902,39.87058237929318,39.62170233947238,0.702859079089162,0.7371592289504896,0.722445469054263,43.90243902439025,47.48631159780985,43.504230960676956,36.78446988551518,43.15579890492782,0.6237570463159317,0.9651970978646498,0.6535777727151393,81.34057971014492
