epoch,source_acc,target_acc_no_im,target_acc_oracle,target_acc_baseline,target_acc_MLLS,target_acc_RLLS,baseline_AE,MLLS_AE,RLLS_AE,multarget_acc_oracle,multarget_acc_baseline,multarget_acc_MLLS,multarget_acc_RLLS
7,98.82352941176471,82.14447978191731,82.13312130849614,81.53112221717402,81.45161290322581,81.4970467969105,0.16335220561650113,0.18383727521922902,0.16901328072059799,82.13312130849614,81.53112221717402,81.45161290322581,81.4970467969105
