epoch,source_acc,target_acc_no_im,target_acc_oracle,target_acc_baseline,target_acc_MLLS,target_acc_RLLS,baseline_AE,MLLS_AE,RLLS_AE,multarget_acc_oracle,multarget_acc_baseline,multarget_acc_MLLS,multarget_acc_RLLS
9,90.10000000000001,82.6086956521739,83.11036789297658,82.77591973244147,82.10702341137124,82.10702341137124,0.19009576901913397,0.20344525168223124,0.20242607529240444,83.11036789297658,82.77591973244147,82.10702341137124,82.10702341137124
