epoch,source_acc,target_acc_no_im,target_acc_oracle,target_acc_baseline,target_acc_MLLS,target_acc_RLLS,baseline_AE,MLLS_AE,RLLS_AE,cal_target_acc_no_im,cal_target_acc_oracle,cal_target_acc_baseline,cal_target_acc_MLLS,cal_target_acc_RLLS,cal_baseline_AE,cal_MLLS_AE,cal_RLLS_AE,cal_source_acc
29,58.2766840293105,60.451977401129945,61.101694915254235,60.64971751412429,60.84745762711864,60.564971751412436,0.20523346336175752,0.19624945478379358,0.33741974700910515,61.016949152542374,62.31638418079096,61.80790960451977,61.80790960451977,62.03389830508475,0.22122363339008577,0.2145955047024743,0.22160473208331843,59.053588770195105
