epoch,source_acc,target_acc_no_im,target_acc_oracle,target_acc_baseline,target_acc_MLLS,target_acc_RLLS,baseline_AE,MLLS_AE,RLLS_AE,multarget_acc_oracle,multarget_acc_baseline,multarget_acc_MLLS,multarget_acc_RLLS
49,82.9001367989056,41.12903225806452,58.06451612903226,45.16129032258064,36.29032258064516,46.774193548387096,0.7409843572550603,1.0538978781753763,0.7216272759837337,55.64516129032258,41.12903225806452,37.903225806451616,41.935483870967744
