epoch,source_acc,target_acc_no_im,target_acc_oracle,target_acc_baseline,target_acc_MLLS,target_acc_RLLS,baseline_AE,MLLS_AE,RLLS_AE,cal_target_acc_no_im,cal_target_acc_oracle,cal_target_acc_baseline,cal_target_acc_MLLS,cal_target_acc_RLLS,cal_baseline_AE,cal_MLLS_AE,cal_RLLS_AE,cal_source_acc
30,73.53846153846155,79.00923593618808,79.42905121746432,79.00923593618808,79.09319899244332,79.09319899244332,0.12557693307798617,0.08457216757524048,0.1123657786251678,78.33753148614609,78.58942065491183,78.25356842989085,78.50545759865659,78.84130982367759,0.15574646882687818,0.11147266647588433,0.13014336173581947,73.34615384615385
