epoch,source_acc,target_acc_no_im,target_acc_oracle,target_acc_baseline,target_acc_MLLS,target_acc_RLLS,baseline_AE,MLLS_AE,RLLS_AE,cal_target_acc_no_im,cal_target_acc_oracle,cal_target_acc_baseline,cal_target_acc_MLLS,cal_target_acc_RLLS,cal_baseline_AE,cal_MLLS_AE,cal_RLLS_AE,cal_source_acc
44,68.88,70.12448132780082,70.4356846473029,69.91701244813278,69.81327800829875,69.1908713692946,0.21500684993720276,0.22377010009780957,0.3423252254785651,71.78423236514523,71.57676348547717,71.36929460580913,69.50207468879668,70.0207468879668,0.15999727113813902,0.2517182810889717,0.24779171521410473,70.30999999999999
