epoch,source_acc,target_acc_no_im,target_acc_oracle,target_acc_baseline,target_acc_MLLS,target_acc_RLLS,baseline_AE,MLLS_AE,RLLS_AE,multarget_acc_oracle,multarget_acc_baseline,multarget_acc_MLLS,multarget_acc_RLLS
8,83.94815256257449,77.27105553512321,82.61615790118915,77.32009317150913,78.71766580850803,77.35687139879857,0.49212888855771636,0.37017194409207915,0.4906081905120024,82.56712026480324,77.19749908054432,78.6073311266397,77.2097584896408
