epoch,source_acc,target_acc_no_im,target_acc_oracle,target_acc_baseline,target_acc_MLLS,target_acc_RLLS,baseline_AE,MLLS_AE,RLLS_AE,cal_target_acc_no_im,cal_target_acc_oracle,cal_target_acc_baseline,cal_target_acc_MLLS,cal_target_acc_RLLS,cal_baseline_AE,cal_MLLS_AE,cal_RLLS_AE,cal_source_acc
41,86.72999999999999,61.86440677966102,71.61016949152543,62.28813559322034,62.5,62.71186440677966,0.6878566902320263,0.6544492069821236,0.5870175109557294,80.50847457627118,83.89830508474576,83.05084745762711,82.41525423728814,82.83898305084746,0.29955132193547684,0.1886764423315795,0.2325453348260407,92.28
