epoch,source_acc,target_acc_no_im,target_acc_oracle,target_acc_baseline,target_acc_MLLS,target_acc_RLLS,baseline_AE,MLLS_AE,RLLS_AE,multarget_acc_oracle,multarget_acc_baseline,multarget_acc_MLLS,multarget_acc_RLLS
40,73.1923076923077,42.30769230769231,42.30769230769231,36.53846153846153,38.46153846153847,36.53846153846153,0.4147488419682934,0.8310639280576225,0.611112234227224,42.30769230769231,36.53846153846153,38.46153846153847,36.53846153846153
