epoch,source_acc,target_acc_no_im,target_acc_oracle,target_acc_baseline,target_acc_MLLS,target_acc_RLLS,baseline_AE,MLLS_AE,RLLS_AE,cal_target_acc_no_im,cal_target_acc_oracle,cal_target_acc_baseline,cal_target_acc_MLLS,cal_target_acc_RLLS,cal_baseline_AE,cal_MLLS_AE,cal_RLLS_AE,cal_source_acc
10,99.98359781850986,99.96721848877233,99.96721848877233,99.96721848877233,99.96721848877233,99.96721848877233,0.0006666211913578246,0.0006669415663234923,0.000667051305737909,99.96721848877233,99.96721848877233,99.96721848877233,99.96721848877233,99.96721848877233,0.0006556407861574021,0.0006556407861574021,0.0006559635774889064,99.98359781850986
