epoch,source_acc,target_acc_no_im,target_acc_oracle,target_acc_baseline,target_acc_MLLS,target_acc_RLLS,baseline_AE,MLLS_AE,RLLS_AE,cal_target_acc_no_im,cal_target_acc_oracle,cal_target_acc_baseline,cal_target_acc_MLLS,cal_target_acc_RLLS,cal_baseline_AE,cal_MLLS_AE,cal_RLLS_AE,cal_source_acc
29,58.2766840293105,52.56124721603563,58.57461024498887,55.01113585746103,56.347438752783965,56.792873051224944,0.4341676019839805,0.36872092854629746,0.45087115100296904,51.44766146993318,59.68819599109132,56.792873051224944,57.46102449888642,56.347438752783965,0.46711055898699194,0.341984315849282,0.4562287413203508,59.053588770195105
