epoch,source_acc,target_acc_no_im,target_acc_oracle,target_acc_baseline,target_acc_MLLS,target_acc_RLLS,baseline_AE,MLLS_AE,RLLS_AE,multarget_acc_oracle,multarget_acc_baseline,multarget_acc_MLLS,multarget_acc_RLLS
40,84.9076923076923,88.28154249344816,90.78996630475477,89.74166978659677,89.89142643204792,88.58105578435043,0.11007035961489706,0.07161332282019087,0.1358880534590171,90.78996630475477,89.74166978659677,89.89142643204792,88.58105578435043
