epoch,source_acc,target_acc_no_im,target_acc_oracle,target_acc_baseline,target_acc_MLLS,target_acc_RLLS,baseline_AE,MLLS_AE,RLLS_AE,cal_target_acc_no_im,cal_target_acc_oracle,cal_target_acc_baseline,cal_target_acc_MLLS,cal_target_acc_RLLS,cal_baseline_AE,cal_MLLS_AE,cal_RLLS_AE,cal_source_acc
7,66.91092080868721,59.61870553291428,59.812115769841824,59.51509290598881,59.231885059059195,58.94867721212959,0.17807686894415753,0.2149679263178284,0.28871966998175513,59.8811908544588,60.44760654831802,59.76376321060993,58.38226151827036,58.78289700904884,0.13958339105705742,0.29764244053156347,0.2564441825695378,67.24640240134192
