epoch,source_acc,target_acc_no_im,target_acc_oracle,target_acc_baseline,target_acc_MLLS,target_acc_RLLS,baseline_AE,MLLS_AE,RLLS_AE,cal_target_acc_no_im,cal_target_acc_oracle,cal_target_acc_baseline,cal_target_acc_MLLS,cal_target_acc_RLLS,cal_baseline_AE,cal_MLLS_AE,cal_RLLS_AE,cal_source_acc
9,79.93393009377664,41.91363251481795,46.994072819644366,37.764606265876374,30.228619813717188,36.40982218458933,0.7503214659038879,1.2299625108690857,0.8624764332298329,43.09906858594412,46.74005080440305,39.45808636748519,33.53090601185436,37.42591024555462,0.7522357746811279,1.13860959519388,0.8607422531145003,80.218101733447
