epoch,source_acc,target_acc_no_im,target_acc_oracle,target_acc_baseline,target_acc_MLLS,target_acc_RLLS,baseline_AE,MLLS_AE,RLLS_AE,cal_target_acc_no_im,cal_target_acc_oracle,cal_target_acc_baseline,cal_target_acc_MLLS,cal_target_acc_RLLS,cal_baseline_AE,cal_MLLS_AE,cal_RLLS_AE,cal_source_acc
6,55.84885671404608,54.67008797653959,54.780058651026394,54.706744868035194,54.706744868035194,54.50146627565983,0.13149934476788125,0.1293221415132844,0.25377752488542704,56.04105571847507,55.99706744868035,55.989736070381234,52.96187683284458,55.41055718475073,0.11084050552513591,0.35066876611563524,0.24492805189573252,57.38500926988611
