epoch,source_acc,target_acc_no_im,target_acc_oracle,target_acc_baseline,target_acc_MLLS,target_acc_RLLS,baseline_AE,MLLS_AE,RLLS_AE,cal_target_acc_no_im,cal_target_acc_oracle,cal_target_acc_baseline,cal_target_acc_MLLS,cal_target_acc_RLLS,cal_baseline_AE,cal_MLLS_AE,cal_RLLS_AE,cal_source_acc
33,85.11764705882354,85.71428571428571,85.71428571428571,85.71428571428571,85.71428571428571,82.85714285714286,0.2215420937664541,0.22837728096970492,0.2607717468024335,85.71428571428571,85.71428571428571,85.71428571428571,85.71428571428571,85.71428571428571,0.2194743906280824,0.2773135265601533,0.2612266272283759,85.94117647058823
