epoch,source_acc,target_acc_no_im,target_acc_oracle,target_acc_baseline,target_acc_MLLS,target_acc_RLLS,baseline_AE,MLLS_AE,RLLS_AE,cal_target_acc_no_im,cal_target_acc_oracle,cal_target_acc_baseline,cal_target_acc_MLLS,cal_target_acc_RLLS,cal_baseline_AE,cal_MLLS_AE,cal_RLLS_AE,cal_source_acc
40,80.11764705882352,54.976303317535546,71.09004739336493,58.29383886255924,60.18957345971564,62.55924170616114,0.7902829577325361,0.7001291080488341,0.26911768145217013,85.78199052132702,91.9431279620853,89.57345971563981,90.04739336492891,90.52132701421802,0.36499000831079004,0.10559498314269132,0.16766495017028976,86.82352941176471
