epoch,source_acc,target_acc_no_im,target_acc_oracle,target_acc_baseline,target_acc_MLLS,target_acc_RLLS,baseline_AE,MLLS_AE,RLLS_AE,cal_target_acc_no_im,cal_target_acc_oracle,cal_target_acc_baseline,cal_target_acc_MLLS,cal_target_acc_RLLS,cal_baseline_AE,cal_MLLS_AE,cal_RLLS_AE,cal_source_acc
40,88.41176470588236,53.51807228915663,54.24096385542169,53.71084337349398,53.662650602409634,53.68674698795181,0.3440046081952302,0.3393061975650041,0.3371041006790658,55.78313253012048,57.30120481927711,56.07228915662651,55.56626506024096,55.92771084337349,0.317057842077261,0.43477197170033155,0.34859897141957147,88.3529411764706
