epoch,source_acc,target_acc_no_im,target_acc_oracle,target_acc_baseline,target_acc_MLLS,target_acc_RLLS,baseline_AE,MLLS_AE,RLLS_AE,multarget_acc_oracle,multarget_acc_baseline,multarget_acc_MLLS,multarget_acc_RLLS
39,78.2,54.074074074074076,57.77777777777777,53.333333333333336,54.81481481481482,54.81481481481482,0.247159066134029,0.3360755467580416,0.3242428420804427,57.77777777777777,53.333333333333336,54.81481481481482,54.81481481481482
