epoch,source_acc,target_acc_no_im,target_acc_oracle,target_acc_baseline,target_acc_MLLS,target_acc_RLLS,baseline_AE,MLLS_AE,RLLS_AE,cal_target_acc_no_im,cal_target_acc_oracle,cal_target_acc_baseline,cal_target_acc_MLLS,cal_target_acc_RLLS,cal_baseline_AE,cal_MLLS_AE,cal_RLLS_AE,cal_source_acc
9,96.96153846153847,71.09534687988457,71.39593603462787,70.97511121798725,70.9510640856078,71.02320548274619,0.18155381371093238,0.23043885800021785,0.19061003650713018,70.2777443789828,70.49416857039797,69.91703739329085,69.62847180473727,69.88096669472166,0.21348364761277713,0.28748518199047024,0.22239126440538878,97.34615384615385
