epoch,source_acc,target_acc_no_im,target_acc_oracle,target_acc_baseline,target_acc_MLLS,target_acc_RLLS,baseline_AE,MLLS_AE,RLLS_AE,multarget_acc_oracle,multarget_acc_baseline,multarget_acc_MLLS,multarget_acc_RLLS
40,68.0,41.988950276243095,65.65377532228361,49.90791896869245,55.432780847145494,51.93370165745856,0.8769019137327019,0.5883957593791075,0.7719975464558784,65.65377532228361,49.90791896869245,55.432780847145494,51.93370165745856
