epoch,source_acc,target_acc_no_im,target_acc_oracle,target_acc_baseline,target_acc_MLLS,target_acc_RLLS,baseline_AE,MLLS_AE,RLLS_AE,multarget_acc_oracle,multarget_acc_baseline,multarget_acc_MLLS,multarget_acc_RLLS
49,82.76333789329685,37.29003359462486,38.40985442329227,35.27435610302352,21.612541993281077,34.266517357222845,0.37614781924493174,1.2839200380641145,0.42734561231808577,37.73796192609182,34.93840985442329,22.17245240761478,34.93840985442329
