epoch,source_acc,target_acc_no_im,target_acc_oracle,target_acc_baseline,target_acc_MLLS,target_acc_RLLS,baseline_AE,MLLS_AE,RLLS_AE,multarget_acc_oracle,multarget_acc_baseline,multarget_acc_MLLS,multarget_acc_RLLS
7,66.9285777346164,60.426884022932924,60.654831802168964,60.26110381985218,60.12986115907992,59.79830075291842,0.1732665761871277,0.20722717646498723,0.30622360815522937,59.964080955999165,59.67396560060786,59.653243075222775,59.28023761829109
