epoch,source_acc,target_acc_no_im,target_acc_oracle,target_acc_baseline,target_acc_MLLS,target_acc_RLLS,baseline_AE,MLLS_AE,RLLS_AE,cal_target_acc_no_im,cal_target_acc_oracle,cal_target_acc_baseline,cal_target_acc_MLLS,cal_target_acc_RLLS,cal_baseline_AE,cal_MLLS_AE,cal_RLLS_AE,cal_source_acc
9,90.09,84.8360655737705,89.34426229508196,85.24590163934425,85.65573770491804,85.24590163934425,0.2601630692011833,0.2189762555772773,0.24968093649855128,86.0655737704918,88.9344262295082,85.65573770491804,86.0655737704918,85.65573770491804,0.2854950285386249,0.2266649043303861,0.239140679671795,90.48
