epoch,source_acc,target_acc_no_im,target_acc_oracle,target_acc_baseline,target_acc_MLLS,target_acc_RLLS,baseline_AE,MLLS_AE,RLLS_AE,cal_target_acc_no_im,cal_target_acc_oracle,cal_target_acc_baseline,cal_target_acc_MLLS,cal_target_acc_RLLS,cal_baseline_AE,cal_MLLS_AE,cal_RLLS_AE,cal_source_acc
8,97.72050059594756,97.81393980982257,97.88256053328105,97.82374277031664,97.86295461229291,97.85315165179884,0.031167937162377923,0.018999141540698594,0.01978795108900172,97.87275757278698,97.94137829624546,97.94137829624546,97.95118125673955,97.94137829624546,0.014993263128259271,0.0046381169584773785,0.003563231670201339,97.71156138259833
