epoch,source_acc,target_acc_no_im,target_acc_oracle,target_acc_baseline,target_acc_MLLS,target_acc_RLLS,baseline_AE,MLLS_AE,RLLS_AE,multarget_acc_oracle,multarget_acc_baseline,multarget_acc_MLLS,multarget_acc_RLLS
49,42.44,41.80327868852459,59.42622950819673,42.62295081967213,56.9672131147541,42.21311475409836,0.940906677406556,0.5231777277847414,0.8571227684629776,59.42622950819673,42.62295081967213,56.9672131147541,42.21311475409836
