epoch,source_acc,target_acc_no_im,target_acc_oracle,target_acc_baseline,target_acc_MLLS,target_acc_RLLS,baseline_AE,MLLS_AE,RLLS_AE,cal_target_acc_no_im,cal_target_acc_oracle,cal_target_acc_baseline,cal_target_acc_MLLS,cal_target_acc_RLLS,cal_baseline_AE,cal_MLLS_AE,cal_RLLS_AE,cal_source_acc
30,73.53846153846155,34.42121366649668,46.60887302396736,36.00203977562468,36.511983681795,37.225905150433455,0.9177283702844689,0.8175877269783923,0.7279774764921392,34.115247322794495,52.42223355430903,38.85772565017848,42.42733299337073,41.56042835288118,0.9442066290697927,0.6277461509674677,0.6933365810952319,73.34615384615385
