epoch,source_acc,target_acc_no_im,target_acc_oracle,target_acc_baseline,target_acc_MLLS,target_acc_RLLS,baseline_AE,MLLS_AE,RLLS_AE,cal_target_acc_no_im,cal_target_acc_oracle,cal_target_acc_baseline,cal_target_acc_MLLS,cal_target_acc_RLLS,cal_baseline_AE,cal_MLLS_AE,cal_RLLS_AE,cal_source_acc
38,79.96666666666667,49.906716417910445,50.2021144278607,49.98445273631841,49.948175787728026,49.9948175787728,0.169619538356391,0.2131373623685655,0.21577190665204188,49.642412935323385,50.150290215588726,49.55431177446103,48.79249585406302,49.310737976782754,0.17788771207862925,0.3322251024941727,0.23429881286544388,80.2
