epoch,source_acc,target_acc_no_im,target_acc_oracle,target_acc_baseline,target_acc_MLLS,target_acc_RLLS,baseline_AE,MLLS_AE,RLLS_AE,multarget_acc_oracle,multarget_acc_baseline,multarget_acc_MLLS,multarget_acc_RLLS
8,90.38140643623362,53.42704798836646,63.470673776054284,50.625302956858945,50.17935046049442,49.84973339796413,0.8677617996512139,0.9022446661768639,0.9263104346504112,63.36403296170625,50.49927290353854,50.024236548715464,49.66553562772661
