epoch,source_acc,target_acc_no_im,target_acc_oracle,target_acc_baseline,target_acc_MLLS,target_acc_RLLS,baseline_AE,MLLS_AE,RLLS_AE,cal_target_acc_no_im,cal_target_acc_oracle,cal_target_acc_baseline,cal_target_acc_MLLS,cal_target_acc_RLLS,cal_baseline_AE,cal_MLLS_AE,cal_RLLS_AE,cal_source_acc
20,80.1825802784882,44.975482183720175,47.368421052631575,44.94279176201373,44.903563255966,44.766263484798955,0.5482389521264494,0.6230147493249082,0.5701890341009207,46.35501797973194,48.1203007518797,45.07355344883949,38.358940830336714,43.89669826740765,0.532991294140851,0.9443334555023144,0.5900746563646208,81.5359477124183
