epoch,source_acc,target_acc_no_im,target_acc_oracle,target_acc_baseline,target_acc_MLLS,target_acc_RLLS,baseline_AE,MLLS_AE,RLLS_AE,multarget_acc_oracle,multarget_acc_baseline,multarget_acc_MLLS,multarget_acc_RLLS
28,49.24516641652688,51.79509632224168,52.5831873905429,50.525394045534156,50.78809106830122,47.285464098073554,0.26327541172282193,0.25474082972167983,0.5370002267427237,52.84588441330998,51.0507880910683,51.26970227670753,47.8984238178634
