epoch,source_acc,target_acc_no_im,target_acc_oracle,target_acc_baseline,target_acc_MLLS,target_acc_RLLS,baseline_AE,MLLS_AE,RLLS_AE,cal_target_acc_no_im,cal_target_acc_oracle,cal_target_acc_baseline,cal_target_acc_MLLS,cal_target_acc_RLLS,cal_baseline_AE,cal_MLLS_AE,cal_RLLS_AE,cal_source_acc
40,89.64615384615384,89.60565306587645,89.788010029633,89.67403692728516,89.67403692728516,89.7196261682243,0.06434083591992937,0.05894511800105653,0.04730200344397556,90.19831319808526,90.58582174606794,90.4718486437201,90.51743788465923,90.49464326418966,0.041981008846388355,0.030552411679936796,0.033517422302080345,90.1076923076923
