epoch,source_acc,target_acc_no_im,target_acc_oracle,target_acc_baseline,target_acc_MLLS,target_acc_RLLS,baseline_AE,MLLS_AE,RLLS_AE,multarget_acc_oracle,multarget_acc_baseline,multarget_acc_MLLS,multarget_acc_RLLS
9,98.72,62.48715313463515,66.39260020554984,59.815005138746145,59.1983556012333,59.91778006166495,0.5301820097255683,0.6113542506235814,0.5354919707923415,66.39260020554984,59.815005138746145,59.1983556012333,59.91778006166495
