epoch,source_acc,target_acc_no_im,target_acc_oracle,target_acc_baseline,target_acc_MLLS,target_acc_RLLS,baseline_AE,MLLS_AE,RLLS_AE,cal_target_acc_no_im,cal_target_acc_oracle,cal_target_acc_baseline,cal_target_acc_MLLS,cal_target_acc_RLLS,cal_baseline_AE,cal_MLLS_AE,cal_RLLS_AE,cal_source_acc
40,89.0,80.38461538461539,80.38461538461539,80.38461538461539,80.38461538461539,80.38461538461539,0.06692973839548916,0.0709504330387482,0.08488995262379312,81.92307692307692,81.92307692307692,81.53846153846153,81.15384615384616,81.15384615384616,0.07116262328166229,0.11744850214857322,0.09630679941685472,89.12307692307692
