epoch,source_acc,target_acc_no_im,target_acc_oracle,target_acc_baseline,target_acc_MLLS,target_acc_RLLS,baseline_AE,MLLS_AE,RLLS_AE,multarget_acc_oracle,multarget_acc_baseline,multarget_acc_MLLS,multarget_acc_RLLS
49,59.56,43.56846473029046,43.87966804979253,38.07053941908713,17.531120331950206,33.09128630705394,0.2855309214640053,1.4366271133084998,0.49608735466679815,43.87966804979253,38.07053941908713,17.531120331950206,33.09128630705394
