epoch,source_acc,target_acc_no_im,target_acc_oracle,target_acc_baseline,target_acc_MLLS,target_acc_RLLS,baseline_AE,MLLS_AE,RLLS_AE,cal_target_acc_no_im,cal_target_acc_oracle,cal_target_acc_baseline,cal_target_acc_MLLS,cal_target_acc_RLLS,cal_baseline_AE,cal_MLLS_AE,cal_RLLS_AE,cal_source_acc
9,96.96153846153847,93.54838709677419,93.54838709677419,93.54838709677419,93.54838709677419,93.54838709677419,0.12950663040961416,0.1335417206489272,0.1472288411911513,96.7741935483871,96.7741935483871,90.32258064516128,90.32258064516128,90.32258064516128,0.14438894735381988,0.1923085993797383,0.14956141727121802,97.34615384615385
