epoch,source_acc,target_acc_no_im,target_acc_oracle,target_acc_baseline,target_acc_MLLS,target_acc_RLLS,baseline_AE,MLLS_AE,RLLS_AE,cal_target_acc_no_im,cal_target_acc_oracle,cal_target_acc_baseline,cal_target_acc_MLLS,cal_target_acc_RLLS,cal_baseline_AE,cal_MLLS_AE,cal_RLLS_AE,cal_source_acc
44,94.43,84.78931140801645,85.40596094552929,83.55601233299075,82.8365878725591,83.35046248715314,0.20444343299753312,0.26540279133821565,0.23463383059913914,84.27543679342241,84.99486125385405,82.63103802672148,81.80883864337102,82.32271325796505,0.21608449765629414,0.2910451789071663,0.2508635998796705,94.42
