epoch,source_acc,target_acc_no_im,target_acc_oracle,target_acc_baseline,target_acc_MLLS,target_acc_RLLS,baseline_AE,MLLS_AE,RLLS_AE,multarget_acc_oracle,multarget_acc_baseline,multarget_acc_MLLS,multarget_acc_RLLS
10,96.39972116291466,42.14731585518102,53.433208489388264,41.72284644194757,40.64918851435706,41.6729088639201,0.806643009668079,0.8725584937059571,0.8041379830998567,52.234706616729085,41.6729088639201,40.574282147315856,41.8227215980025
