epoch,source_acc,target_acc_no_im,target_acc_oracle,target_acc_baseline,target_acc_MLLS,target_acc_RLLS,baseline_AE,MLLS_AE,RLLS_AE,cal_target_acc_no_im,cal_target_acc_oracle,cal_target_acc_baseline,cal_target_acc_MLLS,cal_target_acc_RLLS,cal_baseline_AE,cal_MLLS_AE,cal_RLLS_AE,cal_source_acc
7,99.47923073768811,60.75235109717868,65.70532915360502,60.25078369905956,59.49843260188088,60.31347962382445,0.6442211724613023,0.6963032459293269,0.646044758561156,59.12225705329154,61.25391849529781,56.61442006269593,55.04702194357367,56.61442006269593,0.71295063489651,0.8111949373214125,0.7151979840569502,99.65145364333456
