epoch,source_acc,target_acc_no_im,target_acc_oracle,target_acc_baseline,target_acc_MLLS,target_acc_RLLS,baseline_AE,MLLS_AE,RLLS_AE,multarget_acc_oracle,multarget_acc_baseline,multarget_acc_MLLS,multarget_acc_RLLS
10,97.03333333333333,73.33333333333333,73.33333333333333,72.91666666666666,72.91666666666666,72.91666666666666,0.16967027634382248,0.1954191867262125,0.18002568099279775,73.33333333333333,72.91666666666666,72.91666666666666,72.91666666666666
