epoch,source_acc,target_acc_no_im,target_acc_oracle,target_acc_baseline,target_acc_MLLS,target_acc_RLLS,baseline_AE,MLLS_AE,RLLS_AE,cal_target_acc_no_im,cal_target_acc_oracle,cal_target_acc_baseline,cal_target_acc_MLLS,cal_target_acc_RLLS,cal_baseline_AE,cal_MLLS_AE,cal_RLLS_AE,cal_source_acc
9,90.09,92.21311475409836,95.49180327868852,93.44262295081968,94.26229508196722,94.26229508196722,0.14789367704345813,0.10248242514634008,0.14452182509333986,91.39344262295081,94.26229508196722,93.85245901639344,93.85245901639344,93.44262295081968,0.1706831049055299,0.10019461648039539,0.14403354283530778,90.48
