epoch,source_acc,target_acc_no_im,target_acc_oracle,target_acc_baseline,target_acc_MLLS,target_acc_RLLS,baseline_AE,MLLS_AE,RLLS_AE,multarget_acc_oracle,multarget_acc_baseline,multarget_acc_MLLS,multarget_acc_RLLS
7,99.49153237380571,60.85474939656397,64.16299872213546,57.87306545506177,56.041459605281844,57.87306545506177,0.6717736605556737,0.7834652261577602,0.6732104349135133,63.353684509442,57.06375124236831,55.34573335226466,57.077949737327835
