epoch,source_acc,target_acc_no_im,target_acc_oracle,target_acc_baseline,target_acc_MLLS,target_acc_RLLS,baseline_AE,MLLS_AE,RLLS_AE,multarget_acc_oracle,multarget_acc_baseline,multarget_acc_MLLS,multarget_acc_RLLS
8,55.092371871275326,42.58800198314328,55.751115518096185,36.31631135349529,37.82845810609817,13.485374318294497,1.130784377123261,1.0549970116867071,1.8526121600053789,55.65195835399107,36.0932077342588,37.72930094199306,13.485374318294497
