epoch,source_acc,target_acc_no_im,target_acc_oracle,target_acc_baseline,target_acc_MLLS,target_acc_RLLS,baseline_AE,MLLS_AE,RLLS_AE,cal_target_acc_no_im,cal_target_acc_oracle,cal_target_acc_baseline,cal_target_acc_MLLS,cal_target_acc_RLLS,cal_baseline_AE,cal_MLLS_AE,cal_RLLS_AE,cal_source_acc
40,83.13333333333334,39.587242026266416,43.402126328955596,40.21263289555972,40.412757973733584,40.40025015634772,0.7287731857850375,0.7058841043963255,0.7066279854714292,42.251407129455906,45.42839274546592,43.56472795497186,30.869293308317697,36.335209505941215,0.5733379258672294,1.1333443570910198,0.7704696675115816,83.23333333333333
