epoch,source_acc,target_acc_no_im,target_acc_oracle,target_acc_baseline,target_acc_MLLS,target_acc_RLLS,baseline_AE,MLLS_AE,RLLS_AE,multarget_acc_oracle,multarget_acc_baseline,multarget_acc_MLLS,multarget_acc_RLLS
40,72.5,37.97258979206049,44.32892249527411,38.09073724007561,37.948960302457465,37.61814744801512,0.6330890252689756,0.6309585987668598,0.65930509133896,44.32892249527411,38.09073724007561,37.948960302457465,37.61814744801512
