epoch,source_acc,target_acc_no_im,target_acc_oracle,target_acc_baseline,target_acc_MLLS,target_acc_RLLS,baseline_AE,MLLS_AE,RLLS_AE,multarget_acc_oracle,multarget_acc_baseline,multarget_acc_MLLS,multarget_acc_RLLS
39,78.2,78.5918420368927,78.7737074564822,77.73447648739933,77.96830345544298,77.39672642244739,0.14521875727663308,0.12976459939459623,0.19577457917471927,78.7737074564822,77.73447648739933,77.96830345544298,77.39672642244739
