epoch,source_acc,target_acc_no_im,target_acc_oracle,target_acc_baseline,target_acc_MLLS,target_acc_RLLS,baseline_AE,MLLS_AE,RLLS_AE,multarget_acc_oracle,multarget_acc_baseline,multarget_acc_MLLS,multarget_acc_RLLS
49,81.94254445964432,46.942800788954635,48.12623274161736,42.998027613412226,30.37475345167653,41.02564102564102,0.4011675459755258,1.2274590082624508,0.43012814671618294,45.75936883629191,40.03944773175542,30.37475345167653,39.25049309664694
