epoch,source_acc,target_acc_no_im,target_acc_oracle,target_acc_baseline,target_acc_MLLS,target_acc_RLLS,baseline_AE,MLLS_AE,RLLS_AE,multarget_acc_oracle,multarget_acc_baseline,multarget_acc_MLLS,multarget_acc_RLLS
10,99.51728247914183,99.32573249969352,99.36251072698296,99.36251072698296,99.36251072698296,99.36251072698296,0.007530937383934011,0.005893955419822683,0.0025769942631502785,99.36251072698296,99.36251072698296,99.36251072698296,99.36251072698296
