epoch,source_acc,target_acc_no_im,target_acc_oracle,target_acc_baseline,target_acc_MLLS,target_acc_RLLS,baseline_AE,MLLS_AE,RLLS_AE,multarget_acc_oracle,multarget_acc_baseline,multarget_acc_MLLS,multarget_acc_RLLS
9,90.13,81.84647302904564,82.15767634854771,81.53526970954357,81.43153526970954,81.53526970954357,0.17374712423734456,0.19073735130950806,0.18663450919030639,82.15767634854771,81.53526970954357,81.43153526970954,81.53526970954357
