epoch,source_acc,target_acc_no_im,target_acc_oracle,target_acc_baseline,target_acc_MLLS,target_acc_RLLS,baseline_AE,MLLS_AE,RLLS_AE,cal_target_acc_no_im,cal_target_acc_oracle,cal_target_acc_baseline,cal_target_acc_MLLS,cal_target_acc_RLLS,cal_baseline_AE,cal_MLLS_AE,cal_RLLS_AE,cal_source_acc
33,85.11764705882354,82.35294117647058,82.35294117647058,80.88235294117648,80.88235294117648,80.88235294117648,0.18874244786360683,0.20805855489829006,0.23916226732090465,80.88235294117648,80.88235294117648,80.88235294117648,80.88235294117648,80.88235294117648,0.14897464237668934,0.21372594706275883,0.19573010601401136,85.94117647058823
