epoch,source_acc,target_acc_no_im,target_acc_oracle,target_acc_baseline,target_acc_MLLS,target_acc_RLLS,baseline_AE,MLLS_AE,RLLS_AE,multarget_acc_oracle,multarget_acc_baseline,multarget_acc_MLLS,multarget_acc_RLLS
4,69.19,68.63496932515338,61.65644171779141,57.05521472392638,32.668711656441715,34.04907975460122,0.18054146285345946,0.8668701719438838,0.8833510174816637,61.65644171779141,57.05521472392638,32.668711656441715,34.04907975460122
