epoch,source_acc,target_acc_no_im,target_acc_oracle,target_acc_baseline,target_acc_MLLS,target_acc_RLLS,baseline_AE,MLLS_AE,RLLS_AE,multarget_acc_oracle,multarget_acc_baseline,multarget_acc_MLLS,multarget_acc_RLLS
9,90.08,92.21311475409836,95.49180327868852,93.44262295081968,94.26229508196722,94.26229508196722,0.14789159730765056,0.10252180925845387,0.14448332462014638,95.49180327868852,93.44262295081968,94.26229508196722,94.26229508196722
