epoch,source_acc,target_acc_no_im,target_acc_oracle,target_acc_baseline,target_acc_MLLS,target_acc_RLLS,baseline_AE,MLLS_AE,RLLS_AE,multarget_acc_oracle,multarget_acc_baseline,multarget_acc_MLLS,multarget_acc_RLLS
10,99.43412473859024,27.00560194482613,27.31212345418032,22.132966916816404,19.353133918190466,22.080118380720855,0.9682294346669922,1.435063092799151,0.9963769764437141,27.28041433252299,22.101257795159075,19.416552161505127,22.006130430187085
