epoch,source_acc,target_acc_no_im,target_acc_oracle,target_acc_baseline,target_acc_MLLS,target_acc_RLLS,baseline_AE,MLLS_AE,RLLS_AE,cal_target_acc_no_im,cal_target_acc_oracle,cal_target_acc_baseline,cal_target_acc_MLLS,cal_target_acc_RLLS,cal_baseline_AE,cal_MLLS_AE,cal_RLLS_AE,cal_source_acc
10,98.03076923076924,100.0,100.0,100.0,100.0,100.0,0.016775488432933444,0.010796317795537566,0.010988924026133735,96.22641509433963,98.11320754716981,98.11320754716981,96.22641509433963,98.11320754716981,0.05373822043859616,0.06384143014526313,0.046537088666548036,98.15384615384616
