epoch,source_acc,target_acc_no_im,target_acc_oracle,target_acc_baseline,target_acc_MLLS,target_acc_RLLS,baseline_AE,MLLS_AE,RLLS_AE,cal_target_acc_no_im,cal_target_acc_oracle,cal_target_acc_baseline,cal_target_acc_MLLS,cal_target_acc_RLLS,cal_baseline_AE,cal_MLLS_AE,cal_RLLS_AE,cal_source_acc
7,99.47923073768811,59.8324577594775,63.169104074968054,56.26863552463439,54.224052250461455,56.22604003975579,0.6975349894261043,0.8210633165204952,0.699227211497937,60.812153911685364,66.40636092574186,58.35581428368592,56.325429504472524,58.3416157887264,0.6750041334020391,0.7791782109128729,0.677372716297693,99.65145364333456
