epoch,source_acc,target_acc_no_im,target_acc_oracle,target_acc_baseline,target_acc_MLLS,target_acc_RLLS,baseline_AE,MLLS_AE,RLLS_AE,cal_target_acc_no_im,cal_target_acc_oracle,cal_target_acc_baseline,cal_target_acc_MLLS,cal_target_acc_RLLS,cal_baseline_AE,cal_MLLS_AE,cal_RLLS_AE,cal_source_acc
7,66.91092080868721,60.75488858572078,61.16416552978626,60.45172047900561,60.37592845232681,59.72411702288919,0.19356165042449097,0.22247466605848118,0.3013571954022923,60.80036380172806,62.013036228588746,61.0428982871002,59.26936486281643,59.769592238896465,0.17660428518727977,0.3098958221038992,0.2717497097044953,67.24640240134192
