epoch,source_acc,target_acc_no_im,target_acc_oracle,target_acc_baseline,target_acc_MLLS,target_acc_RLLS,baseline_AE,MLLS_AE,RLLS_AE,multarget_acc_oracle,multarget_acc_baseline,multarget_acc_MLLS,multarget_acc_RLLS
8,95.7592339261286,81.00558659217877,82.68156424581005,79.88826815642457,78.77094972067039,79.88826815642457,0.24539216260709307,0.29969627871704885,0.25561977396355556,81.56424581005587,79.60893854748603,78.77094972067039,80.16759776536313
