epoch,source_acc,target_acc_no_im,target_acc_oracle,target_acc_baseline,target_acc_MLLS,target_acc_RLLS,baseline_AE,MLLS_AE,RLLS_AE,cal_target_acc_no_im,cal_target_acc_oracle,cal_target_acc_baseline,cal_target_acc_MLLS,cal_target_acc_RLLS,cal_baseline_AE,cal_MLLS_AE,cal_RLLS_AE,cal_source_acc
20,75.45467462347257,4.562533548040794,5.00984075863303,4.285203077473609,0.1878690284487386,4.213633923778851,0.6568393370639575,nan,0.761046944239392,2.871712292002147,2.737520128824477,1.556629092860977,0.31311504741456436,1.350867775988549,0.8597159255963078,1.9937268248632414,0.9951860035775268,81.39386189258312
