epoch,source_acc,target_acc_no_im,target_acc_oracle,target_acc_baseline,target_acc_MLLS,target_acc_RLLS,baseline_AE,MLLS_AE,RLLS_AE,cal_target_acc_no_im,cal_target_acc_oracle,cal_target_acc_baseline,cal_target_acc_MLLS,cal_target_acc_RLLS,cal_baseline_AE,cal_MLLS_AE,cal_RLLS_AE,cal_source_acc
10,99.51728247914183,99.33233410546396,99.42771494754054,99.40046327837581,99.40046327837581,99.42771494754054,0.010371033740329522,0.00801447470216729,0.0037644571481872113,99.40046327837581,99.56397329336421,99.55034745878186,99.56397329336421,99.56397329336421,0.010455270004558342,0.000658486676502007,0.0007847942997285806,99.53516090584029
