epoch,source_acc,target_acc_no_im,target_acc_oracle,target_acc_baseline,target_acc_MLLS,target_acc_RLLS,baseline_AE,MLLS_AE,RLLS_AE,cal_target_acc_no_im,cal_target_acc_oracle,cal_target_acc_baseline,cal_target_acc_MLLS,cal_target_acc_RLLS,cal_baseline_AE,cal_MLLS_AE,cal_RLLS_AE,cal_source_acc
44,94.43,83.74233128834356,84.58588957055214,83.43558282208589,83.35889570552148,83.28220858895705,0.16774938781202936,0.20128926616504877,0.17996802502106216,83.5122699386503,84.73926380368098,83.0521472392638,83.35889570552148,83.20552147239265,0.17153230835140848,0.20685167964890688,0.18377414427113017,94.42
