epoch,source_acc,target_acc_no_im,target_acc_oracle,target_acc_baseline,target_acc_MLLS,target_acc_RLLS,baseline_AE,MLLS_AE,RLLS_AE,cal_target_acc_no_im,cal_target_acc_oracle,cal_target_acc_baseline,cal_target_acc_MLLS,cal_target_acc_RLLS,cal_baseline_AE,cal_MLLS_AE,cal_RLLS_AE,cal_source_acc
10,97.1275327771156,76.57550535077289,76.67742483438083,76.71139799558348,76.74537115678613,76.67742483438083,0.10594008702747443,0.08098648328296759,0.09862215227857052,76.57550535077289,76.74537115678613,76.71139799558348,76.72838457618482,76.67742483438083,0.10840304035656073,0.08849151272289374,0.10224550550613515,97.12455303933254
