epoch,source_acc,target_acc_no_im,target_acc_oracle,target_acc_baseline,target_acc_MLLS,target_acc_RLLS,baseline_AE,MLLS_AE,RLLS_AE,cal_target_acc_no_im,cal_target_acc_oracle,cal_target_acc_baseline,cal_target_acc_MLLS,cal_target_acc_RLLS,cal_baseline_AE,cal_MLLS_AE,cal_RLLS_AE,cal_source_acc
7,66.91092080868721,68.46057571964957,69.83729662077597,68.96120150187734,69.0863579474343,68.46057571964957,0.1744066713889855,0.1890821388680782,0.2800246969082374,69.21151439299123,70.96370463078848,70.08760951188987,69.71214017521903,69.21151439299123,0.17882168724345174,0.24125510498888306,0.2604757808670129,67.24640240134192
