epoch,source_acc,target_acc_no_im,target_acc_oracle,target_acc_baseline,target_acc_MLLS,target_acc_RLLS,baseline_AE,MLLS_AE,RLLS_AE,multarget_acc_oracle,multarget_acc_baseline,multarget_acc_MLLS,multarget_acc_RLLS
8,97.19904648390941,51.62241887905604,65.8122266300478,49.51683450310243,48.17414301698708,49.31339639914556,0.8674968023979703,0.9498920579636136,0.8833882780945973,65.69016376767368,49.39477164072831,47.97070491303021,49.16081782117791
