epoch,source_acc,target_acc_no_im,target_acc_oracle,target_acc_baseline,target_acc_MLLS,target_acc_RLLS,baseline_AE,MLLS_AE,RLLS_AE,cal_target_acc_no_im,cal_target_acc_oracle,cal_target_acc_baseline,cal_target_acc_MLLS,cal_target_acc_RLLS,cal_baseline_AE,cal_MLLS_AE,cal_RLLS_AE,cal_source_acc
9,96.96153846153847,96.15384615384616,96.15384615384616,96.15384615384616,96.15384615384616,96.15384615384616,0.07982472588236514,0.08505602252597991,0.09900032128197592,98.07692307692307,98.07692307692307,96.15384615384616,94.23076923076923,96.15384615384616,0.09866193839563772,0.15570981007322884,0.10865510827970559,97.34615384615385
