epoch,source_acc,target_acc_no_im,target_acc_oracle,target_acc_baseline,target_acc_MLLS,target_acc_RLLS,baseline_AE,MLLS_AE,RLLS_AE,multarget_acc_oracle,multarget_acc_baseline,multarget_acc_MLLS,multarget_acc_RLLS
7,99.49153237380571,64.16888550779764,65.99467478128565,62.66641308482313,61.63940661848611,62.64739444655763,0.5510480669249146,0.6441251656428276,0.5526161542335836,65.36705971852416,61.86763027767211,61.10688474705211,61.82959300114111
