epoch,source_acc,target_acc_no_im,target_acc_oracle,target_acc_baseline,target_acc_MLLS,target_acc_RLLS,baseline_AE,MLLS_AE,RLLS_AE,cal_target_acc_no_im,cal_target_acc_oracle,cal_target_acc_baseline,cal_target_acc_MLLS,cal_target_acc_RLLS,cal_baseline_AE,cal_MLLS_AE,cal_RLLS_AE,cal_source_acc
38,79.96666666666667,81.68352601156069,82.51445086705202,82.36994219653178,82.40606936416185,82.36994219653178,0.08074095488843545,0.0528563004999147,0.05517859625752829,81.53901734104046,82.36994219653178,82.15317919075144,82.44219653179191,82.55057803468208,0.1068172183512263,0.046594024977695214,0.05381419597640228,80.2
