epoch,source_acc,target_acc_no_im,target_acc_oracle,target_acc_baseline,target_acc_MLLS,target_acc_RLLS,baseline_AE,MLLS_AE,RLLS_AE,multarget_acc_oracle,multarget_acc_baseline,multarget_acc_MLLS,multarget_acc_RLLS
39,79.56666666666666,81.71965317919076,82.55057803468208,82.36994219653178,82.29768786127167,82.04479768786128,0.10189435465229037,0.05023674458006901,0.07059585256520043,82.55057803468208,82.36994219653178,82.29768786127167,82.04479768786128
