epoch,source_acc,target_acc_no_im,target_acc_oracle,target_acc_baseline,target_acc_MLLS,target_acc_RLLS,baseline_AE,MLLS_AE,RLLS_AE,multarget_acc_oracle,multarget_acc_baseline,multarget_acc_MLLS,multarget_acc_RLLS
40,72.5,76.32241813602015,76.74223341729639,76.15449202350966,76.15449202350966,74.72712006717045,0.2096755744593795,0.17200880810089791,0.25391676568419247,76.74223341729639,76.15449202350966,76.15449202350966,74.72712006717045
