epoch,source_acc,target_acc_no_im,target_acc_oracle,target_acc_baseline,target_acc_MLLS,target_acc_RLLS,baseline_AE,MLLS_AE,RLLS_AE,multarget_acc_oracle,multarget_acc_baseline,multarget_acc_MLLS,multarget_acc_RLLS
10,89.6490480250071,70.7250341997264,78.24897400820794,71.13543091655266,70.58823529411765,70.86183310533517,0.49340071060789104,0.5019697618508645,0.4893824504745575,77.01778385772914,71.13543091655266,70.17783857729138,70.7250341997264
