epoch,source_acc,target_acc_no_im,target_acc_oracle,target_acc_baseline,target_acc_MLLS,target_acc_RLLS,baseline_AE,MLLS_AE,RLLS_AE,cal_target_acc_no_im,cal_target_acc_oracle,cal_target_acc_baseline,cal_target_acc_MLLS,cal_target_acc_RLLS,cal_baseline_AE,cal_MLLS_AE,cal_RLLS_AE,cal_source_acc
40,78.9,71.11111111111111,75.55555555555556,71.11111111111111,72.22222222222221,72.22222222222221,0.38713523383355797,0.37546357497986815,0.461218488555519,76.66666666666667,75.55555555555556,75.55555555555556,73.33333333333333,73.33333333333333,0.25022779809724954,0.3367264342427879,0.30794474248571246,81.0
