epoch,source_acc,target_acc_no_im,target_acc_oracle,target_acc_baseline,target_acc_MLLS,target_acc_RLLS,baseline_AE,MLLS_AE,RLLS_AE,cal_target_acc_no_im,cal_target_acc_oracle,cal_target_acc_baseline,cal_target_acc_MLLS,cal_target_acc_RLLS,cal_baseline_AE,cal_MLLS_AE,cal_RLLS_AE,cal_source_acc
29,58.2766840293105,60.858143607705784,61.1646234676007,60.94570928196147,60.90192644483362,60.551663747810856,0.1530970127613506,0.1564564789272925,0.28454454967976994,61.42732049036778,61.82136602451839,61.690017513134855,61.20840630472855,61.12084063047285,0.11817598882012112,0.16572435902505941,0.1523014509551963,59.053588770195105
