epoch,source_acc,target_acc_no_im,target_acc_oracle,target_acc_baseline,target_acc_MLLS,target_acc_RLLS,baseline_AE,MLLS_AE,RLLS_AE,multarget_acc_oracle,multarget_acc_baseline,multarget_acc_MLLS,multarget_acc_RLLS
40,84.9076923076923,74.39024390243902,79.26829268292683,75.60975609756098,75.60975609756098,76.82926829268293,0.3592940800959562,0.26406368937441194,0.3310730647518154,79.26829268292683,75.60975609756098,75.60975609756098,76.82926829268293
