epoch,source_acc,target_acc_no_im,target_acc_oracle,target_acc_baseline,target_acc_MLLS,target_acc_RLLS,baseline_AE,MLLS_AE,RLLS_AE,multarget_acc_oracle,multarget_acc_baseline,multarget_acc_MLLS,multarget_acc_RLLS
8,78.56674612634087,64.91347595040196,78.11690966071671,63.85066085297725,67.72039787436981,63.06036244719989,0.7207515134337423,0.5136280848505972,0.7707394994924939,77.96702548031067,63.72802834173593,67.54326202479902,62.89685243221147
