epoch,source_acc,target_acc_no_im,target_acc_oracle,target_acc_baseline,target_acc_MLLS,target_acc_RLLS,baseline_AE,MLLS_AE,RLLS_AE,cal_target_acc_no_im,cal_target_acc_oracle,cal_target_acc_baseline,cal_target_acc_MLLS,cal_target_acc_RLLS,cal_baseline_AE,cal_MLLS_AE,cal_RLLS_AE,cal_source_acc
40,88.23529411764706,53.52112676056338,53.52112676056338,53.52112676056338,53.52112676056338,53.509768287142215,0.06757840959999249,0.07787431104752705,0.0791491698257583,53.80508859609269,53.759654702408,53.39618355293049,52.76010904134484,53.293957292139936,0.2002097042002417,0.3631508024134375,0.24704496951682095,88.52941176470588
