epoch,source_acc,target_acc_no_im,target_acc_oracle,target_acc_baseline,target_acc_MLLS,target_acc_RLLS,baseline_AE,MLLS_AE,RLLS_AE,cal_target_acc_no_im,cal_target_acc_oracle,cal_target_acc_baseline,cal_target_acc_MLLS,cal_target_acc_RLLS,cal_baseline_AE,cal_MLLS_AE,cal_RLLS_AE,cal_source_acc
10,99.51728247914183,93.03926320891905,93.95055744062046,93.73727581192438,93.76635967038294,93.73727581192438,0.12982709105593804,0.11394081409556511,0.12444522804433528,93.73727581192438,95.60833737275813,95.21085797382453,95.34658264663112,95.23994183228308,0.12649608548266533,0.07436787481886986,0.11856771830947532,99.53516090584029
