epoch,source_acc,target_acc_no_im,target_acc_oracle,target_acc_baseline,target_acc_MLLS,target_acc_RLLS,baseline_AE,MLLS_AE,RLLS_AE,multarget_acc_oracle,multarget_acc_baseline,multarget_acc_MLLS,multarget_acc_RLLS
28,50.50763662046438,45.96028497802031,46.76368046081552,45.80870092466272,45.823859329998484,43.92905866302865,0.23066366149276485,0.2736384667086557,0.49601280754351545,45.020463847203274,44.03516750037896,44.217068364408064,42.41321812945278
