epoch,source_acc,target_acc_no_im,target_acc_oracle,target_acc_baseline,target_acc_MLLS,target_acc_RLLS,baseline_AE,MLLS_AE,RLLS_AE,cal_target_acc_no_im,cal_target_acc_oracle,cal_target_acc_baseline,cal_target_acc_MLLS,cal_target_acc_RLLS,cal_baseline_AE,cal_MLLS_AE,cal_RLLS_AE,cal_source_acc
7,99.47923073768811,99.65062111801242,99.65062111801242,99.65062111801242,99.65062111801242,99.65062111801242,0.004314203052463356,0.0037435377768662986,0.006900018589490299,99.57298136645963,99.76708074534162,99.76708074534162,99.76708074534162,99.76708074534162,0.0035762136790507965,0.0018645639224729865,0.0020031736441526813,99.65145364333456
