epoch,source_acc,target_acc_no_im,target_acc_oracle,target_acc_baseline,target_acc_MLLS,target_acc_RLLS,baseline_AE,MLLS_AE,RLLS_AE,multarget_acc_oracle,multarget_acc_baseline,multarget_acc_MLLS,multarget_acc_RLLS
8,97.19904648390941,85.78223203669101,85.4934601664685,85.5104467470698,85.45948700526584,85.4934601664685,0.060464782900734926,0.024591161198540712,0.04608194858161857,85.47647358586717,85.57839306947511,85.54441990827246,85.4934601664685
