epoch,source_acc,target_acc_no_im,target_acc_oracle,target_acc_baseline,target_acc_MLLS,target_acc_RLLS,baseline_AE,MLLS_AE,RLLS_AE,multarget_acc_oracle,multarget_acc_baseline,multarget_acc_MLLS,multarget_acc_RLLS
49,42.44,37.295081967213115,54.50819672131148,38.114754098360656,34.42622950819672,36.885245901639344,0.9850333198641624,1.0398201756633538,0.8980040723772539,54.50819672131148,38.114754098360656,34.42622950819672,36.885245901639344
