epoch,source_acc,target_acc_no_im,target_acc_oracle,target_acc_baseline,target_acc_MLLS,target_acc_RLLS,baseline_AE,MLLS_AE,RLLS_AE,cal_target_acc_no_im,cal_target_acc_oracle,cal_target_acc_baseline,cal_target_acc_MLLS,cal_target_acc_RLLS,cal_baseline_AE,cal_MLLS_AE,cal_RLLS_AE,cal_source_acc
46,90.2872777017784,93.97590361445783,95.18072289156626,89.1566265060241,86.74698795180723,91.56626506024097,0.1970510706810438,0.29403871552202115,0.2559063699869065,90.36144578313254,92.7710843373494,91.56626506024097,90.36144578313254,90.36144578313254,0.19561615237376592,0.22951930950383975,0.2352770195201874,92.61285909712723
