epoch,source_acc,target_acc_no_im,target_acc_oracle,target_acc_baseline,target_acc_MLLS,target_acc_RLLS,baseline_AE,MLLS_AE,RLLS_AE,multarget_acc_oracle,multarget_acc_baseline,multarget_acc_MLLS,multarget_acc_RLLS
39,79.58333333333333,80.50570962479608,80.48939641109298,80.30995106035888,80.2773246329527,80.2283849918434,0.04485878080895344,0.05515641640950766,0.06633956994074533,80.48939641109298,80.30995106035888,80.2773246329527,80.2283849918434
