epoch,source_acc,target_acc_no_im,target_acc_oracle,target_acc_baseline,target_acc_MLLS,target_acc_RLLS,baseline_AE,MLLS_AE,RLLS_AE,cal_target_acc_no_im,cal_target_acc_oracle,cal_target_acc_baseline,cal_target_acc_MLLS,cal_target_acc_RLLS,cal_baseline_AE,cal_MLLS_AE,cal_RLLS_AE,cal_source_acc
10,97.1275327771156,76.00396628656421,85.07684680218146,79.64799206742687,81.38324243926624,80.26772434308378,0.36540217664375363,0.20947930183544217,0.32588672632185184,76.25185919682697,84.65542885473477,79.64799206742687,80.81308874566187,80.06941001487358,0.35538075831070004,0.22009149160518704,0.31998828968874227,97.12455303933254
