epoch,source_acc,target_acc_no_im,target_acc_oracle,target_acc_baseline,target_acc_MLLS,target_acc_RLLS,baseline_AE,MLLS_AE,RLLS_AE,cal_target_acc_no_im,cal_target_acc_oracle,cal_target_acc_baseline,cal_target_acc_MLLS,cal_target_acc_RLLS,cal_baseline_AE,cal_MLLS_AE,cal_RLLS_AE,cal_source_acc
8,95.7592339261286,61.61616161616161,69.6969696969697,62.62626262626263,63.63636363636363,62.62626262626263,0.629244726889407,0.550405293921211,0.6179540428690042,55.55555555555556,66.66666666666666,54.54545454545454,53.535353535353536,55.55555555555556,0.751208632060917,0.7291504208614668,0.7461820075850497,96.58002735978111
