epoch,source_acc,target_acc_no_im,target_acc_oracle,target_acc_baseline,target_acc_MLLS,target_acc_RLLS,baseline_AE,MLLS_AE,RLLS_AE,cal_target_acc_no_im,cal_target_acc_oracle,cal_target_acc_baseline,cal_target_acc_MLLS,cal_target_acc_RLLS,cal_baseline_AE,cal_MLLS_AE,cal_RLLS_AE,cal_source_acc
7,99.47923073768811,99.64364035087719,99.56140350877193,99.56140350877193,99.56140350877193,99.56140350877193,0.004749169736577741,0.004965631781440022,0.006949027827693202,99.58881578947368,99.64364035087719,99.61622807017544,99.61622807017544,99.61622807017544,0.0034792113460992424,0.0025956424835480996,0.0025355001145293543,99.65145364333456
