epoch,source_acc,target_acc_no_im,target_acc_oracle,target_acc_baseline,target_acc_MLLS,target_acc_RLLS,baseline_AE,MLLS_AE,RLLS_AE,multarget_acc_oracle,multarget_acc_baseline,multarget_acc_MLLS,multarget_acc_RLLS
7,66.91974927165181,68.22033898305084,69.68926553672317,68.75706214689265,68.84180790960453,68.38983050847457,0.18354456654954857,0.16913269018987198,0.2225712032296621,69.40677966101696,68.72881355932203,68.89830508474576,68.1638418079096
