epoch,source_acc,target_acc_no_im,target_acc_oracle,target_acc_baseline,target_acc_MLLS,target_acc_RLLS,baseline_AE,MLLS_AE,RLLS_AE,multarget_acc_oracle,multarget_acc_baseline,multarget_acc_MLLS,multarget_acc_RLLS
40,68.0,65.01210653753027,67.43341404358354,62.95399515738499,63.922518159806295,58.23244552058111,0.36826183784924466,0.3194682940470898,0.5878287641543174,67.43341404358354,62.95399515738499,63.922518159806295,58.23244552058111
