epoch,source_acc,target_acc_no_im,target_acc_oracle,target_acc_baseline,target_acc_MLLS,target_acc_RLLS,baseline_AE,MLLS_AE,RLLS_AE,cal_target_acc_no_im,cal_target_acc_oracle,cal_target_acc_baseline,cal_target_acc_MLLS,cal_target_acc_RLLS,cal_baseline_AE,cal_MLLS_AE,cal_RLLS_AE,cal_source_acc
9,96.96153846153847,71.52905710936191,72.13197119410484,71.66303801708257,71.66303801708257,71.67978563054764,0.1903318748463914,0.21996254684755107,0.19590473648924123,71.07687154580472,71.93099983252387,71.07687154580472,70.89264779768884,71.11036677273489,0.21526465506444642,0.26784643766327854,0.21967291041098178,97.34615384615385
