epoch,source_acc,target_acc_no_im,target_acc_oracle,target_acc_baseline,target_acc_MLLS,target_acc_RLLS,baseline_AE,MLLS_AE,RLLS_AE,cal_target_acc_no_im,cal_target_acc_oracle,cal_target_acc_baseline,cal_target_acc_MLLS,cal_target_acc_RLLS,cal_baseline_AE,cal_MLLS_AE,cal_RLLS_AE,cal_source_acc
8,95.7592339261286,96.3855421686747,96.3855421686747,96.3855421686747,95.18072289156626,96.3855421686747,0.08529463111403582,0.08956470272304193,0.10841668551436429,95.18072289156626,96.3855421686747,95.18072289156626,93.97590361445783,95.18072289156626,0.0943985271822296,0.11457956214255735,0.10646563488330774,96.58002735978111
