epoch,source_acc,target_acc_no_im,target_acc_oracle,target_acc_baseline,target_acc_MLLS,target_acc_RLLS,baseline_AE,MLLS_AE,RLLS_AE,multarget_acc_oracle,multarget_acc_baseline,multarget_acc_MLLS,multarget_acc_RLLS
10,89.65970446149474,71.42857142857143,78.8265306122449,71.42857142857143,70.66326530612244,71.1734693877551,0.5297820722614548,0.5105189504798285,0.516436485261961,77.8061224489796,71.42857142857143,70.66326530612244,71.68367346938776
