epoch,source_acc,target_acc_no_im,target_acc_oracle,target_acc_baseline,target_acc_MLLS,target_acc_RLLS,baseline_AE,MLLS_AE,RLLS_AE,cal_target_acc_no_im,cal_target_acc_oracle,cal_target_acc_baseline,cal_target_acc_MLLS,cal_target_acc_RLLS,cal_baseline_AE,cal_MLLS_AE,cal_RLLS_AE,cal_source_acc
49,77.59,51.97095435684648,51.76348547717843,44.190871369294605,34.95850622406639,41.70124481327801,0.4734499545263598,1.038889076314978,0.6814010722752729,52.4896265560166,52.80082987551867,45.22821576763486,38.796680497925315,42.531120331950206,0.4785320122054338,0.9739138381607655,0.6838254579608738,77.94
