epoch,source_acc,target_acc_no_im,target_acc_oracle,target_acc_baseline,target_acc_MLLS,target_acc_RLLS,baseline_AE,MLLS_AE,RLLS_AE,multarget_acc_oracle,multarget_acc_baseline,multarget_acc_MLLS,multarget_acc_RLLS
40,71.82352941176471,45.45454545454545,54.54545454545454,45.45454545454545,45.45454545454545,45.45454545454545,0.7789818414656275,0.8937758320614471,0.6379215489903809,54.54545454545454,45.45454545454545,45.45454545454545,45.45454545454545
