epoch,source_acc,target_acc_no_im,target_acc_oracle,target_acc_baseline,target_acc_MLLS,target_acc_RLLS,baseline_AE,MLLS_AE,RLLS_AE,cal_target_acc_no_im,cal_target_acc_oracle,cal_target_acc_baseline,cal_target_acc_MLLS,cal_target_acc_RLLS,cal_baseline_AE,cal_MLLS_AE,cal_RLLS_AE,cal_source_acc
40,74.23076923076923,38.70967741935484,45.16129032258064,35.483870967741936,35.483870967741936,35.483870967741936,0.8185812298786621,0.8752154715869935,0.9948914923138488,38.70967741935484,41.935483870967744,29.03225806451613,22.58064516129032,29.03225806451613,0.6678806538543394,1.0427733649992104,0.8798393793215673,77.0
