epoch,source_acc,target_acc_no_im,target_acc_oracle,target_acc_baseline,target_acc_MLLS,target_acc_RLLS,baseline_AE,MLLS_AE,RLLS_AE,multarget_acc_oracle,multarget_acc_baseline,multarget_acc_MLLS,multarget_acc_RLLS
4,69.19,67.16101694915254,75.63559322033898,66.73728813559322,67.58474576271186,68.64406779661016,0.816541809399249,0.2874337166576878,0.5169717100689025,75.63559322033898,66.73728813559322,67.58474576271186,68.64406779661016
