epoch,source_acc,target_acc_no_im,target_acc_oracle,target_acc_baseline,target_acc_MLLS,target_acc_RLLS,baseline_AE,MLLS_AE,RLLS_AE,multarget_acc_oracle,multarget_acc_baseline,multarget_acc_MLLS,multarget_acc_RLLS
28,49.24516641652688,56.87121866897148,61.62489196197062,58.599827139152985,58.859118409680214,55.48833189282627,0.43849440567576414,0.32017294697130416,0.5049912915228663,60.847018150388934,58.25410544511668,59.377700950734656,56.26620570440796
