epoch,source_acc,target_acc_no_im,target_acc_oracle,target_acc_baseline,target_acc_MLLS,target_acc_RLLS,baseline_AE,MLLS_AE,RLLS_AE,cal_target_acc_no_im,cal_target_acc_oracle,cal_target_acc_baseline,cal_target_acc_MLLS,cal_target_acc_RLLS,cal_baseline_AE,cal_MLLS_AE,cal_RLLS_AE,cal_source_acc
29,58.2766840293105,52.82704259511899,52.88767621646203,52.76640897377596,52.736092163104445,52.508716083068066,0.18349817539025187,0.18916826798511205,0.3144433635881722,53.16052751250568,53.97908140063665,53.55464605123541,52.508716083068066,52.94830983780506,0.17400818102502816,0.32380997309070525,0.26369123425673857,59.053588770195105
