epoch,source_acc,target_acc_no_im,target_acc_oracle,target_acc_baseline,target_acc_MLLS,target_acc_RLLS,baseline_AE,MLLS_AE,RLLS_AE,cal_target_acc_no_im,cal_target_acc_oracle,cal_target_acc_baseline,cal_target_acc_MLLS,cal_target_acc_RLLS,cal_baseline_AE,cal_MLLS_AE,cal_RLLS_AE,cal_source_acc
10,98.03076923076924,79.24528301886792,86.79245283018868,81.13207547169812,81.13207547169812,81.13207547169812,0.2777762854457937,0.2625412400480233,0.27757799448643616,73.58490566037736,84.90566037735849,77.35849056603774,77.35849056603774,77.35849056603774,0.32457768101737183,0.3203957924338108,0.3280860055844201,98.15384615384616
