epoch,source_acc,target_acc_no_im,target_acc_oracle,target_acc_baseline,target_acc_MLLS,target_acc_RLLS,baseline_AE,MLLS_AE,RLLS_AE,multarget_acc_oracle,multarget_acc_baseline,multarget_acc_MLLS,multarget_acc_RLLS
10,99.43412473859024,35.10971786833856,37.68025078369906,33.5423197492163,30.721003134796238,33.47962382445141,0.9483434919356938,1.1629437062468186,0.9509779997302092,36.739811912225704,32.66457680250784,31.09717868338558,32.539184952978054
