epoch,source_acc,target_acc_no_im,target_acc_oracle,target_acc_baseline,target_acc_MLLS,target_acc_RLLS,baseline_AE,MLLS_AE,RLLS_AE,cal_target_acc_no_im,cal_target_acc_oracle,cal_target_acc_baseline,cal_target_acc_MLLS,cal_target_acc_RLLS,cal_baseline_AE,cal_MLLS_AE,cal_RLLS_AE,cal_source_acc
10,98.03076923076924,97.5609756097561,96.95121951219512,96.95121951219512,96.95121951219512,96.95121951219512,0.039320049125973776,0.038047305240136824,0.041211991731808686,95.1219512195122,95.73170731707317,95.73170731707317,96.34146341463415,95.73170731707317,0.05462308246188049,0.05195245791862651,0.055902571178208134,98.15384615384616
