epoch,source_acc,target_acc_no_im,target_acc_oracle,target_acc_baseline,target_acc_MLLS,target_acc_RLLS,baseline_AE,MLLS_AE,RLLS_AE,cal_target_acc_no_im,cal_target_acc_oracle,cal_target_acc_baseline,cal_target_acc_MLLS,cal_target_acc_RLLS,cal_baseline_AE,cal_MLLS_AE,cal_RLLS_AE,cal_source_acc
9,90.09,81.84647302904564,82.0539419087137,81.43153526970954,81.32780082987551,81.32780082987551,0.17505826576925904,0.1925341349560767,0.18845574182060673,80.70539419087137,80.3941908713693,79.5643153526971,78.3195020746888,79.25311203319502,0.16623234130824716,0.2287537521611188,0.18791115940073153,90.48
