epoch,source_acc,target_acc_no_im,target_acc_oracle,target_acc_baseline,target_acc_MLLS,target_acc_RLLS,baseline_AE,MLLS_AE,RLLS_AE,cal_target_acc_no_im,cal_target_acc_oracle,cal_target_acc_baseline,cal_target_acc_MLLS,cal_target_acc_RLLS,cal_baseline_AE,cal_MLLS_AE,cal_RLLS_AE,cal_source_acc
49,77.59,60.63829787234043,67.2872340425532,54.52127659574468,51.59574468085106,54.25531914893617,0.5994497545114892,0.7402698351972478,0.6142481070669543,61.170212765957444,67.02127659574468,57.446808510638306,55.58510638297872,57.71276595744681,0.5695050092086757,0.6874101415278667,0.5816593642552548,77.94
