epoch,source_acc,target_acc_no_im,target_acc_oracle,target_acc_baseline,target_acc_MLLS,target_acc_RLLS,baseline_AE,MLLS_AE,RLLS_AE,multarget_acc_oracle,multarget_acc_baseline,multarget_acc_MLLS,multarget_acc_RLLS
15,75.16695083830633,44.53089244851259,47.34226871526643,42.36024844720497,33.1350114416476,40.73226544622426,0.5739842435699885,1.1104800285139793,0.6601132790892512,46.34194181104937,41.601830663615566,39.66655769859431,40.00653808434129
