epoch,source_acc,target_acc_no_im,target_acc_oracle,target_acc_baseline,target_acc_MLLS,target_acc_RLLS,baseline_AE,MLLS_AE,RLLS_AE,multarget_acc_oracle,multarget_acc_baseline,multarget_acc_MLLS,multarget_acc_RLLS
10,98.03076923076924,96.7479674796748,95.9349593495935,95.9349593495935,95.9349593495935,95.9349593495935,0.052173606135193396,0.049478381887320566,0.055763276798102536,95.9349593495935,95.9349593495935,95.9349593495935,95.9349593495935
