epoch,source_acc,target_acc_no_im,target_acc_oracle,target_acc_baseline,target_acc_MLLS,target_acc_RLLS,baseline_AE,MLLS_AE,RLLS_AE,cal_target_acc_no_im,cal_target_acc_oracle,cal_target_acc_baseline,cal_target_acc_MLLS,cal_target_acc_RLLS,cal_baseline_AE,cal_MLLS_AE,cal_RLLS_AE,cal_source_acc
20,79.41531685137824,36.7838910947249,40.187180941576855,36.528644356211004,35.98979013045944,36.415201361315944,0.7238925761495614,0.8559060652752433,0.7650802544285324,36.245036868973344,38.96766874645491,33.09699376063528,19.28530913216109,31.055019852524108,0.7490871523021964,1.5031985776650212,0.8441470845245675,81.56081273088945
