epoch,source_acc,target_acc_no_im,target_acc_oracle,target_acc_baseline,target_acc_MLLS,target_acc_RLLS,baseline_AE,MLLS_AE,RLLS_AE,cal_target_acc_no_im,cal_target_acc_oracle,cal_target_acc_baseline,cal_target_acc_MLLS,cal_target_acc_RLLS,cal_baseline_AE,cal_MLLS_AE,cal_RLLS_AE,cal_source_acc
41,86.58,71.49187592319055,73.70753323485968,71.63958641063516,71.93500738552437,71.93500738552437,0.43025721635454867,0.4032045232855675,0.40950002734242047,84.04726735598229,85.67208271787297,86.11521418020679,84.78581979320532,84.78581979320532,0.18488041189274967,0.13727198136363222,0.1574040470537931,91.85
