epoch,source_acc,target_acc_no_im,target_acc_oracle,target_acc_baseline,target_acc_MLLS,target_acc_RLLS,baseline_AE,MLLS_AE,RLLS_AE,multarget_acc_oracle,multarget_acc_baseline,multarget_acc_MLLS,multarget_acc_RLLS
40,87.43076923076923,64.61538461538461,64.61538461538461,63.84615384615384,63.07692307692307,63.46153846153846,0.1623404071881221,0.21703852971012777,0.202495531959308,64.61538461538461,63.84615384615384,63.07692307692307,63.46153846153846
