epoch,source_acc,target_acc_no_im,target_acc_oracle,target_acc_baseline,target_acc_MLLS,target_acc_RLLS,baseline_AE,MLLS_AE,RLLS_AE,multarget_acc_oracle,multarget_acc_baseline,multarget_acc_MLLS,multarget_acc_RLLS
9,96.96153846153847,98.17671809256662,98.03646563814866,98.03646563814866,98.03646563814866,98.17671809256662,0.020656468141804413,0.016702272873434603,0.034622264148409444,98.03646563814866,98.03646563814866,98.03646563814866,98.17671809256662
