epoch,source_acc,target_acc_no_im,target_acc_oracle,target_acc_baseline,target_acc_MLLS,target_acc_RLLS,baseline_AE,MLLS_AE,RLLS_AE,multarget_acc_oracle,multarget_acc_baseline,multarget_acc_MLLS,multarget_acc_RLLS
9,90.09,92.3076923076923,92.3076923076923,91.80602006688964,91.80602006688964,91.80602006688964,0.12237210104858696,0.12715459126008857,0.12974977663006657,92.3076923076923,91.80602006688964,91.80602006688964,91.80602006688964
