epoch,source_acc,target_acc_no_im,target_acc_oracle,target_acc_baseline,target_acc_MLLS,target_acc_RLLS,baseline_AE,MLLS_AE,RLLS_AE,multarget_acc_oracle,multarget_acc_baseline,multarget_acc_MLLS,multarget_acc_RLLS
7,66.89326388275802,70.40229885057471,75.14367816091954,72.84482758620689,73.5632183908046,72.5574712643678,0.28284257581492117,0.19427960370739217,0.2439685371945312,72.5574712643678,71.55172413793103,71.98275862068965,71.69540229885058
