epoch,source_acc,target_acc_no_im,target_acc_oracle,target_acc_baseline,target_acc_MLLS,target_acc_RLLS,baseline_AE,MLLS_AE,RLLS_AE,cal_target_acc_no_im,cal_target_acc_oracle,cal_target_acc_baseline,cal_target_acc_MLLS,cal_target_acc_RLLS,cal_baseline_AE,cal_MLLS_AE,cal_RLLS_AE,cal_source_acc
29,58.2766840293105,52.93785310734464,60.16949152542372,54.85875706214689,55.14124293785311,56.32768361581921,0.5603856464824408,0.4946360537048728,0.42320450103398766,51.864406779661024,63.954802259887,54.971751412429384,59.548022598870055,58.0225988700565,0.6776081948772619,0.3982016754372036,0.4852563536133836,59.053588770195105
