epoch,source_acc,target_acc_no_im,target_acc_oracle,target_acc_baseline,target_acc_MLLS,target_acc_RLLS,baseline_AE,MLLS_AE,RLLS_AE,cal_target_acc_no_im,cal_target_acc_oracle,cal_target_acc_baseline,cal_target_acc_MLLS,cal_target_acc_RLLS,cal_baseline_AE,cal_MLLS_AE,cal_RLLS_AE,cal_source_acc
9,98.76,89.83050847457628,92.79661016949152,91.94915254237289,92.16101694915254,91.94915254237289,0.10978740640773862,0.07597839342177673,0.10032747599939475,90.04237288135593,93.00847457627118,91.73728813559322,92.79661016949152,91.73728813559322,0.11785744597061962,0.06619396613776621,0.1064971622598991,98.75
