epoch,source_acc,target_acc_no_im,target_acc_oracle,target_acc_baseline,target_acc_MLLS,target_acc_RLLS,baseline_AE,MLLS_AE,RLLS_AE,cal_target_acc_no_im,cal_target_acc_oracle,cal_target_acc_baseline,cal_target_acc_MLLS,cal_target_acc_RLLS,cal_baseline_AE,cal_MLLS_AE,cal_RLLS_AE,cal_source_acc
10,99.51728247914183,93.86995130335147,93.86995130335147,93.81266112861644,93.81266112861644,93.81266112861644,0.049369484186172485,0.05014064908027649,0.049767109931566245,93.95588656545402,93.95588656545402,93.89859639071899,93.88427384703523,93.89859639071899,0.03319302201271057,0.035286396741867065,0.033534417172928765,99.53516090584029
