epoch,source_acc,target_acc_no_im,target_acc_oracle,target_acc_baseline,target_acc_MLLS,target_acc_RLLS,baseline_AE,MLLS_AE,RLLS_AE,multarget_acc_oracle,multarget_acc_baseline,multarget_acc_MLLS,multarget_acc_RLLS
15,75.16695083830633,43.35490293678447,47.784967645594826,42.1602787456446,33.99701343952215,40.965654554504724,0.666979797145719,1.0794177617756877,0.7165737449099285,46.93877551020408,41.214534594325535,39.87058237929318,40.069686411149824
