epoch,source_acc,target_acc_no_im,target_acc_oracle,target_acc_baseline,target_acc_MLLS,target_acc_RLLS,baseline_AE,MLLS_AE,RLLS_AE,cal_target_acc_no_im,cal_target_acc_oracle,cal_target_acc_baseline,cal_target_acc_MLLS,cal_target_acc_RLLS,cal_baseline_AE,cal_MLLS_AE,cal_RLLS_AE,cal_source_acc
9,79.93393009377664,79.81721249047982,80.50266565118051,79.62680883472963,79.01751713632902,78.97943640517899,0.1532174138884168,0.2030179005053442,0.21371551285661267,79.96953541507997,80.57882711348057,79.55064737242955,78.86519421172886,78.97943640517899,0.1432955456735298,0.20148030588864718,0.19225408867402988,80.218101733447
