epoch,source_acc,target_acc_no_im,target_acc_oracle,target_acc_baseline,target_acc_MLLS,target_acc_RLLS,baseline_AE,MLLS_AE,RLLS_AE,multarget_acc_oracle,multarget_acc_baseline,multarget_acc_MLLS,multarget_acc_RLLS
40,73.84615384615385,39.42307692307692,39.42307692307692,38.46153846153847,34.61538461538461,36.53846153846153,0.2949409855959507,0.6126100634742861,0.4534281679286444,39.42307692307692,38.46153846153847,34.61538461538461,36.53846153846153
