epoch,source_acc,target_acc_no_im,target_acc_oracle,target_acc_baseline,target_acc_MLLS,target_acc_RLLS,baseline_AE,MLLS_AE,RLLS_AE,multarget_acc_oracle,multarget_acc_baseline,multarget_acc_MLLS,multarget_acc_RLLS
40,87.4,89.43089430894308,90.2439024390244,88.6178861788618,88.6178861788618,89.43089430894308,0.1734639721793857,0.14733547640858385,0.14630184152170808,90.2439024390244,88.6178861788618,88.6178861788618,89.43089430894308
