epoch,source_acc,target_acc_no_im,target_acc_oracle,target_acc_baseline,target_acc_MLLS,target_acc_RLLS,baseline_AE,MLLS_AE,RLLS_AE,multarget_acc_oracle,multarget_acc_baseline,multarget_acc_MLLS,multarget_acc_RLLS
8,94.30870083432657,63.26122736891606,63.3200094051258,60.986362567599336,59.55795908770279,60.580766517752174,0.3945063054561615,0.5779615342617035,0.4634058865211566,63.26122736891606,60.88055490242182,59.546202680460844,60.516106277921466
