epoch,source_acc,target_acc_no_im,target_acc_oracle,target_acc_baseline,target_acc_MLLS,target_acc_RLLS,baseline_AE,MLLS_AE,RLLS_AE,cal_target_acc_no_im,cal_target_acc_oracle,cal_target_acc_baseline,cal_target_acc_MLLS,cal_target_acc_RLLS,cal_baseline_AE,cal_MLLS_AE,cal_RLLS_AE,cal_source_acc
9,79.93393009377664,33.4075723830735,42.61321455085375,31.254639940608758,20.34149962880475,30.88344469190794,0.9823154827125815,1.415429636871945,1.0124782801061418,33.778767631774315,42.01930215293244,31.328878990348922,25.01855976243504,30.88344469190794,0.9875640215726331,1.2627743049023732,1.017430668023907,80.218101733447
