epoch,source_acc,target_acc_no_im,target_acc_oracle,target_acc_baseline,target_acc_MLLS,target_acc_RLLS,baseline_AE,MLLS_AE,RLLS_AE,multarget_acc_oracle,multarget_acc_baseline,multarget_acc_MLLS,multarget_acc_RLLS
4,83.17999999999999,68.40490797546013,69.55521472392638,68.17484662576688,54.75460122699386,65.41411042944786,0.17872942421882432,0.43500585422102656,0.21248856447977926,69.55521472392638,68.17484662576688,54.75460122699386,65.41411042944786
