epoch,source_acc,target_acc_no_im,target_acc_oracle,target_acc_baseline,target_acc_MLLS,target_acc_RLLS,baseline_AE,MLLS_AE,RLLS_AE,cal_target_acc_no_im,cal_target_acc_oracle,cal_target_acc_baseline,cal_target_acc_MLLS,cal_target_acc_RLLS,cal_baseline_AE,cal_MLLS_AE,cal_RLLS_AE,cal_source_acc
9,98.76,95.86410635155096,96.4549483013294,96.4549483013294,96.30723781388478,96.4549483013294,0.06975937699637703,0.05188512992928222,0.06213832973006379,95.42097488921713,96.7503692762186,96.30723781388478,96.602658788774,96.4549483013294,0.08234648484918271,0.05403276435904307,0.07343432783047603,98.75
