epoch,source_acc,target_acc_no_im,target_acc_oracle,target_acc_baseline,target_acc_MLLS,target_acc_RLLS,baseline_AE,MLLS_AE,RLLS_AE,cal_target_acc_no_im,cal_target_acc_oracle,cal_target_acc_baseline,cal_target_acc_MLLS,cal_target_acc_RLLS,cal_baseline_AE,cal_MLLS_AE,cal_RLLS_AE,cal_source_acc
41,92.58999999999999,77.83742331288343,78.37423312883436,78.1441717791411,78.1441717791411,78.22085889570552,0.09827962513167433,0.0949775363587163,0.09129621352954412,78.52760736196319,78.9877300613497,78.29754601226993,78.6042944785276,78.45092024539878,0.11571636907984874,0.11222565286090037,0.11428188563239072,92.7
