epoch,source_acc,target_acc_no_im,target_acc_oracle,target_acc_baseline,target_acc_MLLS,target_acc_RLLS,baseline_AE,MLLS_AE,RLLS_AE,cal_target_acc_no_im,cal_target_acc_oracle,cal_target_acc_baseline,cal_target_acc_MLLS,cal_target_acc_RLLS,cal_baseline_AE,cal_MLLS_AE,cal_RLLS_AE,cal_source_acc
6,55.3544627880286,54.98580257223985,55.436779689326876,55.21964255887757,55.18623684650075,55.20293970268916,0.17293082508416574,0.1743586443127434,0.29920055937274204,57.35760815099382,57.59144813763154,57.47452814431268,53.432436946717885,56.18840821780524,0.14965115318546057,0.3782439472745589,0.2810810473618859,57.287896177275535
