epoch,source_acc,target_acc_no_im,target_acc_oracle,target_acc_baseline,target_acc_MLLS,target_acc_RLLS,baseline_AE,MLLS_AE,RLLS_AE,cal_target_acc_no_im,cal_target_acc_oracle,cal_target_acc_baseline,cal_target_acc_MLLS,cal_target_acc_RLLS,cal_baseline_AE,cal_MLLS_AE,cal_RLLS_AE,cal_source_acc
10,99.51728247914183,95.59489788806023,95.5042866104412,95.49731651216283,95.49731651216283,95.49731651216283,0.047590170786041275,0.05180725900854494,0.04985637810623467,95.76218024674148,95.58792778978183,95.52519690527636,95.5112567087196,95.53216700355475,0.03526023475851442,0.05109507291044618,0.038394383918602726,99.53516090584029
