epoch,source_acc,target_acc_no_im,target_acc_oracle,target_acc_baseline,target_acc_MLLS,target_acc_RLLS,baseline_AE,MLLS_AE,RLLS_AE,multarget_acc_oracle,multarget_acc_baseline,multarget_acc_MLLS,multarget_acc_RLLS
40,77.64705882352942,76.47058823529412,76.47058823529412,76.58371040723982,76.47058823529412,76.52714932126696,0.0528743115856367,0.07078458807047676,0.08745991318482935,76.47058823529412,76.58371040723982,76.47058823529412,76.52714932126696
