epoch,source_acc,target_acc_no_im,target_acc_oracle,target_acc_baseline,target_acc_MLLS,target_acc_RLLS,baseline_AE,MLLS_AE,RLLS_AE,multarget_acc_oracle,multarget_acc_baseline,multarget_acc_MLLS,multarget_acc_RLLS
10,95.6329191782507,49.31629834254144,49.744475138121544,47.05801104972376,46.04281767955801,47.030386740331494,0.433810738994848,0.5612637010953538,0.4383201762780391,49.21270718232044,46.726519337016576,45.732044198895025,46.726519337016576
