epoch,source_acc,target_acc_no_im,target_acc_oracle,target_acc_baseline,target_acc_MLLS,target_acc_RLLS,baseline_AE,MLLS_AE,RLLS_AE,multarget_acc_oracle,multarget_acc_baseline,multarget_acc_MLLS,multarget_acc_RLLS
10,93.77537212449256,44.77487493051696,60.867148415786545,47.77654252362424,50.0277932184547,47.99888827126181,0.7898343938955207,0.5996722029294279,0.7708614864341945,60.83935519733185,48.249027237354085,50.138966092273485,48.47137298499166
