epoch,source_acc,target_acc_no_im,target_acc_oracle,target_acc_baseline,target_acc_MLLS,target_acc_RLLS,baseline_AE,MLLS_AE,RLLS_AE,multarget_acc_oracle,multarget_acc_baseline,multarget_acc_MLLS,multarget_acc_RLLS
40,72.5,76.18691588785047,76.22429906542057,75.17757009345794,75.28971962616822,74.69158878504672,0.1425356020353665,0.15536595906191897,0.21887408472949013,76.22429906542057,75.17757009345794,75.28971962616822,74.69158878504672
