epoch,source_acc,target_acc_no_im,target_acc_oracle,target_acc_baseline,target_acc_MLLS,target_acc_RLLS,baseline_AE,MLLS_AE,RLLS_AE,cal_target_acc_no_im,cal_target_acc_oracle,cal_target_acc_baseline,cal_target_acc_MLLS,cal_target_acc_RLLS,cal_baseline_AE,cal_MLLS_AE,cal_RLLS_AE,cal_source_acc
10,97.03333333333333,97.60976877110939,97.58378799688231,97.58378799688231,97.58378799688231,97.58378799688231,0.014662339585083409,0.0144904723623707,0.016294105475359186,97.34996102883866,97.47986489997402,97.42790335151987,97.42790335151987,97.42790335151987,0.020247572995712615,0.019472208963869204,0.02004250874771708,97.3
