epoch,source_acc,target_acc_no_im,target_acc_oracle,target_acc_baseline,target_acc_MLLS,target_acc_RLLS,baseline_AE,MLLS_AE,RLLS_AE,multarget_acc_oracle,multarget_acc_baseline,multarget_acc_MLLS,multarget_acc_RLLS
8,97.19904648390941,85.05205751115518,92.4640555280119,89.68765493306891,91.47248388696083,90.38175508180466,0.25696711208953915,0.0770617571128851,0.19645998693279135,92.38968765493307,89.5884977689638,91.37332672285574,90.33217649975211
