epoch,source_acc,target_acc_no_im,target_acc_oracle,target_acc_baseline,target_acc_MLLS,target_acc_RLLS,baseline_AE,MLLS_AE,RLLS_AE,multarget_acc_oracle,multarget_acc_baseline,multarget_acc_MLLS,multarget_acc_RLLS
7,67.01686236426238,58.75706214689266,68.19209039548022,61.80790960451977,63.559322033898304,64.12429378531074,0.5198210466882485,0.3642615694500976,0.39421112772472205,67.68361581920904,60.73446327683616,62.71186440677966,62.994350282485875
