epoch,source_acc,target_acc_no_im,target_acc_oracle,target_acc_baseline,target_acc_MLLS,target_acc_RLLS,baseline_AE,MLLS_AE,RLLS_AE,multarget_acc_oracle,multarget_acc_baseline,multarget_acc_MLLS,multarget_acc_RLLS
10,89.6312872975277,89.57260197688987,89.57260197688987,89.54475845746902,89.51691493804816,89.51691493804816,0.060398951093207434,0.06880868996114428,0.07503109575165898,89.36377558123347,89.36377558123347,89.34985382152304,89.29416678268133
