epoch,source_acc,target_acc_no_im,target_acc_oracle,target_acc_baseline,target_acc_MLLS,target_acc_RLLS,baseline_AE,MLLS_AE,RLLS_AE,cal_target_acc_no_im,cal_target_acc_oracle,cal_target_acc_baseline,cal_target_acc_MLLS,cal_target_acc_RLLS,cal_baseline_AE,cal_MLLS_AE,cal_RLLS_AE,cal_source_acc
9,96.96153846153847,97.56507136859783,97.73299748110831,97.73299748110831,97.73299748110831,97.73299748110831,0.022458807896043854,0.01746346584210793,0.023063332949453653,96.89336691855584,97.39714525608733,97.39714525608733,97.31318219983207,97.31318219983207,0.022184032634820244,0.024454298998463013,0.02970406866595376,97.34615384615385
