epoch,source_acc,target_acc_no_im,target_acc_oracle,target_acc_baseline,target_acc_MLLS,target_acc_RLLS,baseline_AE,MLLS_AE,RLLS_AE,cal_target_acc_no_im,cal_target_acc_oracle,cal_target_acc_baseline,cal_target_acc_MLLS,cal_target_acc_RLLS,cal_baseline_AE,cal_MLLS_AE,cal_RLLS_AE,cal_source_acc
40,81.33846153846153,41.509433962264154,52.83018867924528,41.509433962264154,41.509433962264154,43.39622641509434,0.862262418704494,0.8564699797205768,0.8312216319492916,56.60377358490566,58.490566037735846,60.37735849056604,60.37735849056604,60.37735849056604,0.677104584907867,0.44913279082415236,0.5833763248003855,85.39999999999999
