epoch,source_acc,target_acc_no_im,target_acc_oracle,target_acc_baseline,target_acc_MLLS,target_acc_RLLS,baseline_AE,MLLS_AE,RLLS_AE,multarget_acc_oracle,multarget_acc_baseline,multarget_acc_MLLS,multarget_acc_RLLS
28,49.24516641652688,43.765973613317676,43.93175381639843,42.3844719209781,42.28085929405264,39.03433031705464,0.2600079295918429,0.3135128673856487,0.5921025332169946,44.062996477170685,43.026870207916005,43.28244802099883,39.71126614630103
