epoch,source_acc,target_acc_no_im,target_acc_oracle,target_acc_baseline,target_acc_MLLS,target_acc_RLLS,baseline_AE,MLLS_AE,RLLS_AE,cal_target_acc_no_im,cal_target_acc_oracle,cal_target_acc_baseline,cal_target_acc_MLLS,cal_target_acc_RLLS,cal_baseline_AE,cal_MLLS_AE,cal_RLLS_AE,cal_source_acc
10,89.65260017050298,89.64204112718964,89.87052551408988,89.68012185833967,89.64204112718964,89.48971820258949,0.09725357353949085,0.1071280288348147,0.11732630056124689,89.14699162223914,89.94668697638994,89.26123381568925,88.84234577303884,88.84234577303884,0.09830760573937429,0.11803111956209117,0.11939489234630118,89.81244671781756
