epoch,source_acc,target_acc_no_im,target_acc_oracle,target_acc_baseline,target_acc_MLLS,target_acc_RLLS,baseline_AE,MLLS_AE,RLLS_AE,multarget_acc_oracle,multarget_acc_baseline,multarget_acc_MLLS,multarget_acc_RLLS
10,94.84151392135153,54.47541672503152,56.17033197926881,54.489424289116116,54.755568006723635,54.65751505813139,0.3731020429330908,0.4727074952024065,0.37991807559773455,55.68006723630761,53.87309146939347,53.88709903347808,53.97114441798572
