epoch,source_acc,target_acc_no_im,target_acc_oracle,target_acc_baseline,target_acc_MLLS,target_acc_RLLS,baseline_AE,MLLS_AE,RLLS_AE,multarget_acc_oracle,multarget_acc_baseline,multarget_acc_MLLS,multarget_acc_RLLS
7,66.93740619758101,59.68819599109132,66.36971046770601,62.58351893095768,63.69710467706013,61.46993318485523,0.3832808829854564,0.3016378548636333,0.3671545548941075,65.70155902004454,61.69265033407573,62.360801781737194,60.801781737193764
