epoch,source_acc,target_acc_no_im,target_acc_oracle,target_acc_baseline,target_acc_MLLS,target_acc_RLLS,baseline_AE,MLLS_AE,RLLS_AE,cal_target_acc_no_im,cal_target_acc_oracle,cal_target_acc_baseline,cal_target_acc_MLLS,cal_target_acc_RLLS,cal_baseline_AE,cal_MLLS_AE,cal_RLLS_AE,cal_source_acc
9,98.76,98.9406779661017,99.15254237288136,98.9406779661017,99.15254237288136,98.9406779661017,0.01879637831623735,0.010070230323481954,0.01263361549065733,98.51694915254238,98.51694915254238,98.51694915254238,98.51694915254238,98.51694915254238,0.027105756764994694,0.01422055241262631,0.017556191817398818,98.75
