epoch,source_acc,target_acc_no_im,target_acc_oracle,target_acc_baseline,target_acc_MLLS,target_acc_RLLS,baseline_AE,MLLS_AE,RLLS_AE,cal_target_acc_no_im,cal_target_acc_oracle,cal_target_acc_baseline,cal_target_acc_MLLS,cal_target_acc_RLLS,cal_baseline_AE,cal_MLLS_AE,cal_RLLS_AE,cal_source_acc
9,90.09,83.60655737704919,92.21311475409836,86.0655737704918,87.29508196721312,86.47540983606558,0.30504395107137033,0.200015402137453,0.26941143993587763,84.01639344262296,92.21311475409836,86.88524590163934,88.52459016393442,87.29508196721312,0.3493512629514446,0.23567225396084884,0.2954357002131479,90.48
