epoch,source_acc,target_acc_no_im,target_acc_oracle,target_acc_baseline,target_acc_MLLS,target_acc_RLLS,baseline_AE,MLLS_AE,RLLS_AE,multarget_acc_oracle,multarget_acc_baseline,multarget_acc_MLLS,multarget_acc_RLLS
4,69.19,48.728813559322035,64.40677966101694,42.16101694915254,57.20338983050848,38.983050847457626,0.9231167694522161,0.4462839408002831,0.776998153330251,64.40677966101694,42.16101694915254,57.20338983050848,38.983050847457626
