epoch,source_acc,target_acc_no_im,target_acc_oracle,target_acc_baseline,target_acc_MLLS,target_acc_RLLS,baseline_AE,MLLS_AE,RLLS_AE,multarget_acc_oracle,multarget_acc_baseline,multarget_acc_MLLS,multarget_acc_RLLS
10,98.03076923076924,98.5804892781637,98.61069163394744,98.5804892781637,98.5804892781637,98.5804892781637,0.011854373937406848,0.009141778277485801,0.006780779133132396,98.61069163394744,98.5804892781637,98.5804892781637,98.5804892781637
