epoch,source_acc,target_acc_no_im,target_acc_oracle,target_acc_baseline,target_acc_MLLS,target_acc_RLLS,baseline_AE,MLLS_AE,RLLS_AE,cal_target_acc_no_im,cal_target_acc_oracle,cal_target_acc_baseline,cal_target_acc_MLLS,cal_target_acc_RLLS,cal_baseline_AE,cal_MLLS_AE,cal_RLLS_AE,cal_source_acc
9,90.09,80.29045643153528,81.12033195020747,80.08298755186722,79.87551867219918,79.87551867219918,0.1933542376845936,0.22657891704615868,0.2234773539271681,80.49792531120332,80.8091286307054,79.04564315352697,78.00829875518673,78.21576763485477,0.21144379461203464,0.3013010555627095,0.25240643153633857,90.48
