epoch,source_acc,target_acc_no_im,target_acc_oracle,target_acc_baseline,target_acc_MLLS,target_acc_RLLS,baseline_AE,MLLS_AE,RLLS_AE,cal_target_acc_no_im,cal_target_acc_oracle,cal_target_acc_baseline,cal_target_acc_MLLS,cal_target_acc_RLLS,cal_baseline_AE,cal_MLLS_AE,cal_RLLS_AE,cal_source_acc
7,98.82352941176471,87.38489871086557,92.44935543278085,90.60773480662984,91.52854511970534,90.79189686924494,0.18598548494659448,0.10543056005529688,0.1619619859137374,87.20073664825047,92.5414364640884,89.96316758747697,90.88397790055248,90.23941068139963,0.21109688368627652,0.13328102114642215,0.1749531426757576,98.76470588235294
