epoch,source_acc,target_acc_no_im,target_acc_oracle,target_acc_baseline,target_acc_MLLS,target_acc_RLLS,baseline_AE,MLLS_AE,RLLS_AE,cal_target_acc_no_im,cal_target_acc_oracle,cal_target_acc_baseline,cal_target_acc_MLLS,cal_target_acc_RLLS,cal_baseline_AE,cal_MLLS_AE,cal_RLLS_AE,cal_source_acc
44,94.43,96.61016949152543,97.66949152542372,97.66949152542372,97.45762711864407,97.45762711864407,0.07447623146768909,0.022966990912943346,0.03809547654844617,96.61016949152543,97.88135593220339,97.2457627118644,97.45762711864407,97.03389830508475,0.08555122841567872,0.026164369949663695,0.045246574742810276,94.42
