epoch,source_acc,target_acc_no_im,target_acc_oracle,target_acc_baseline,target_acc_MLLS,target_acc_RLLS,baseline_AE,MLLS_AE,RLLS_AE,cal_target_acc_no_im,cal_target_acc_oracle,cal_target_acc_baseline,cal_target_acc_MLLS,cal_target_acc_RLLS,cal_baseline_AE,cal_MLLS_AE,cal_RLLS_AE,cal_source_acc
49,77.59,51.83946488294314,54.347826086956516,45.48494983277592,34.61538461538461,41.47157190635451,0.5385821943002345,1.0251090347285865,0.6783079526493564,52.675585284280935,54.0133779264214,45.65217391304348,38.12709030100335,42.642140468227424,0.5262449735913419,0.9680179766406473,0.6804550658656632,77.94
