epoch,source_acc,target_acc_no_im,target_acc_oracle,target_acc_baseline,target_acc_MLLS,target_acc_RLLS,baseline_AE,MLLS_AE,RLLS_AE,multarget_acc_oracle,multarget_acc_baseline,multarget_acc_MLLS,multarget_acc_RLLS
7,98.82352941176471,87.10865561694291,92.44935543278085,90.51565377532228,91.52854511970534,90.69981583793738,0.18680735090341735,0.10601163805380093,0.16269268674361453,92.44935543278085,90.51565377532228,91.52854511970534,90.69981583793738
