epoch,source_acc,target_acc_no_im,target_acc_oracle,target_acc_baseline,target_acc_MLLS,target_acc_RLLS,baseline_AE,MLLS_AE,RLLS_AE,multarget_acc_oracle,multarget_acc_baseline,multarget_acc_MLLS,multarget_acc_RLLS
4,80.28,82.27474150664698,83.30871491875924,84.78581979320532,73.70753323485968,76.95716395864106,0.44078583296173784,0.3525463120469073,0.23310572032307997,83.30871491875924,84.78581979320532,73.70753323485968,76.95716395864106
