epoch,source_acc,target_acc_no_im,target_acc_oracle,target_acc_baseline,target_acc_MLLS,target_acc_RLLS,baseline_AE,MLLS_AE,RLLS_AE,multarget_acc_oracle,multarget_acc_baseline,multarget_acc_MLLS,multarget_acc_RLLS
9,96.92307692307692,70.62189429302815,70.61436530642975,70.17768408372234,70.04216232495106,70.14756813732872,0.20595474253193904,0.2568032357432515,0.21558308263623172,70.61436530642975,70.17768408372234,70.04216232495106,70.14756813732872
