epoch,source_acc,target_acc_no_im,target_acc_oracle,target_acc_baseline,target_acc_MLLS,target_acc_RLLS,baseline_AE,MLLS_AE,RLLS_AE,cal_target_acc_no_im,cal_target_acc_oracle,cal_target_acc_baseline,cal_target_acc_MLLS,cal_target_acc_RLLS,cal_baseline_AE,cal_MLLS_AE,cal_RLLS_AE,cal_source_acc
44,94.43,82.83898305084746,87.92372881355932,87.07627118644068,87.71186440677965,87.28813559322035,0.22353151022314519,0.06949399412467569,0.17072445330794575,82.41525423728814,88.34745762711864,86.65254237288136,88.13559322033898,86.86440677966102,0.2420352553096363,0.07313018502525478,0.18693762092908017,94.42
