epoch,source_acc,target_acc_no_im,target_acc_oracle,target_acc_baseline,target_acc_MLLS,target_acc_RLLS,baseline_AE,MLLS_AE,RLLS_AE,cal_target_acc_no_im,cal_target_acc_oracle,cal_target_acc_baseline,cal_target_acc_MLLS,cal_target_acc_RLLS,cal_baseline_AE,cal_MLLS_AE,cal_RLLS_AE,cal_source_acc
7,99.47923073768811,66.27502175805049,75.10879025239339,69.71279373368147,70.01740644038294,69.6692776327241,0.5069672189052301,0.4933851882609453,0.5059363570425317,65.8833768494343,77.24107919930374,68.75543951261966,69.14708442123586,68.75543951261966,0.5656670495732772,0.4521391338999468,0.5632222104542062,99.65145364333456
