epoch,source_acc,target_acc_no_im,target_acc_oracle,target_acc_baseline,target_acc_MLLS,target_acc_RLLS,baseline_AE,MLLS_AE,RLLS_AE,cal_target_acc_no_im,cal_target_acc_oracle,cal_target_acc_baseline,cal_target_acc_MLLS,cal_target_acc_RLLS,cal_baseline_AE,cal_MLLS_AE,cal_RLLS_AE,cal_source_acc
40,83.0,51.42857142857142,51.42857142857142,51.42857142857142,51.42857142857142,51.42857142857142,0.44798558664672,0.4541427767702511,0.5672507182201711,51.42857142857142,51.42857142857142,51.42857142857142,48.57142857142857,51.42857142857142,0.3350473240550075,0.597890565331493,0.4638312004909671,85.0
