epoch,source_acc,target_acc_no_im,target_acc_oracle,target_acc_baseline,target_acc_MLLS,target_acc_RLLS,baseline_AE,MLLS_AE,RLLS_AE,cal_target_acc_no_im,cal_target_acc_oracle,cal_target_acc_baseline,cal_target_acc_MLLS,cal_target_acc_RLLS,cal_baseline_AE,cal_MLLS_AE,cal_RLLS_AE,cal_source_acc
10,97.03333333333333,74.71778902296613,74.71778902296613,74.35448293758921,74.26365641624497,74.34150772025431,0.17454277621554357,0.20191982658552152,0.185086656957614,74.25392500324381,74.24094978590891,73.45919294148176,73.02452316076294,73.37161022447127,0.18418205442300747,0.2496177183474562,0.1953566699569539,97.3
