epoch,source_acc,target_acc_no_im,target_acc_oracle,target_acc_baseline,target_acc_MLLS,target_acc_RLLS,baseline_AE,MLLS_AE,RLLS_AE,cal_target_acc_no_im,cal_target_acc_oracle,cal_target_acc_baseline,cal_target_acc_MLLS,cal_target_acc_RLLS,cal_baseline_AE,cal_MLLS_AE,cal_RLLS_AE,cal_source_acc
9,98.76,99.079754601227,99.079754601227,99.079754601227,99.079754601227,99.079754601227,0.004489536414300013,0.004888582060490657,0.005999893211253743,98.92638036809815,98.92638036809815,98.92638036809815,98.92638036809815,98.92638036809815,0.007441934952340981,0.008013012196205857,0.008269692208328017,98.75
