epoch,source_acc,target_acc_no_im,target_acc_oracle,target_acc_baseline,target_acc_MLLS,target_acc_RLLS,baseline_AE,MLLS_AE,RLLS_AE,multarget_acc_oracle,multarget_acc_baseline,multarget_acc_MLLS,multarget_acc_RLLS
10,99.52026221692492,99.40201940986178,99.40201940986178,99.40201940986178,99.40201940986178,99.40201940986178,0.0014486738471771177,0.000917417648294061,0.00030384336738997764,99.40201940986178,99.40201940986178,99.40201940986178,99.40201940986178
