epoch,source_acc,target_acc_no_im,target_acc_oracle,target_acc_baseline,target_acc_MLLS,target_acc_RLLS,baseline_AE,MLLS_AE,RLLS_AE,cal_target_acc_no_im,cal_target_acc_oracle,cal_target_acc_baseline,cal_target_acc_MLLS,cal_target_acc_RLLS,cal_baseline_AE,cal_MLLS_AE,cal_RLLS_AE,cal_source_acc
6,54.665842676789964,57.13660245183888,57.35551663747811,57.13660245183888,57.13660245183888,57.13660245183888,0.1696333266857782,0.16843383966120212,0.270901030144013,59.19439579684763,59.50087565674256,59.50087565674256,58.58143607705779,58.931698774080566,0.1293653076829188,0.2510645361726361,0.21863696372743133,56.56396221417851
