epoch,source_acc,target_acc_no_im,target_acc_oracle,target_acc_baseline,target_acc_MLLS,target_acc_RLLS,baseline_AE,MLLS_AE,RLLS_AE,multarget_acc_oracle,multarget_acc_baseline,multarget_acc_MLLS,multarget_acc_RLLS
10,89.65260017050298,89.95594713656388,92.07048458149781,91.01321585903084,90.9251101321586,90.9251101321586,0.15668613062586526,0.13812569359788268,0.15034345222667633,91.98237885462555,90.57268722466961,90.7488986784141,90.66079295154185
