epoch,source_acc,target_acc_no_im,target_acc_oracle,target_acc_baseline,target_acc_MLLS,target_acc_RLLS,baseline_AE,MLLS_AE,RLLS_AE,multarget_acc_oracle,multarget_acc_baseline,multarget_acc_MLLS,multarget_acc_RLLS
4,81.89,70.16248153618906,76.51403249630724,74.59379615952733,74.74150664697193,76.80945347119645,0.4796278144025204,0.22573633015036032,0.17677931663038693,76.51403249630724,74.59379615952733,74.74150664697193,76.80945347119645
