epoch,source_acc,target_acc_no_im,target_acc_oracle,target_acc_baseline,target_acc_MLLS,target_acc_RLLS,baseline_AE,MLLS_AE,RLLS_AE,multarget_acc_oracle,multarget_acc_baseline,multarget_acc_MLLS,multarget_acc_RLLS
10,99.51430274135876,93.94156402177026,93.95588656545402,93.92724147808651,93.92724147808651,93.92724147808651,0.047587811946868896,0.04830017685890198,0.04797111437924895,93.94156402177026,93.92724147808651,93.92724147808651,93.92724147808651
