epoch,source_acc,target_acc_no_im,target_acc_oracle,target_acc_baseline,target_acc_MLLS,target_acc_RLLS,baseline_AE,MLLS_AE,RLLS_AE,multarget_acc_oracle,multarget_acc_baseline,multarget_acc_MLLS,multarget_acc_RLLS
39,78.2,49.97927031509121,50.53378938640133,49.683872305140966,49.75124378109453,49.367744610281925,0.20149072036950244,0.25222338801543315,0.265793667976503,50.53378938640133,49.683872305140966,49.75124378109453,49.367744610281925
