epoch,source_acc,target_acc_no_im,target_acc_oracle,target_acc_baseline,target_acc_MLLS,target_acc_RLLS,baseline_AE,MLLS_AE,RLLS_AE,cal_target_acc_no_im,cal_target_acc_oracle,cal_target_acc_baseline,cal_target_acc_MLLS,cal_target_acc_RLLS,cal_baseline_AE,cal_MLLS_AE,cal_RLLS_AE,cal_source_acc
40,83.76470588235294,48.529411764705884,48.529411764705884,48.529411764705884,48.529411764705884,48.529411764705884,0.32010092387003275,0.34298934524550156,0.37477197632694653,48.529411764705884,48.529411764705884,45.588235294117645,47.05882352941176,45.588235294117645,0.33230460966553754,0.5453053803785759,0.4158428953304823,84.88235294117648
