epoch,source_acc,target_acc_no_im,target_acc_oracle,target_acc_baseline,target_acc_MLLS,target_acc_RLLS,baseline_AE,MLLS_AE,RLLS_AE,cal_target_acc_no_im,cal_target_acc_oracle,cal_target_acc_baseline,cal_target_acc_MLLS,cal_target_acc_RLLS,cal_baseline_AE,cal_MLLS_AE,cal_RLLS_AE,cal_source_acc
8,95.7592339261286,82.96213808463251,83.63028953229399,81.40311804008908,80.84632516703786,80.95768374164811,0.19895296922173425,0.25953073488581585,0.21078241589435232,78.73051224944321,79.1759465478842,77.39420935412026,76.83741648106904,77.50556792873051,0.2845835708935262,0.34367483606269555,0.2948656955942848,96.58002735978111
