epoch,source_acc,target_acc_no_im,target_acc_oracle,target_acc_baseline,target_acc_MLLS,target_acc_RLLS,baseline_AE,MLLS_AE,RLLS_AE,multarget_acc_oracle,multarget_acc_baseline,multarget_acc_MLLS,multarget_acc_RLLS
15,68.95780051150895,43.77564979480164,52.94117647058824,45.690834473324216,36.79890560875513,44.18604651162791,0.7537282642273524,1.1386559166925871,0.7408618965129946,52.25718194254446,44.73324213406293,39.67168262653899,44.322845417236664
