epoch,source_acc,target_acc_no_im,target_acc_oracle,target_acc_baseline,target_acc_MLLS,target_acc_RLLS,baseline_AE,MLLS_AE,RLLS_AE,cal_target_acc_no_im,cal_target_acc_oracle,cal_target_acc_baseline,cal_target_acc_MLLS,cal_target_acc_RLLS,cal_baseline_AE,cal_MLLS_AE,cal_RLLS_AE,cal_source_acc
40,70.05882352941177,9.090909090909092,27.27272727272727,9.090909090909092,9.090909090909092,9.090909090909092,1.8181657269730787,1.8181818594177812,2.0293014170652035,27.27272727272727,45.45454545454545,27.27272727272727,27.27272727272727,36.36363636363637,0.8199367078592662,0.7128047910266827,0.7806109352560832,80.88235294117648
