epoch,source_acc,target_acc_no_im,target_acc_oracle,target_acc_baseline,target_acc_MLLS,target_acc_RLLS,baseline_AE,MLLS_AE,RLLS_AE,multarget_acc_oracle,multarget_acc_baseline,multarget_acc_MLLS,multarget_acc_RLLS
49,82.35294117647058,37.37373737373738,50.505050505050505,36.36363636363637,24.242424242424242,34.34343434343434,1.0666750635566058,1.4298790478671517,1.0684691364063674,51.515151515151516,38.38383838383838,27.27272727272727,37.37373737373738
