epoch,source_acc,target_acc_no_im,target_acc_oracle,target_acc_baseline,target_acc_MLLS,target_acc_RLLS,baseline_AE,MLLS_AE,RLLS_AE,cal_target_acc_no_im,cal_target_acc_oracle,cal_target_acc_baseline,cal_target_acc_MLLS,cal_target_acc_RLLS,cal_baseline_AE,cal_MLLS_AE,cal_RLLS_AE,cal_source_acc
10,89.65260017050298,61.24721603563474,71.0467706013363,61.02449888641426,58.72308834446919,60.95025983667409,0.6294550678793984,0.6946697390229697,0.6374505448963976,61.17297698589458,70.52709725315516,60.28210838901262,56.273199703043794,59.16852264291017,0.6571048175155337,0.757728049250636,0.6548531655319771,89.81244671781756
