epoch,source_acc,target_acc_no_im,target_acc_oracle,target_acc_baseline,target_acc_MLLS,target_acc_RLLS,baseline_AE,MLLS_AE,RLLS_AE,cal_target_acc_no_im,cal_target_acc_oracle,cal_target_acc_baseline,cal_target_acc_MLLS,cal_target_acc_RLLS,cal_baseline_AE,cal_MLLS_AE,cal_RLLS_AE,cal_source_acc
7,98.82352941176471,98.10426540284361,99.52606635071089,98.5781990521327,99.0521327014218,99.52606635071089,0.04066586001720958,0.023415824978819805,0.02578539357886803,98.10426540284361,99.52606635071089,99.0521327014218,99.52606635071089,99.52606635071089,0.043921785381388814,0.01677844841893921,0.02676222497477673,98.76470588235294
