epoch,source_acc,target_acc_no_im,target_acc_oracle,target_acc_baseline,target_acc_MLLS,target_acc_RLLS,baseline_AE,MLLS_AE,RLLS_AE,cal_target_acc_no_im,cal_target_acc_oracle,cal_target_acc_baseline,cal_target_acc_MLLS,cal_target_acc_RLLS,cal_baseline_AE,cal_MLLS_AE,cal_RLLS_AE,cal_source_acc
44,69.08,64.93775933609959,65.04149377593362,64.93775933609959,65.04149377593362,64.62655601659752,0.22340247331716553,0.22916417754993337,0.3287920421023573,66.39004149377593,65.24896265560166,64.93775933609959,61.82572614107884,63.48547717842323,0.19756714878043477,0.38953558479886774,0.3162180038990097,70.63000000000001
