epoch,source_acc,target_acc_no_im,target_acc_oracle,target_acc_baseline,target_acc_MLLS,target_acc_RLLS,baseline_AE,MLLS_AE,RLLS_AE,cal_target_acc_no_im,cal_target_acc_oracle,cal_target_acc_baseline,cal_target_acc_MLLS,cal_target_acc_RLLS,cal_baseline_AE,cal_MLLS_AE,cal_RLLS_AE,cal_source_acc
38,79.96666666666667,52.59259259259259,55.55555555555556,54.074074074074076,54.81481481481482,54.81481481481482,0.25144786994766305,0.28905907004243797,0.3037306666262011,54.074074074074076,57.03703703703704,54.81481481481482,53.333333333333336,54.81481481481482,0.2187037874703054,0.36528642168785963,0.274381453308254,80.2
