epoch,source_acc,target_acc_no_im,target_acc_oracle,target_acc_baseline,target_acc_MLLS,target_acc_RLLS,baseline_AE,MLLS_AE,RLLS_AE,cal_target_acc_no_im,cal_target_acc_oracle,cal_target_acc_baseline,cal_target_acc_MLLS,cal_target_acc_RLLS,cal_baseline_AE,cal_MLLS_AE,cal_RLLS_AE,cal_source_acc
20,75.43691389599319,5.2413003007303445,6.630388085350136,5.055133896606043,0.4582557639982815,5.155377344980668,0.8620789573149452,nan,0.9237949092149257,3.6803666046111987,3.5944436488615206,2.0478304453673206,0.3580123156236575,1.9046255191178578,1.0329690414411683,1.9928262374546741,1.137281678599156,81.34413185564081
