epoch,source_acc,target_acc_no_im,target_acc_oracle,target_acc_baseline,target_acc_MLLS,target_acc_RLLS,baseline_AE,MLLS_AE,RLLS_AE,multarget_acc_oracle,multarget_acc_baseline,multarget_acc_MLLS,multarget_acc_RLLS
40,72.84615384615385,22.22222222222222,33.33333333333333,11.11111111111111,22.22222222222222,22.22222222222222,1.287012802630569,1.2214774493976517,1.316146185895211,33.33333333333333,11.11111111111111,22.22222222222222,22.22222222222222
