epoch,source_acc,target_acc_no_im,target_acc_oracle,target_acc_baseline,target_acc_MLLS,target_acc_RLLS,baseline_AE,MLLS_AE,RLLS_AE,cal_target_acc_no_im,cal_target_acc_oracle,cal_target_acc_baseline,cal_target_acc_MLLS,cal_target_acc_RLLS,cal_baseline_AE,cal_MLLS_AE,cal_RLLS_AE,cal_source_acc
31,86.06153846153846,89.85398727068514,90.93972295020592,90.6776488206664,90.6776488206664,90.75252714339199,0.05487896074083796,0.02746947563923854,0.02677170621793093,89.55447397978286,90.86484462748035,90.6776488206664,90.82740546611757,90.9771621115687,0.07278620566718089,0.030080153342881746,0.04050871147404013,85.98461538461538
