epoch,source_acc,target_acc_no_im,target_acc_oracle,target_acc_baseline,target_acc_MLLS,target_acc_RLLS,baseline_AE,MLLS_AE,RLLS_AE,multarget_acc_oracle,multarget_acc_baseline,multarget_acc_MLLS,multarget_acc_RLLS
10,89.64194373401536,89.87146529562982,90.74550128534705,90.17994858611826,90.0771208226221,90.0771208226221,0.12670473632806206,0.12143686641385466,0.1343622473158534,90.59125964010283,89.9228791773779,90.02570694087404,89.66580976863753
