epoch,source_acc,target_acc_no_im,target_acc_oracle,target_acc_baseline,target_acc_MLLS,target_acc_RLLS,baseline_AE,MLLS_AE,RLLS_AE,multarget_acc_oracle,multarget_acc_baseline,multarget_acc_MLLS,multarget_acc_RLLS
40,86.21538461538462,64.60662243630524,64.56420976097428,64.44000121179072,64.34911690751008,64.40364749007847,0.0859367523751251,0.1227907783304241,0.11119483363665673,64.56420976097428,64.44000121179072,64.34911690751008,64.40364749007847
