epoch,source_acc,target_acc_no_im,target_acc_oracle,target_acc_baseline,target_acc_MLLS,target_acc_RLLS,baseline_AE,MLLS_AE,RLLS_AE,cal_target_acc_no_im,cal_target_acc_oracle,cal_target_acc_baseline,cal_target_acc_MLLS,cal_target_acc_RLLS,cal_baseline_AE,cal_MLLS_AE,cal_RLLS_AE,cal_source_acc
40,81.69999999999999,78.51851851851852,77.77777777777779,78.51851851851852,78.51851851851852,79.25925925925927,0.23407469097248934,0.24021815940461777,0.2692312354639907,78.51851851851852,77.03703703703704,77.03703703703704,76.29629629629629,76.29629629629629,0.18399498214324317,0.27297943026988597,0.24827607025944584,82.63333333333334
