epoch,source_acc,target_acc_no_im,target_acc_oracle,target_acc_baseline,target_acc_MLLS,target_acc_RLLS,baseline_AE,MLLS_AE,RLLS_AE,multarget_acc_oracle,multarget_acc_baseline,multarget_acc_MLLS,multarget_acc_RLLS
7,99.47513019231558,62.39298171440652,64.16869252721699,59.07409364760596,57.24553429869993,59.084663354825075,0.6108250236687001,0.7381782943748729,0.6122358949629982,63.481661557974846,58.50332945777402,56.79103688827819,58.47162033611669
