epoch,source_acc,target_acc_no_im,target_acc_oracle,target_acc_baseline,target_acc_MLLS,target_acc_RLLS,baseline_AE,MLLS_AE,RLLS_AE,cal_target_acc_no_im,cal_target_acc_oracle,cal_target_acc_baseline,cal_target_acc_MLLS,cal_target_acc_RLLS,cal_baseline_AE,cal_MLLS_AE,cal_RLLS_AE,cal_source_acc
7,98.82352941176471,98.93617021276596,98.93617021276596,98.93617021276596,98.93617021276596,98.93617021276596,0.009547830499867203,0.009426219600206585,0.008285702852225366,98.84751773049646,98.84751773049646,98.84751773049646,98.84751773049646,98.84751773049646,0.014574281461801099,0.012170312728019474,0.012177337645088708,98.76470588235294
