epoch,source_acc,target_acc_no_im,target_acc_oracle,target_acc_baseline,target_acc_MLLS,target_acc_RLLS,baseline_AE,MLLS_AE,RLLS_AE,cal_target_acc_no_im,cal_target_acc_oracle,cal_target_acc_baseline,cal_target_acc_MLLS,cal_target_acc_RLLS,cal_baseline_AE,cal_MLLS_AE,cal_RLLS_AE,cal_source_acc
49,77.59,15.983606557377051,35.24590163934426,10.655737704918032,4.508196721311475,9.426229508196721,1.4014920405089308,1.757826776336164,1.4989019399895975,14.754098360655737,34.01639344262295,10.245901639344263,7.377049180327869,9.836065573770492,1.4113911177532905,1.7715689539975543,1.542840094412589,77.94
