epoch,source_acc,target_acc_no_im,target_acc_oracle,target_acc_baseline,target_acc_MLLS,target_acc_RLLS,baseline_AE,MLLS_AE,RLLS_AE,cal_target_acc_no_im,cal_target_acc_oracle,cal_target_acc_baseline,cal_target_acc_MLLS,cal_target_acc_RLLS,cal_baseline_AE,cal_MLLS_AE,cal_RLLS_AE,cal_source_acc
44,61.36000000000001,32.78688524590164,53.68852459016394,32.78688524590164,36.0655737704918,34.83606557377049,1.0624464373903233,0.9895671744515379,1.1258801349992553,52.459016393442624,61.47540983606557,53.278688524590166,51.229508196721305,51.229508196721305,0.729549528974918,0.7530060277809879,0.6817361299613506,68.28
