epoch,source_acc,target_acc_no_im,target_acc_oracle,target_acc_baseline,target_acc_MLLS,target_acc_RLLS,baseline_AE,MLLS_AE,RLLS_AE,multarget_acc_oracle,multarget_acc_baseline,multarget_acc_MLLS,multarget_acc_RLLS
49,59.230000000000004,58.81742738589212,59.95850622406639,56.63900414937759,45.33195020746888,48.23651452282158,0.2339124450946992,0.5738483188046567,0.43353496703702465,59.95850622406639,56.63900414937759,45.33195020746888,48.23651452282158
