epoch,source_acc,target_acc_no_im,target_acc_oracle,target_acc_baseline,target_acc_MLLS,target_acc_RLLS,baseline_AE,MLLS_AE,RLLS_AE,cal_target_acc_no_im,cal_target_acc_oracle,cal_target_acc_baseline,cal_target_acc_MLLS,cal_target_acc_RLLS,cal_baseline_AE,cal_MLLS_AE,cal_RLLS_AE,cal_source_acc
44,68.58999999999999,59.64730290456431,59.95850622406639,59.232365145228215,59.232365145228215,58.60995850622407,0.262857106985733,0.2815779996436878,0.40499250652780666,60.68464730290456,61.51452282157677,58.40248962655602,53.11203319502075,55.497925311203325,0.2822036593331264,0.6223775595224307,0.49572173604981135,70.65
