epoch,source_acc,target_acc_no_im,target_acc_oracle,target_acc_baseline,target_acc_MLLS,target_acc_RLLS,baseline_AE,MLLS_AE,RLLS_AE,multarget_acc_oracle,multarget_acc_baseline,multarget_acc_MLLS,multarget_acc_RLLS
10,98.03076923076924,86.58536585365853,92.6829268292683,87.8048780487805,87.8048780487805,87.8048780487805,0.2089947684675635,0.19904442090631982,0.2076577530051091,92.6829268292683,87.8048780487805,87.8048780487805,87.8048780487805
