epoch,source_acc,target_acc_no_im,target_acc_oracle,target_acc_baseline,target_acc_MLLS,target_acc_RLLS,baseline_AE,MLLS_AE,RLLS_AE,cal_target_acc_no_im,cal_target_acc_oracle,cal_target_acc_baseline,cal_target_acc_MLLS,cal_target_acc_RLLS,cal_baseline_AE,cal_MLLS_AE,cal_RLLS_AE,cal_source_acc
38,79.96666666666667,81.98314970836034,84.57550226830848,83.79779650032404,84.12184057031756,84.38107582631238,0.18390148601145262,0.10234708864504696,0.08888915954626976,82.17757615035644,85.54763447828904,84.96435515230071,85.48282566429035,85.48282566429035,0.22329366936970674,0.034609698718804524,0.07227436980911411,80.2
