epoch,source_acc,target_acc_no_im,target_acc_oracle,target_acc_baseline,target_acc_MLLS,target_acc_RLLS,baseline_AE,MLLS_AE,RLLS_AE,cal_target_acc_no_im,cal_target_acc_oracle,cal_target_acc_baseline,cal_target_acc_MLLS,cal_target_acc_RLLS,cal_baseline_AE,cal_MLLS_AE,cal_RLLS_AE,cal_source_acc
8,97.33611442193087,96.7389971803359,97.49908054431776,97.45004290793183,97.4132646806424,97.4132646806424,0.06694398302869414,0.03851868791261914,0.035365690050592535,97.81782518082628,98.06301336275591,98.02623513546646,98.0752727718524,98.08753218094888,0.02665601153211211,0.005080594673449956,0.007389752617007916,97.69964243146603
