epoch,source_acc,cal_source_acc
1,89.82717520858165,89.82717520858165
2,80.00595947556614,80.00595947556614
3,95.06257449344457,95.06257449344457
4,84.94934445768773,84.94934445768773
5,94.97318235995232,94.97318235995232
6,91.12038140643624,91.12038140643624
7,95.50953516090584,95.50953516090584
8,97.09773539928487,97.09773539928487
9,95.60786650774732,95.60786650774732
10,96.26936829558998,96.26936829558998
