epoch,source_acc,target_acc_no_im,target_acc_oracle,target_acc_baseline,target_acc_MLLS,target_acc_RLLS,baseline_AE,MLLS_AE,RLLS_AE,multarget_acc_oracle,multarget_acc_baseline,multarget_acc_MLLS,multarget_acc_RLLS
40,84.9076923076923,85.42818711702287,85.44313256613361,84.81542370348228,84.83036915259304,84.63607831415334,0.08977071044624449,0.09300477651537062,0.1254442004132777,85.44313256613361,84.81542370348228,84.83036915259304,84.63607831415334
