epoch,source_acc,target_acc_no_im,target_acc_oracle,target_acc_baseline,target_acc_MLLS,target_acc_RLLS,baseline_AE,MLLS_AE,RLLS_AE,multarget_acc_oracle,multarget_acc_baseline,multarget_acc_MLLS,multarget_acc_RLLS
10,89.65970446149474,60.93483452746503,64.31252132378027,58.47833503923575,55.203002388263386,58.06891845786421,0.5426061822079109,0.7193276935510393,0.5940756056592362,64.03957693619925,58.13715455475946,55.61241896963494,57.35243944046401
