epoch,source_acc,target_acc_no_im,target_acc_oracle,target_acc_baseline,target_acc_MLLS,target_acc_RLLS,baseline_AE,MLLS_AE,RLLS_AE,cal_target_acc_no_im,cal_target_acc_oracle,cal_target_acc_baseline,cal_target_acc_MLLS,cal_target_acc_RLLS,cal_baseline_AE,cal_MLLS_AE,cal_RLLS_AE,cal_source_acc
44,94.43,90.39881831610043,93.205317577548,92.31905465288035,92.31905465288035,92.46676514032495,0.12944573547245392,0.08420536171045136,0.11417622874684438,90.84194977843427,92.76218611521418,91.87592319054653,92.17134416543574,92.17134416543574,0.13117738451362976,0.0922708968477849,0.11520797275717266,94.42
