epoch,source_acc,target_acc_no_im,target_acc_oracle,target_acc_baseline,target_acc_MLLS,target_acc_RLLS,baseline_AE,MLLS_AE,RLLS_AE,multarget_acc_oracle,multarget_acc_baseline,multarget_acc_MLLS,multarget_acc_RLLS
40,71.52941176470588,47.82608695652174,60.86956521739131,47.82608695652174,47.82608695652174,47.82608695652174,0.5767825792401867,0.8729230424908909,0.8371691495135652,60.86956521739131,47.82608695652174,47.82608695652174,47.82608695652174
