epoch,source_acc,target_acc_no_im,target_acc_oracle,target_acc_baseline,target_acc_MLLS,target_acc_RLLS,baseline_AE,MLLS_AE,RLLS_AE,multarget_acc_oracle,multarget_acc_baseline,multarget_acc_MLLS,multarget_acc_RLLS
15,75.16695083830633,74.8990672420994,74.9965195600724,73.81316998468607,73.38159543366281,73.24237783655853,0.1470516767070093,0.20101536799691194,0.19279831112835755,74.2865098148406,73.10316023945427,72.96394264234999,72.4627592927746
