epoch,source_acc,target_acc_no_im,target_acc_oracle,target_acc_baseline,target_acc_MLLS,target_acc_RLLS,baseline_AE,MLLS_AE,RLLS_AE,multarget_acc_oracle,multarget_acc_baseline,multarget_acc_MLLS,multarget_acc_RLLS
7,66.91974927165181,68.46057571964957,69.71214017521903,68.96120150187734,69.21151439299123,68.33541927409262,0.17382127530972627,0.1892587716881355,0.28032304034391203,69.71214017521903,68.58573216520651,68.71088861076345,67.58448060075094
