epoch,source_acc,target_acc_no_im,target_acc_oracle,target_acc_baseline,target_acc_MLLS,target_acc_RLLS,baseline_AE,MLLS_AE,RLLS_AE,cal_target_acc_no_im,cal_target_acc_oracle,cal_target_acc_baseline,cal_target_acc_MLLS,cal_target_acc_RLLS,cal_baseline_AE,cal_MLLS_AE,cal_RLLS_AE,cal_source_acc
40,82.75,51.66666666666667,51.66666666666667,51.24999999999999,51.24999999999999,50.83333333333333,0.23758308663964267,0.2557188633829355,0.30353050723471203,50.83333333333333,50.83333333333333,50.416666666666664,47.91666666666667,50.0,0.19333561559518175,0.4632037774776108,0.2742069349660213,83.43333333333334
