epoch,source_acc,target_acc_no_im,target_acc_oracle,target_acc_baseline,target_acc_MLLS,target_acc_RLLS,baseline_AE,MLLS_AE,RLLS_AE,multarget_acc_oracle,multarget_acc_baseline,multarget_acc_MLLS,multarget_acc_RLLS
15,75.16695083830633,35.14158990105766,38.792221084953944,30.05800068236097,21.76731490958717,27.533265097236438,0.813939087176988,1.4400338501293448,0.982554082665383,38.485158648925285,29.239167519617876,23.848515864892526,27.43091095189355
