epoch,source_acc,target_acc_no_im,target_acc_oracle,target_acc_baseline,target_acc_MLLS,target_acc_RLLS,baseline_AE,MLLS_AE,RLLS_AE,cal_target_acc_no_im,cal_target_acc_oracle,cal_target_acc_baseline,cal_target_acc_MLLS,cal_target_acc_RLLS,cal_baseline_AE,cal_MLLS_AE,cal_RLLS_AE,cal_source_acc
10,97.1275327771156,73.67393880253712,73.9736530285077,74.00850351989962,74.15487558374572,74.0294138147348,0.041927103683609024,0.10919365732397462,0.06481540754986842,73.6809089008155,73.84819125949676,73.98062312678609,74.03638391301317,74.01547361817802,0.0416415974351349,0.09766009895529176,0.0615821471791097,97.12455303933254
