epoch,source_acc,target_acc_no_im,target_acc_oracle,target_acc_baseline,target_acc_MLLS,target_acc_RLLS,baseline_AE,MLLS_AE,RLLS_AE,multarget_acc_oracle,multarget_acc_baseline,multarget_acc_MLLS,multarget_acc_RLLS
40,68.0,42.69879518072289,44.40963855421687,40.14457831325301,38.98795180722892,38.433734939759034,0.5425393109014595,0.6800782319016935,0.8044720231469038,44.40963855421687,40.14457831325301,38.98795180722892,38.433734939759034
