epoch,source_acc,target_acc_no_im,target_acc_oracle,target_acc_baseline,target_acc_MLLS,target_acc_RLLS,baseline_AE,MLLS_AE,RLLS_AE,cal_target_acc_no_im,cal_target_acc_oracle,cal_target_acc_baseline,cal_target_acc_MLLS,cal_target_acc_RLLS,cal_baseline_AE,cal_MLLS_AE,cal_RLLS_AE,cal_source_acc
33,85.11764705882354,63.63636363636363,72.72727272727273,63.63636363636363,63.63636363636363,63.63636363636363,0.6852277273620446,0.7272727570750496,0.8331320863091228,63.63636363636363,72.72727272727273,63.63636363636363,63.63636363636363,63.63636363636363,0.6508524593981829,0.7591625717705142,0.7811355499016772,85.94117647058823
