epoch,source_acc,target_acc_no_im,target_acc_oracle,target_acc_baseline,target_acc_MLLS,target_acc_RLLS,baseline_AE,MLLS_AE,RLLS_AE,multarget_acc_oracle,multarget_acc_baseline,multarget_acc_MLLS,multarget_acc_RLLS
40,72.5,38.737229944732874,40.512476972031486,38.017082565734384,37.44766370792162,37.09596382515492,0.35922175839454745,0.4903268339274614,0.48564861454844926,40.512476972031486,38.017082565734384,37.44766370792162,37.09596382515492
