epoch,source_acc,target_acc_no_im,target_acc_oracle,target_acc_baseline,target_acc_MLLS,target_acc_RLLS,baseline_AE,MLLS_AE,RLLS_AE,cal_target_acc_no_im,cal_target_acc_oracle,cal_target_acc_baseline,cal_target_acc_MLLS,cal_target_acc_RLLS,cal_baseline_AE,cal_MLLS_AE,cal_RLLS_AE,cal_source_acc
33,85.11764705882354,51.42857142857142,51.42857142857142,54.285714285714285,54.285714285714285,54.285714285714285,0.464313676740442,0.5800246050776692,0.5514942240616759,54.285714285714285,51.42857142857142,57.14285714285714,54.285714285714285,54.285714285714285,0.39057348946641596,0.7346337092648874,0.4856640863613947,85.94117647058823
