epoch,source_acc,target_acc_no_im,target_acc_oracle,target_acc_baseline,target_acc_MLLS,target_acc_RLLS,baseline_AE,MLLS_AE,RLLS_AE,cal_target_acc_no_im,cal_target_acc_oracle,cal_target_acc_baseline,cal_target_acc_MLLS,cal_target_acc_RLLS,cal_baseline_AE,cal_MLLS_AE,cal_RLLS_AE,cal_source_acc
10,89.65260017050298,60.606920022688605,63.89676687464549,58.62166761202495,55.44526375496312,58.02609188882587,0.543884587089273,0.7087445467091313,0.5885658837660583,59.81281905842314,63.131026659103796,56.43788996029495,50.538854225751564,56.04083947816222,0.5763663007783428,0.8416467923431323,0.623921542836412,89.81244671781756
