epoch,source_acc,target_acc_no_im,target_acc_oracle,target_acc_baseline,target_acc_MLLS,target_acc_RLLS,baseline_AE,MLLS_AE,RLLS_AE,multarget_acc_oracle,multarget_acc_baseline,multarget_acc_MLLS,multarget_acc_RLLS
7,67.10514699390836,69.31719965427831,73.46585998271391,71.04580812445981,71.65082108902332,71.13223854796888,0.29133824473291714,0.20610433282037216,0.2307872614825288,72.77441659464131,70.44079515989628,71.04580812445981,71.21866897147797
