epoch,source_acc,target_acc_no_im,target_acc_oracle,target_acc_baseline,target_acc_MLLS,target_acc_RLLS,baseline_AE,MLLS_AE,RLLS_AE,multarget_acc_oracle,multarget_acc_baseline,multarget_acc_MLLS,multarget_acc_RLLS
40,77.88235294117646,76.32978723404256,76.95035460992908,76.32978723404256,76.24113475177306,76.15248226950354,0.11571314695773396,0.10939567858445731,0.13164188876737093,76.95035460992908,76.32978723404256,76.24113475177306,76.15248226950354
