epoch,source_acc,target_acc_no_im,target_acc_oracle,target_acc_baseline,target_acc_MLLS,target_acc_RLLS,baseline_AE,MLLS_AE,RLLS_AE,multarget_acc_oracle,multarget_acc_baseline,multarget_acc_MLLS,multarget_acc_RLLS
9,96.92307692307692,68.12850586435492,79.60224375318715,70.11728709841918,70.42325344212136,70.06629270780215,0.4961425744599418,0.4250526357274464,0.4743569078453883,79.60224375318715,70.11728709841918,70.42325344212136,70.06629270780215
