epoch,source_acc,target_acc_no_im,target_acc_oracle,target_acc_baseline,target_acc_MLLS,target_acc_RLLS,baseline_AE,MLLS_AE,RLLS_AE,cal_target_acc_no_im,cal_target_acc_oracle,cal_target_acc_baseline,cal_target_acc_MLLS,cal_target_acc_RLLS,cal_baseline_AE,cal_MLLS_AE,cal_RLLS_AE,cal_source_acc
10,97.1275327771156,76.25322257232885,76.31051274706387,76.32483529074764,76.31051274706387,76.31051274706387,0.006332695484161377,0.0121021568775177,0.00807946556989625,76.32483529074764,76.23890002864509,76.2675451160126,76.25322257232885,76.28186765969637,0.010333716869354248,0.01667293906211853,0.012225178431008787,97.12455303933254
