epoch,source_acc,target_acc_no_im,target_acc_oracle,target_acc_baseline,target_acc_MLLS,target_acc_RLLS,baseline_AE,MLLS_AE,RLLS_AE,multarget_acc_oracle,multarget_acc_baseline,multarget_acc_MLLS,multarget_acc_RLLS
9,98.75,99.079754601227,99.079754601227,99.079754601227,99.079754601227,99.079754601227,0.00449089987054925,0.004888570884619761,0.006003906489835176,99.079754601227,99.079754601227,99.079754601227,99.079754601227
