epoch,source_acc,target_acc_no_im,target_acc_oracle,target_acc_baseline,target_acc_MLLS,target_acc_RLLS,baseline_AE,MLLS_AE,RLLS_AE,cal_target_acc_no_im,cal_target_acc_oracle,cal_target_acc_baseline,cal_target_acc_MLLS,cal_target_acc_RLLS,cal_baseline_AE,cal_MLLS_AE,cal_RLLS_AE,cal_source_acc
9,79.93393009377664,39.945280437756495,49.11080711354309,37.2093023255814,30.64295485636115,35.841313269493845,0.8680560672866118,1.2324246125336593,0.9083781800333492,41.313269493844054,49.11080711354309,38.303693570451436,34.06292749658002,37.893296853625166,0.8732207579857911,1.1486597365735445,0.916977681950806,80.218101733447
