epoch,source_acc,target_acc_no_im,target_acc_oracle,target_acc_baseline,target_acc_MLLS,target_acc_RLLS,baseline_AE,MLLS_AE,RLLS_AE,multarget_acc_oracle,multarget_acc_baseline,multarget_acc_MLLS,multarget_acc_RLLS
40,75.41176470588236,73.55371900826447,78.099173553719,75.41322314049587,76.44628099173553,76.03305785123968,0.36353553907006736,0.14677552294160878,0.24269605893091692,78.099173553719,75.41322314049587,76.44628099173553,76.03305785123968
