epoch,source_acc,target_acc_no_im,target_acc_oracle,target_acc_baseline,target_acc_MLLS,target_acc_RLLS,baseline_AE,MLLS_AE,RLLS_AE,cal_target_acc_no_im,cal_target_acc_oracle,cal_target_acc_baseline,cal_target_acc_MLLS,cal_target_acc_RLLS,cal_baseline_AE,cal_MLLS_AE,cal_RLLS_AE,cal_source_acc
9,96.96153846153847,77.77777777777779,88.88888888888889,77.77777777777779,77.77777777777779,77.77777777777779,0.4906320926320404,0.3359498638246166,0.4580712107241208,77.77777777777779,88.88888888888889,88.88888888888889,88.88888888888889,88.88888888888889,0.5650444538500928,0.30475433853867645,0.518052895264508,97.34615384615385
