epoch,source_acc,target_acc_no_im,target_acc_oracle,target_acc_baseline,target_acc_MLLS,target_acc_RLLS,baseline_AE,MLLS_AE,RLLS_AE,cal_target_acc_no_im,cal_target_acc_oracle,cal_target_acc_baseline,cal_target_acc_MLLS,cal_target_acc_RLLS,cal_baseline_AE,cal_MLLS_AE,cal_RLLS_AE,cal_source_acc
9,96.96153846153847,73.07692307692307,73.07692307692307,73.07692307692307,71.15384615384616,73.07692307692307,0.31222433376555836,0.4105679773577896,0.32649041635461457,73.07692307692307,71.15384615384616,71.15384615384616,65.38461538461539,71.15384615384616,0.3083695563254878,0.44462454760045134,0.3220945997373383,97.34615384615385
