epoch,source_acc,target_acc_no_im,target_acc_oracle,target_acc_baseline,target_acc_MLLS,target_acc_RLLS,baseline_AE,MLLS_AE,RLLS_AE,cal_target_acc_no_im,cal_target_acc_oracle,cal_target_acc_baseline,cal_target_acc_MLLS,cal_target_acc_RLLS,cal_baseline_AE,cal_MLLS_AE,cal_RLLS_AE,cal_source_acc
40,77.16666666666666,17.391304347826086,47.82608695652174,17.391304347826086,17.391304347826086,17.391304347826086,1.5652198528006231,1.5652204432889172,1.53348818809196,26.08695652173913,52.17391304347826,30.434782608695656,34.78260869565217,34.78260869565217,1.364637318173545,1.1897512524699492,1.2516741150279032,80.66666666666666
