epoch,source_acc,target_acc_no_im,target_acc_oracle,target_acc_baseline,target_acc_MLLS,target_acc_RLLS,baseline_AE,MLLS_AE,RLLS_AE,multarget_acc_oracle,multarget_acc_baseline,multarget_acc_MLLS,multarget_acc_RLLS
9,98.75,92.70298047276464,93.01130524152107,93.01130524152107,93.01130524152107,93.01130524152107,0.05442723890293662,0.045447240946364556,0.04818006903640622,93.01130524152107,93.01130524152107,93.01130524152107,93.01130524152107
