epoch,source_acc,target_acc_no_im,target_acc_oracle,target_acc_baseline,target_acc_MLLS,target_acc_RLLS,baseline_AE,MLLS_AE,RLLS_AE,multarget_acc_oracle,multarget_acc_baseline,multarget_acc_MLLS,multarget_acc_RLLS
40,71.94117647058823,47.82608695652174,56.52173913043478,47.82608695652174,52.17391304347826,47.82608695652174,0.49908714943929855,0.5621811269562069,0.5787035776654597,56.52173913043478,47.82608695652174,52.17391304347826,47.82608695652174
