epoch,source_acc,target_acc_no_im,target_acc_oracle,target_acc_baseline,target_acc_MLLS,target_acc_RLLS,baseline_AE,MLLS_AE,RLLS_AE,cal_target_acc_no_im,cal_target_acc_oracle,cal_target_acc_baseline,cal_target_acc_MLLS,cal_target_acc_RLLS,cal_baseline_AE,cal_MLLS_AE,cal_RLLS_AE,cal_source_acc
8,97.72348033373063,97.8628592215351,97.94470716624227,97.92651873408512,97.94470716624227,97.94470716624227,0.017979014793627013,0.012886704979048813,0.012572901987879637,97.9356129501637,97.94470716624227,97.92651873408512,97.9356129501637,97.9356129501637,0.010381925979845275,0.005720850984717807,0.004781462088271515,97.73539928486294
