epoch,source_acc,target_acc_no_im,target_acc_oracle,target_acc_baseline,target_acc_MLLS,target_acc_RLLS,baseline_AE,MLLS_AE,RLLS_AE,cal_target_acc_no_im,cal_target_acc_oracle,cal_target_acc_baseline,cal_target_acc_MLLS,cal_target_acc_RLLS,cal_baseline_AE,cal_MLLS_AE,cal_RLLS_AE,cal_source_acc
40,68.23076923076923,11.11111111111111,55.55555555555556,11.11111111111111,11.11111111111111,11.11111111111111,1.77777807837812,1.777777835726738,2.0124271366677187,44.44444444444444,55.55555555555556,44.44444444444444,44.44444444444444,33.33333333333333,1.083283776184544,0.6747905439226021,0.6315845752277962,71.84615384615385
