epoch,source_acc,target_acc_no_im,target_acc_oracle,target_acc_baseline,target_acc_MLLS,target_acc_RLLS,baseline_AE,MLLS_AE,RLLS_AE,cal_target_acc_no_im,cal_target_acc_oracle,cal_target_acc_baseline,cal_target_acc_MLLS,cal_target_acc_RLLS,cal_baseline_AE,cal_MLLS_AE,cal_RLLS_AE,cal_source_acc
9,98.76,99.07502569373074,99.07502569373074,99.07502569373074,99.07502569373074,99.07502569373074,0.013498064341121205,0.012679845305257328,0.013246648256746707,98.97225077081193,99.17780061664953,99.17780061664953,99.17780061664953,99.17780061664953,0.01564279178354626,0.015060696547960092,0.01489681454676861,98.75
