epoch,source_acc,target_acc_no_im,target_acc_oracle,target_acc_baseline,target_acc_MLLS,target_acc_RLLS,baseline_AE,MLLS_AE,RLLS_AE,multarget_acc_oracle,multarget_acc_baseline,multarget_acc_MLLS,multarget_acc_RLLS
8,97.19904648390941,97.08216234088279,97.10695982807076,97.10695982807076,97.10695982807076,97.10695982807076,0.005097218516799618,0.007026442054244686,0.0071623624626073745,97.09042816994544,97.11522565713341,97.10695982807076,97.10695982807076
