epoch,source_acc,target_acc_no_im,target_acc_oracle,target_acc_baseline,target_acc_MLLS,target_acc_RLLS,baseline_AE,MLLS_AE,RLLS_AE,multarget_acc_oracle,multarget_acc_baseline,multarget_acc_MLLS,multarget_acc_RLLS
10,99.09377947266987,99.49534161490683,99.49534161490683,99.49534161490683,99.49534161490683,99.49534161490683,0.013234242403544247,0.009696571624936146,0.011341113398729721,99.53416149068323,99.49534161490683,99.49534161490683,99.49534161490683
