epoch,source_acc,target_acc_no_im,target_acc_oracle,target_acc_baseline,target_acc_MLLS,target_acc_RLLS,baseline_AE,MLLS_AE,RLLS_AE,multarget_acc_oracle,multarget_acc_baseline,multarget_acc_MLLS,multarget_acc_RLLS
10,98.04615384615386,87.66943018818264,90.23555731017238,89.27490459270958,89.44597973417555,89.26174496644296,0.13446132609449601,0.09889297284014795,0.1252989196120934,90.23555731017238,89.27490459270958,89.44597973417555,89.26174496644296
