epoch,source_acc,target_acc_no_im,target_acc_oracle,target_acc_baseline,target_acc_MLLS,target_acc_RLLS,baseline_AE,MLLS_AE,RLLS_AE,cal_target_acc_no_im,cal_target_acc_oracle,cal_target_acc_baseline,cal_target_acc_MLLS,cal_target_acc_RLLS,cal_baseline_AE,cal_MLLS_AE,cal_RLLS_AE,cal_source_acc
20,78.44913327649901,72.24669603524228,78.23788546255507,73.48017621145374,73.65638766519824,73.21585903083701,0.40474429975744664,0.35657692501460114,0.3639395450371323,78.59030837004404,80.79295154185021,78.5022026431718,77.88546255506607,77.97356828193833,0.2836931135795939,0.2838603378908409,0.26093161088920575,80.69408922989486
