epoch,source_acc,target_acc_no_im,target_acc_oracle,target_acc_baseline,target_acc_MLLS,target_acc_RLLS,baseline_AE,MLLS_AE,RLLS_AE,multarget_acc_oracle,multarget_acc_baseline,multarget_acc_MLLS,multarget_acc_RLLS
4,69.19,59.20245398773007,53.45092024539877,53.220858895705526,41.56441717791411,39.34049079754601,0.20138390631946318,0.5260343282877937,0.47287518614685736,53.45092024539877,53.220858895705526,41.56441717791411,39.34049079754601
