epoch,source_acc,target_acc_no_im,target_acc_oracle,target_acc_baseline,target_acc_MLLS,target_acc_RLLS,baseline_AE,MLLS_AE,RLLS_AE,multarget_acc_oracle,multarget_acc_baseline,multarget_acc_MLLS,multarget_acc_RLLS
8,95.7592339261286,96.3855421686747,96.3855421686747,96.3855421686747,95.18072289156626,96.3855421686747,0.08530368044489203,0.08961659359224347,0.1084336136659601,96.3855421686747,95.18072289156626,95.18072289156626,95.18072289156626
