epoch,source_acc,target_acc_no_im,target_acc_oracle,target_acc_baseline,target_acc_MLLS,target_acc_RLLS,baseline_AE,MLLS_AE,RLLS_AE,cal_target_acc_no_im,cal_target_acc_oracle,cal_target_acc_baseline,cal_target_acc_MLLS,cal_target_acc_RLLS,cal_baseline_AE,cal_MLLS_AE,cal_RLLS_AE,cal_source_acc
30,73.53846153846155,74.55919395465995,81.86397984886649,79.34508816120906,80.60453400503779,80.35264483627203,0.3675463084905334,0.17525518026967715,0.2603006644872735,72.544080604534,81.36020151133502,79.59697732997482,81.36020151133502,79.59697732997482,0.49872557032924913,0.10185842948822918,0.21600696121668078,73.34615384615385
