epoch,source_acc,target_acc_no_im,target_acc_oracle,target_acc_baseline,target_acc_MLLS,target_acc_RLLS,baseline_AE,MLLS_AE,RLLS_AE,cal_target_acc_no_im,cal_target_acc_oracle,cal_target_acc_baseline,cal_target_acc_MLLS,cal_target_acc_RLLS,cal_baseline_AE,cal_MLLS_AE,cal_RLLS_AE,cal_source_acc
46,90.2872777017784,72.44897959183673,81.63265306122449,72.44897959183673,61.224489795918366,71.42857142857143,0.6864661149281476,0.5630487749597761,0.5659232057857891,66.3265306122449,76.53061224489795,66.3265306122449,62.244897959183675,64.28571428571429,0.6065039041781316,0.6296050167774389,0.5790371168806266,92.61285909712723
