epoch,source_acc,target_acc_no_im,target_acc_oracle,target_acc_baseline,target_acc_MLLS,target_acc_RLLS,baseline_AE,MLLS_AE,RLLS_AE,cal_target_acc_no_im,cal_target_acc_oracle,cal_target_acc_baseline,cal_target_acc_MLLS,cal_target_acc_RLLS,cal_baseline_AE,cal_MLLS_AE,cal_RLLS_AE,cal_source_acc
31,86.06153846153846,68.29268292682927,73.17073170731707,69.10569105691057,69.10569105691057,69.10569105691057,0.24441217243429122,0.23387598603721557,0.24586511443454376,69.10569105691057,76.42276422764228,69.10569105691057,73.17073170731707,71.54471544715447,0.26432058842080397,0.22265796548103897,0.25456328509565385,85.98461538461538
