epoch,source_acc,target_acc_no_im,target_acc_oracle,target_acc_baseline,target_acc_MLLS,target_acc_RLLS,baseline_AE,MLLS_AE,RLLS_AE,multarget_acc_oracle,multarget_acc_baseline,multarget_acc_MLLS,multarget_acc_RLLS
49,83.31053351573188,91.66666666666666,100.0,91.66666666666666,91.66666666666666,91.66666666666666,0.6411407259680951,0.21320171161552237,0.6005725478969696,100.0,83.33333333333334,91.66666666666666,83.33333333333334
