epoch,source_acc,target_acc_no_im,target_acc_oracle,target_acc_baseline,target_acc_MLLS,target_acc_RLLS,baseline_AE,MLLS_AE,RLLS_AE,cal_target_acc_no_im,cal_target_acc_oracle,cal_target_acc_baseline,cal_target_acc_MLLS,cal_target_acc_RLLS,cal_baseline_AE,cal_MLLS_AE,cal_RLLS_AE,cal_source_acc
30,73.53846153846155,33.33333333333333,55.55555555555556,33.33333333333333,33.33333333333333,33.33333333333333,1.0873445660262302,1.0542921643290253,1.06761460653934,33.33333333333333,55.55555555555556,44.44444444444444,44.44444444444444,44.44444444444444,1.0633811786473313,0.8888888677996593,0.9454733632848813,73.34615384615385
