epoch,source_acc,target_acc_no_im,target_acc_oracle,target_acc_baseline,target_acc_MLLS,target_acc_RLLS,baseline_AE,MLLS_AE,RLLS_AE,cal_target_acc_no_im,cal_target_acc_oracle,cal_target_acc_baseline,cal_target_acc_MLLS,cal_target_acc_RLLS,cal_baseline_AE,cal_MLLS_AE,cal_RLLS_AE,cal_source_acc
49,77.59,61.53846153846154,62.54180602006689,56.35451505016722,50.33444816053512,52.84280936454849,0.36096138365794106,0.654029843485283,0.5073902955347043,62.207357859531776,64.88294314381271,58.862876254180605,52.675585284280935,55.852842809364546,0.36108702689021466,0.634345089744463,0.5209488066893725,77.94
