epoch,source_acc,target_acc_no_im,target_acc_oracle,target_acc_baseline,target_acc_MLLS,target_acc_RLLS,baseline_AE,MLLS_AE,RLLS_AE,multarget_acc_oracle,multarget_acc_baseline,multarget_acc_MLLS,multarget_acc_RLLS
40,73.41176470588235,58.82352941176471,58.82352941176471,57.35294117647059,57.35294117647059,55.88235294117647,0.25376372296801386,0.3662482688532156,0.4069820508508022,58.82352941176471,57.35294117647059,57.35294117647059,55.88235294117647
