epoch,source_acc,target_acc_no_im,target_acc_oracle,target_acc_baseline,target_acc_MLLS,target_acc_RLLS,baseline_AE,MLLS_AE,RLLS_AE,multarget_acc_oracle,multarget_acc_baseline,multarget_acc_MLLS,multarget_acc_RLLS
49,53.669999999999995,44.26229508196721,57.786885245901644,41.80327868852459,37.295081967213115,43.85245901639344,0.9616314588767307,0.9914080130202542,0.9067877910981414,57.786885245901644,41.80327868852459,37.295081967213115,43.85245901639344
