epoch,source_acc,target_acc_no_im,target_acc_oracle,target_acc_baseline,target_acc_MLLS,target_acc_RLLS,baseline_AE,MLLS_AE,RLLS_AE,cal_target_acc_no_im,cal_target_acc_oracle,cal_target_acc_baseline,cal_target_acc_MLLS,cal_target_acc_RLLS,cal_baseline_AE,cal_MLLS_AE,cal_RLLS_AE,cal_source_acc
7,66.91092080868721,67.0193115029387,67.12006717044501,66.80100755667506,66.8849706129303,66.51553316540722,0.09081604263819927,0.10158660611426247,0.184555206030512,67.17044500419816,67.3887489504618,67.0528967254408,66.86817800167925,66.66666666666666,0.07962112882484211,0.14783564809772237,0.1494591242545348,67.24640240134192
