epoch,source_acc,target_acc_no_im,target_acc_oracle,target_acc_baseline,target_acc_MLLS,target_acc_RLLS,baseline_AE,MLLS_AE,RLLS_AE,cal_target_acc_no_im,cal_target_acc_oracle,cal_target_acc_baseline,cal_target_acc_MLLS,cal_target_acc_RLLS,cal_baseline_AE,cal_MLLS_AE,cal_RLLS_AE,cal_source_acc
9,98.76,61.356628982528264,65.15930113052416,59.0955806783145,58.067831449126416,59.0955806783145,0.5475089123237109,0.6333307476478791,0.5530829810162942,63.82322713257965,69.06474820143885,59.40390544707091,56.11510791366906,59.3011305241521,0.5195942727613425,0.6673119285192728,0.5274089897894421,98.75
