epoch,source_acc,target_acc_no_im,target_acc_oracle,target_acc_baseline,target_acc_MLLS,target_acc_RLLS,baseline_AE,MLLS_AE,RLLS_AE,multarget_acc_oracle,multarget_acc_baseline,multarget_acc_MLLS,multarget_acc_RLLS
15,68.95424836601308,44.42986881937437,47.013118062563066,43.52169525731584,34.349142280524724,42.522704339051465,0.43628011520673693,1.0449084583164223,0.5010912157865411,46.24621594349143,42.472250252270435,38.29465186680121,41.69525731584258
