epoch,source_acc,target_acc_no_im,target_acc_oracle,target_acc_baseline,target_acc_MLLS,target_acc_RLLS,baseline_AE,MLLS_AE,RLLS_AE,multarget_acc_oracle,multarget_acc_baseline,multarget_acc_MLLS,multarget_acc_RLLS
28,51.53173832435773,54.290718038528894,54.903677758318736,54.72854640980736,54.42206654991243,52.49562171628721,0.15737982317059596,0.1943238197754287,0.3883392317526826,53.239929947460595,52.80210157618214,52.49562171628721,50.700525394045535
