epoch,source_acc,target_acc_no_im,target_acc_oracle,target_acc_baseline,target_acc_MLLS,target_acc_RLLS,baseline_AE,MLLS_AE,RLLS_AE,cal_target_acc_no_im,cal_target_acc_oracle,cal_target_acc_baseline,cal_target_acc_MLLS,cal_target_acc_RLLS,cal_baseline_AE,cal_MLLS_AE,cal_RLLS_AE,cal_source_acc
38,79.96666666666667,66.66666666666666,83.33333333333334,69.04761904761905,71.42857142857143,71.42857142857143,0.5704251992550173,0.5210897932605196,0.5668857475779934,64.28571428571429,83.33333333333334,69.04761904761905,73.80952380952381,73.80952380952381,0.6348872862207438,0.5104262229720395,0.6087702017501742,80.2
