epoch,source_acc,target_acc_no_im,target_acc_oracle,target_acc_baseline,target_acc_MLLS,target_acc_RLLS,baseline_AE,MLLS_AE,RLLS_AE,cal_target_acc_no_im,cal_target_acc_oracle,cal_target_acc_baseline,cal_target_acc_MLLS,cal_target_acc_RLLS,cal_baseline_AE,cal_MLLS_AE,cal_RLLS_AE,cal_source_acc
20,75.50085251491902,4.634782608695652,4.855072463768116,4.3362318840579706,0.2898550724637681,4.3246376811594205,0.5495054333516316,nan,0.6778025677471202,2.6608695652173915,2.426086956521739,1.3159420289855073,0.2898550724637681,1.0869565217391304,0.7985013142911962,1.9941236303247807,0.9638994081829727,81.41162262006252
