epoch,source_acc,target_acc_no_im,target_acc_oracle,target_acc_baseline,target_acc_MLLS,target_acc_RLLS,baseline_AE,MLLS_AE,RLLS_AE,multarget_acc_oracle,multarget_acc_baseline,multarget_acc_MLLS,multarget_acc_RLLS
10,97.03333333333333,97.60976877110939,97.58378799688231,97.58378799688231,97.58378799688231,97.58378799688231,0.014658174710529728,0.01448698362800619,0.016282211421597446,97.58378799688231,97.58378799688231,97.58378799688231,97.58378799688231
