epoch,source_acc,target_acc_no_im,target_acc_oracle,target_acc_baseline,target_acc_MLLS,target_acc_RLLS,baseline_AE,MLLS_AE,RLLS_AE,cal_target_acc_no_im,cal_target_acc_oracle,cal_target_acc_baseline,cal_target_acc_MLLS,cal_target_acc_RLLS,cal_baseline_AE,cal_MLLS_AE,cal_RLLS_AE,cal_source_acc
9,99.97949727313733,99.97258771929825,99.97258771929825,99.97258771929825,99.97258771929825,99.97258771929825,0.0005807952399839444,0.0005791631053414237,0.0005487173618580685,99.97258771929825,99.97258771929825,99.97258771929825,99.97258771929825,99.97258771929825,0.00046797292797189083,0.0004712726201927392,0.0004795268346795556,99.97949727313733
