epoch,source_acc,target_acc_no_im,target_acc_oracle,target_acc_baseline,target_acc_MLLS,target_acc_RLLS,baseline_AE,MLLS_AE,RLLS_AE,cal_target_acc_no_im,cal_target_acc_oracle,cal_target_acc_baseline,cal_target_acc_MLLS,cal_target_acc_RLLS,cal_baseline_AE,cal_MLLS_AE,cal_RLLS_AE,cal_source_acc
41,84.5,57.6271186440678,68.00847457627118,59.32203389830508,59.53389830508474,60.16949152542372,0.6841720503013012,0.6476904165189145,0.5222425627525153,81.99152542372882,83.89830508474576,81.99152542372882,80.29661016949152,81.5677966101695,0.2274225070456958,0.27345202285480696,0.17374610427055381,92.17
