epoch,source_acc,target_acc_no_im,target_acc_oracle,target_acc_baseline,target_acc_MLLS,target_acc_RLLS,baseline_AE,MLLS_AE,RLLS_AE,multarget_acc_oracle,multarget_acc_baseline,multarget_acc_MLLS,multarget_acc_RLLS
49,82.76333789329685,49.333333333333336,60.0,45.33333333333333,52.0,50.66666666666667,0.8513331382706142,0.9024971525395907,0.8300348931667137,60.0,48.0,54.666666666666664,49.333333333333336
