epoch,source_acc,target_acc_no_im,target_acc_oracle,target_acc_baseline,target_acc_MLLS,target_acc_RLLS,baseline_AE,MLLS_AE,RLLS_AE,multarget_acc_oracle,multarget_acc_baseline,multarget_acc_MLLS,multarget_acc_RLLS
40,84.9076923076923,65.34555362893238,66.62744612335892,65.63041862769383,65.59326232350755,65.33316819420362,0.25354381758652317,0.23685314588881762,0.2769615000857198,66.62744612335892,65.63041862769383,65.59326232350755,65.33316819420362
