epoch,source_acc,target_acc_no_im,target_acc_oracle,target_acc_baseline,target_acc_MLLS,target_acc_RLLS,baseline_AE,MLLS_AE,RLLS_AE,multarget_acc_oracle,multarget_acc_baseline,multarget_acc_MLLS,multarget_acc_RLLS
40,86.92307692307692,89.02439024390245,91.46341463414635,89.02439024390245,89.02439024390245,89.02439024390245,0.2041063972226367,0.10816088719747857,0.15334995274072422,91.46341463414635,89.02439024390245,89.02439024390245,89.02439024390245
