epoch,source_acc,target_acc_no_im,target_acc_oracle,target_acc_baseline,target_acc_MLLS,target_acc_RLLS,baseline_AE,MLLS_AE,RLLS_AE,cal_target_acc_no_im,cal_target_acc_oracle,cal_target_acc_baseline,cal_target_acc_MLLS,cal_target_acc_RLLS,cal_baseline_AE,cal_MLLS_AE,cal_RLLS_AE,cal_source_acc
7,66.91092080868721,67.82485875706215,69.40677966101696,68.44632768361582,68.50282485875707,67.93785310734464,0.18203898450913994,0.16957329026410903,0.22911172817821637,68.05084745762711,69.66101694915254,68.8135593220339,68.89830508474576,68.78531073446328,0.19361456293922835,0.20046672371983765,0.20490831672431187,67.24640240134192
