epoch,source_acc,target_acc_no_im,target_acc_oracle,target_acc_baseline,target_acc_MLLS,target_acc_RLLS,baseline_AE,MLLS_AE,RLLS_AE,multarget_acc_oracle,multarget_acc_baseline,multarget_acc_MLLS,multarget_acc_RLLS
10,98.04615384615386,83.68838246222442,84.20237800346793,83.95466930889273,84.00421104780777,83.94228387416398,0.12522191394942658,0.11970875558302874,0.12475001925043476,84.20237800346793,83.95466930889273,84.00421104780777,83.94228387416398
