epoch,source_acc,target_acc_no_im,target_acc_oracle,target_acc_baseline,target_acc_MLLS,target_acc_RLLS,baseline_AE,MLLS_AE,RLLS_AE,multarget_acc_oracle,multarget_acc_baseline,multarget_acc_MLLS,multarget_acc_RLLS
49,42.44,27.4896265560166,28.838174273858918,21.473029045643152,10.684647302904564,20.020746887966805,0.4644774773884642,1.520542828582852,0.68121106759488,28.838174273858918,21.473029045643152,10.684647302904564,20.020746887966805
