epoch,source_acc,target_acc_no_im,target_acc_oracle,target_acc_baseline,target_acc_MLLS,target_acc_RLLS,baseline_AE,MLLS_AE,RLLS_AE,cal_target_acc_no_im,cal_target_acc_oracle,cal_target_acc_baseline,cal_target_acc_MLLS,cal_target_acc_RLLS,cal_baseline_AE,cal_MLLS_AE,cal_RLLS_AE,cal_source_acc
10,98.03076923076924,79.8780487804878,81.70731707317073,81.70731707317073,81.70731707317073,81.70731707317073,0.15156432150340665,0.15879995911950018,0.15371968378286965,79.26829268292683,79.8780487804878,79.26829268292683,79.26829268292683,79.26829268292683,0.16132128792928485,0.16817627783592154,0.1632533956257308,98.15384615384616
