epoch,source_acc,target_acc_no_im,target_acc_oracle,target_acc_baseline,target_acc_MLLS,target_acc_RLLS,baseline_AE,MLLS_AE,RLLS_AE,multarget_acc_oracle,multarget_acc_baseline,multarget_acc_MLLS,multarget_acc_RLLS
49,42.44,40.635451505016725,43.31103678929766,34.78260869565217,28.762541806020064,31.93979933110368,0.5091663641647987,0.9018709311869255,0.6613221839898906,43.31103678929766,34.78260869565217,28.762541806020064,31.93979933110368
