epoch,source_acc,target_acc_no_im,target_acc_oracle,target_acc_baseline,target_acc_MLLS,target_acc_RLLS,baseline_AE,MLLS_AE,RLLS_AE,cal_target_acc_no_im,cal_target_acc_oracle,cal_target_acc_baseline,cal_target_acc_MLLS,cal_target_acc_RLLS,cal_baseline_AE,cal_MLLS_AE,cal_RLLS_AE,cal_source_acc
10,98.03076923076924,86.58536585365853,92.6829268292683,87.8048780487805,87.8048780487805,87.8048780487805,0.20898309939588125,0.19901964772583505,0.2076471077762328,85.36585365853658,91.46341463414635,89.02439024390245,89.02439024390245,89.02439024390245,0.20435707661063798,0.17587070778103134,0.2049142776662396,98.15384615384616
