epoch,source_acc,target_acc_no_im,target_acc_oracle,target_acc_baseline,target_acc_MLLS,target_acc_RLLS,baseline_AE,MLLS_AE,RLLS_AE,cal_target_acc_no_im,cal_target_acc_oracle,cal_target_acc_baseline,cal_target_acc_MLLS,cal_target_acc_RLLS,cal_baseline_AE,cal_MLLS_AE,cal_RLLS_AE,cal_source_acc
41,87.46000000000001,58.26271186440678,65.88983050847457,59.7457627118644,59.7457627118644,59.7457627118644,0.6818031829039929,0.6524079937677262,0.5684462112288868,77.7542372881356,81.99152542372882,82.20338983050848,81.14406779661016,82.83898305084746,0.27336217856066203,0.0488214210244193,0.16740809392098666,92.41
