epoch,source_acc,target_acc_no_im,target_acc_oracle,target_acc_baseline,target_acc_MLLS,target_acc_RLLS,baseline_AE,MLLS_AE,RLLS_AE,cal_target_acc_no_im,cal_target_acc_oracle,cal_target_acc_baseline,cal_target_acc_MLLS,cal_target_acc_RLLS,cal_baseline_AE,cal_MLLS_AE,cal_RLLS_AE,cal_source_acc
41,91.14999999999999,90.03067484662577,90.03067484662577,90.03067484662577,90.03067484662577,90.03067484662577,0.06730085234243445,0.06152266259390883,0.05413840427511953,90.72085889570552,91.18098159509202,90.95092024539878,90.95092024539878,90.87423312883436,0.052601855111085546,0.03470746926003436,0.03539118408307813,91.60000000000001
