epoch,source_acc,target_acc_no_im,target_acc_oracle,target_acc_baseline,target_acc_MLLS,target_acc_RLLS,baseline_AE,MLLS_AE,RLLS_AE,multarget_acc_oracle,multarget_acc_baseline,multarget_acc_MLLS,multarget_acc_RLLS
49,55.02,53.191489361702125,60.1063829787234,50.26595744680851,52.12765957446809,44.9468085106383,0.727602414836354,0.6183081721921828,0.7198912446215904,60.1063829787234,50.26595744680851,52.12765957446809,44.9468085106383
