epoch,source_acc,target_acc_no_im,target_acc_oracle,target_acc_baseline,target_acc_MLLS,target_acc_RLLS,baseline_AE,MLLS_AE,RLLS_AE,multarget_acc_oracle,multarget_acc_baseline,multarget_acc_MLLS,multarget_acc_RLLS
15,76.38533674339301,75.97122302158273,83.59712230215828,78.84892086330936,80.14388489208632,80.28776978417265,0.4780942145283288,0.2613924468466023,0.31330083938783104,83.02158273381295,78.99280575539568,79.71223021582733,79.56834532374101
