epoch,source_acc,target_acc_no_im,target_acc_oracle,target_acc_baseline,target_acc_MLLS,target_acc_RLLS,baseline_AE,MLLS_AE,RLLS_AE,cal_target_acc_no_im,cal_target_acc_oracle,cal_target_acc_baseline,cal_target_acc_MLLS,cal_target_acc_RLLS,cal_baseline_AE,cal_MLLS_AE,cal_RLLS_AE,cal_source_acc
7,99.47923073768811,68.8715953307393,71.45636464702612,69.34408004446915,69.45525291828794,69.31628682601445,0.45406997511955416,0.5157667678349991,0.461171184394437,72.06781545302945,74.79155086158977,72.84602556976097,73.04057809894385,72.87381878821567,0.3920311280368325,0.4498136932031743,0.39269753223105164,99.65145364333456
