epoch,source_acc,target_acc_no_im,target_acc_oracle,target_acc_baseline,target_acc_MLLS,target_acc_RLLS,baseline_AE,MLLS_AE,RLLS_AE,multarget_acc_oracle,multarget_acc_baseline,multarget_acc_MLLS,multarget_acc_RLLS
40,84.9076923076923,62.264150943396224,75.47169811320755,73.58490566037736,69.81132075471697,73.58490566037736,0.4988279145492135,0.39202034178207223,0.46218027998628464,75.47169811320755,73.58490566037736,69.81132075471697,73.58490566037736
