epoch,source_acc,target_acc_no_im,target_acc_oracle,target_acc_baseline,target_acc_MLLS,target_acc_RLLS,baseline_AE,MLLS_AE,RLLS_AE,cal_target_acc_no_im,cal_target_acc_oracle,cal_target_acc_baseline,cal_target_acc_MLLS,cal_target_acc_RLLS,cal_baseline_AE,cal_MLLS_AE,cal_RLLS_AE,cal_source_acc
7,98.82352941176471,85.56626506024097,86.72289156626506,85.39759036144578,85.3012048192771,85.42168674698796,0.20417025951825707,0.21875632820808022,0.20947341770425917,85.49397590361446,85.95180722891567,84.8433734939759,84.55421686746988,84.72289156626506,0.19977690847074409,0.22780956966959565,0.20549969055674772,98.76470588235294
