epoch,source_acc,target_acc_no_im,target_acc_oracle,target_acc_baseline,target_acc_MLLS,target_acc_RLLS,baseline_AE,MLLS_AE,RLLS_AE,cal_target_acc_no_im,cal_target_acc_oracle,cal_target_acc_baseline,cal_target_acc_MLLS,cal_target_acc_RLLS,cal_baseline_AE,cal_MLLS_AE,cal_RLLS_AE,cal_source_acc
40,81.9846153846154,50.0,65.85365853658537,50.0,50.0,50.0,0.603552184362964,0.5878930867354317,0.5915893526906923,58.536585365853654,63.41463414634146,59.756097560975604,58.536585365853654,57.3170731707317,0.3991492697855503,0.6170311864339832,0.4759067914775636,82.67692307692307
