epoch,source_acc,target_acc_no_im,target_acc_oracle,target_acc_baseline,target_acc_MLLS,target_acc_RLLS,baseline_AE,MLLS_AE,RLLS_AE,cal_target_acc_no_im,cal_target_acc_oracle,cal_target_acc_baseline,cal_target_acc_MLLS,cal_target_acc_RLLS,cal_baseline_AE,cal_MLLS_AE,cal_RLLS_AE,cal_source_acc
38,79.96666666666667,40.43346539268236,50.82731298065719,43.53297599627127,45.164297366581216,44.6515963644838,0.7022042571971998,0.5032798876571478,0.5548910866077065,41.13260312281519,54.27639244931252,46.702400372873456,50.54765788860406,48.28711256117455,0.7379468428751268,0.30392384858198507,0.5744638902641976,80.2
