epoch,source_acc,target_acc_no_im,target_acc_oracle,target_acc_baseline,target_acc_MLLS,target_acc_RLLS,baseline_AE,MLLS_AE,RLLS_AE,multarget_acc_oracle,multarget_acc_baseline,multarget_acc_MLLS,multarget_acc_RLLS
10,99.43412473859024,20.09987515605493,24.21972534332085,16.329588014981272,13.508114856429462,16.154806491885143,1.191057839018866,1.481016380571815,1.1940302932278546,24.294631710362047,16.5792759051186,13.782771535580524,16.504369538077405
