epoch,source_acc,target_acc_no_im,target_acc_oracle,target_acc_baseline,target_acc_MLLS,target_acc_RLLS,baseline_AE,MLLS_AE,RLLS_AE,multarget_acc_oracle,multarget_acc_baseline,multarget_acc_MLLS,multarget_acc_RLLS
8,97.19904648390941,85.04606661941885,90.83392393101819,88.89676352468699,90.17245452397826,89.2983699503898,0.2284500371711406,0.0737227719323787,0.17455282045871695,90.78667611622963,88.84951570989841,90.17245452397826,89.22749822820694
