epoch,source_acc,target_acc_no_im,target_acc_oracle,target_acc_baseline,target_acc_MLLS,target_acc_RLLS,baseline_AE,MLLS_AE,RLLS_AE,multarget_acc_oracle,multarget_acc_baseline,multarget_acc_MLLS,multarget_acc_RLLS
9,98.75,99.17780061664953,99.17780061664953,99.17780061664953,99.17780061664953,99.17780061664953,0.010495125035633782,0.009456338617426133,0.010885195805338654,99.17780061664953,99.17780061664953,99.17780061664953,99.17780061664953
