epoch,source_acc,target_acc_no_im,target_acc_oracle,target_acc_baseline,target_acc_MLLS,target_acc_RLLS,baseline_AE,MLLS_AE,RLLS_AE,cal_target_acc_no_im,cal_target_acc_oracle,cal_target_acc_baseline,cal_target_acc_MLLS,cal_target_acc_RLLS,cal_baseline_AE,cal_MLLS_AE,cal_RLLS_AE,cal_source_acc
41,92.10000000000001,84.66257668711657,85.04601226993866,84.96932515337423,84.96932515337423,85.04601226993866,0.08772824754927054,0.08273741653177634,0.07968535117920601,85.35276073619632,85.12269938650306,84.50920245398773,84.3558282208589,84.27914110429448,0.13748732956549142,0.15376168852843392,0.14405357472513225,92.32000000000001
