epoch,source_acc,target_acc_no_im,target_acc_oracle,target_acc_baseline,target_acc_MLLS,target_acc_RLLS,baseline_AE,MLLS_AE,RLLS_AE,cal_target_acc_no_im,cal_target_acc_oracle,cal_target_acc_baseline,cal_target_acc_MLLS,cal_target_acc_RLLS,cal_baseline_AE,cal_MLLS_AE,cal_RLLS_AE,cal_source_acc
9,79.93393009377664,43.72491303184373,47.33743644634734,41.798233877441795,28.364998662028363,40.513781107840515,0.6252658932406328,1.162737919272197,0.7117089287202261,44.76853090714477,47.73882793684774,43.05592721434305,38.74765854963875,41.82499331014182,0.6171057530867368,0.8906058181884882,0.7047286110178963,80.218101733447
