epoch,source_acc,target_acc_no_im,target_acc_oracle,target_acc_baseline,target_acc_MLLS,target_acc_RLLS,baseline_AE,MLLS_AE,RLLS_AE,cal_target_acc_no_im,cal_target_acc_oracle,cal_target_acc_baseline,cal_target_acc_MLLS,cal_target_acc_RLLS,cal_baseline_AE,cal_MLLS_AE,cal_RLLS_AE,cal_source_acc
20,77.063796533106,31.122448979591837,43.62244897959184,31.122448979591837,29.591836734693878,30.86734693877551,1.1716259705411416,1.2182473172230321,1.1828695257891182,37.244897959183675,44.642857142857146,35.96938775510204,25.255102040816325,33.16326530612245,1.0196992788473929,1.333552107886773,1.0246884806669758,80.99957374254049
