epoch,source_acc,target_acc_no_im,target_acc_oracle,target_acc_baseline,target_acc_MLLS,target_acc_RLLS,baseline_AE,MLLS_AE,RLLS_AE,cal_target_acc_no_im,cal_target_acc_oracle,cal_target_acc_baseline,cal_target_acc_MLLS,cal_target_acc_RLLS,cal_baseline_AE,cal_MLLS_AE,cal_RLLS_AE,cal_source_acc
20,80.67277635691958,80.27286649032438,80.24502297090352,80.1336488932201,80.05011833495755,80.0779618543784,0.08806384573827705,0.09796376433952494,0.11769877371679568,80.48169288598079,80.55130168453293,80.3842405680078,80.23110121119309,80.31463176945566,0.08083145737331818,0.13278288086013607,0.11149758295837578,81.37610116510372
