epoch,source_acc,target_acc_no_im,target_acc_oracle,target_acc_baseline,target_acc_MLLS,target_acc_RLLS,baseline_AE,MLLS_AE,RLLS_AE,multarget_acc_oracle,multarget_acc_baseline,multarget_acc_MLLS,multarget_acc_RLLS
4,69.19,54.77903391572456,46.35149023638232,44.19321685508736,26.20760534429599,30.935251798561154,0.34541910448765334,1.1854811109193368,0.8137146969531814,46.35149023638232,44.19321685508736,26.20760534429599,30.935251798561154
