epoch,source_acc,target_acc_no_im,target_acc_oracle,target_acc_baseline,target_acc_MLLS,target_acc_RLLS,baseline_AE,MLLS_AE,RLLS_AE,multarget_acc_oracle,multarget_acc_baseline,multarget_acc_MLLS,multarget_acc_RLLS
49,56.00000000000001,42.02127659574468,52.3936170212766,37.5,25.265957446808514,35.638297872340424,0.7645726363382678,1.229903027472669,0.8026001796454327,52.3936170212766,37.5,25.265957446808514,35.638297872340424
