epoch,source_acc,cal_source_acc
1,84.07628128724673,84.07628128724673
2,81.95768772348033,81.95768772348033
3,90.42014302741359,90.42014302741359
4,89.16567342073898,89.16567342073898
5,62.68474374255065,62.68474374255065
6,91.20679380214541,91.20679380214541
7,96.21275327771156,96.21275327771156
8,91.6746126340882,91.6746126340882
9,90.6108462455304,90.6108462455304
10,97.1275327771156,97.1275327771156
