epoch,source_acc,target_acc_no_im,target_acc_oracle,target_acc_baseline,target_acc_MLLS,target_acc_RLLS,baseline_AE,MLLS_AE,RLLS_AE,multarget_acc_oracle,multarget_acc_baseline,multarget_acc_MLLS,multarget_acc_RLLS
8,97.19904648390941,67.64953119948271,67.34561913999353,66.29162625282898,65.25703200775945,66.09763983187842,0.27806789732233744,0.47125748849169474,0.3240787221825967,67.26155835758163,66.25929518267054,65.18590365341093,66.08470740381507
