epoch,source_acc,target_acc_no_im,target_acc_oracle,target_acc_baseline,target_acc_MLLS,target_acc_RLLS,baseline_AE,MLLS_AE,RLLS_AE,cal_target_acc_no_im,cal_target_acc_oracle,cal_target_acc_baseline,cal_target_acc_MLLS,cal_target_acc_RLLS,cal_baseline_AE,cal_MLLS_AE,cal_RLLS_AE,cal_source_acc
10,89.65260017050298,64.66302367941712,70.49180327868852,63.20582877959927,61.56648451730419,62.659380692167574,0.6149625904106469,0.6841539529923195,0.6234977183672987,63.20582877959927,67.75956284153006,61.93078324225865,59.19854280510018,61.93078324225865,0.6377819248836807,0.7267741059643894,0.6383624699105294,89.81244671781756
