epoch,source_acc,target_acc_no_im,target_acc_oracle,target_acc_baseline,target_acc_MLLS,target_acc_RLLS,baseline_AE,MLLS_AE,RLLS_AE,multarget_acc_oracle,multarget_acc_baseline,multarget_acc_MLLS,multarget_acc_RLLS
49,81.94254445964432,44.48669201520912,47.52851711026616,43.346007604562736,31.1787072243346,42.585551330798474,0.5087530494777366,1.2434772600473807,0.5287856777913008,47.52851711026616,41.44486692015209,31.1787072243346,39.92395437262358
