epoch,source_acc,target_acc_no_im,target_acc_oracle,target_acc_baseline,target_acc_MLLS,target_acc_RLLS,baseline_AE,MLLS_AE,RLLS_AE,multarget_acc_oracle,multarget_acc_baseline,multarget_acc_MLLS,multarget_acc_RLLS
40,86.4,69.81132075471697,79.24528301886792,75.47169811320755,73.58490566037736,75.47169811320755,0.46058120842109307,0.34275494316363,0.4092657536803149,79.24528301886792,75.47169811320755,73.58490566037736,75.47169811320755
