epoch,source_acc,target_acc_no_im,target_acc_oracle,target_acc_baseline,target_acc_MLLS,target_acc_RLLS,baseline_AE,MLLS_AE,RLLS_AE,multarget_acc_oracle,multarget_acc_baseline,multarget_acc_MLLS,multarget_acc_RLLS
4,69.19,71.73689619732785,61.87050359712231,63.82322713257965,46.24871531346352,45.426515930113055,0.2699739255914646,0.47155004435217973,0.5259839636878125,61.87050359712231,63.82322713257965,46.24871531346352,45.426515930113055
