epoch,source_acc,target_acc_no_im,target_acc_oracle,target_acc_baseline,target_acc_MLLS,target_acc_RLLS,baseline_AE,MLLS_AE,RLLS_AE,cal_target_acc_no_im,cal_target_acc_oracle,cal_target_acc_baseline,cal_target_acc_MLLS,cal_target_acc_RLLS,cal_baseline_AE,cal_MLLS_AE,cal_RLLS_AE,cal_source_acc
33,85.11764705882354,45.588235294117645,45.588235294117645,44.11764705882353,45.588235294117645,44.11764705882353,0.38976603488930883,0.5120618021733241,0.47208627057435204,48.529411764705884,48.529411764705884,50.0,48.529411764705884,50.0,0.3397784808321911,0.6701408689372597,0.43060111680725116,85.94117647058823
