epoch,source_acc,target_acc_no_im,target_acc_oracle,target_acc_baseline,target_acc_MLLS,target_acc_RLLS,baseline_AE,MLLS_AE,RLLS_AE,cal_target_acc_no_im,cal_target_acc_oracle,cal_target_acc_baseline,cal_target_acc_MLLS,cal_target_acc_RLLS,cal_baseline_AE,cal_MLLS_AE,cal_RLLS_AE,cal_source_acc
9,99.97949727313733,37.72540110748261,42.31151497941219,32.6281414170098,27.559278716456053,32.6281414170098,0.9145051470613754,1.1816229287987268,0.9157514396799306,37.75379809740168,38.87547919920488,36.50433054096266,36.362345591367315,36.50433054096266,0.9651312091509527,1.012044447626052,0.9655707639045275,99.97949727313733
