epoch,source_acc,target_acc_no_im,target_acc_oracle,target_acc_baseline,target_acc_MLLS,target_acc_RLLS,baseline_AE,MLLS_AE,RLLS_AE,multarget_acc_oracle,multarget_acc_baseline,multarget_acc_MLLS,multarget_acc_RLLS
40,84.9076923076923,86.27763847731936,86.43720082060634,86.18645999544108,86.09528151356281,85.63938910417141,0.07355834180516783,0.08488230077889058,0.13721394169208834,86.43720082060634,86.18645999544108,86.09528151356281,85.63938910417141
