epoch,source_acc,target_acc_no_im,target_acc_oracle,target_acc_baseline,target_acc_MLLS,target_acc_RLLS,baseline_AE,MLLS_AE,RLLS_AE,multarget_acc_oracle,multarget_acc_baseline,multarget_acc_MLLS,multarget_acc_RLLS
28,49.24516641652688,53.07909604519774,54.209039548022595,51.80790960451978,52.45762711864407,47.824858757062145,0.31008829945656624,0.2944753202159568,0.6081378174240961,54.01129943502825,52.48587570621469,52.99435028248588,48.75706214689266
