epoch,source_acc,target_acc_no_im,target_acc_oracle,target_acc_baseline,target_acc_MLLS,target_acc_RLLS,baseline_AE,MLLS_AE,RLLS_AE,multarget_acc_oracle,multarget_acc_baseline,multarget_acc_MLLS,multarget_acc_RLLS
28,50.07504193519908,50.793385668949384,51.77885418406547,50.1920828461667,50.1920828461667,47.319191581760485,0.195024311971293,0.2419583515040209,0.4707969198977036,50.30900283948555,49.64088859194922,49.40704860531151,47.302488725572076
