epoch,source_acc,target_acc_no_im,target_acc_oracle,target_acc_baseline,target_acc_MLLS,target_acc_RLLS,baseline_AE,MLLS_AE,RLLS_AE,cal_target_acc_no_im,cal_target_acc_oracle,cal_target_acc_baseline,cal_target_acc_MLLS,cal_target_acc_RLLS,cal_baseline_AE,cal_MLLS_AE,cal_RLLS_AE,cal_source_acc
10,97.03333333333333,67.32696341179212,75.50687485434631,70.26334187835003,70.91587042647402,70.4031694243766,0.39351440889784994,0.2620082805579627,0.3599021697798153,67.74644604987182,75.53017944535073,70.84595665346073,71.8247494756467,70.84595665346073,0.42108536365176674,0.24126572640960292,0.38842603439408535,97.3
