epoch,source_acc,target_acc_no_im,target_acc_oracle,target_acc_baseline,target_acc_MLLS,target_acc_RLLS,baseline_AE,MLLS_AE,RLLS_AE,multarget_acc_oracle,multarget_acc_baseline,multarget_acc_MLLS,multarget_acc_RLLS
49,42.44,15.88628762541806,17.725752508361204,11.538461538461538,5.68561872909699,11.37123745819398,0.551165069062512,1.747882763848617,0.7060517155410551,17.725752508361204,11.538461538461538,5.68561872909699,11.37123745819398
