epoch,source_acc,target_acc_no_im,target_acc_oracle,target_acc_baseline,target_acc_MLLS,target_acc_RLLS,baseline_AE,MLLS_AE,RLLS_AE,multarget_acc_oracle,multarget_acc_baseline,multarget_acc_MLLS,multarget_acc_RLLS
4,82.1,84.19497784342688,85.22895125553914,86.70605612998523,77.99113737075332,82.42245199409159,0.4259834813677666,0.26311122841460616,0.1220231409238196,85.22895125553914,86.70605612998523,77.99113737075332,82.42245199409159
