epoch,source_acc,target_acc_no_im,target_acc_oracle,target_acc_baseline,target_acc_MLLS,target_acc_RLLS,baseline_AE,MLLS_AE,RLLS_AE,multarget_acc_oracle,multarget_acc_baseline,multarget_acc_MLLS,multarget_acc_RLLS
49,50.81,52.459016393442624,62.295081967213115,52.86885245901639,46.72131147540984,48.36065573770492,0.871488018835452,0.832156442797067,0.7150015479379026,62.295081967213115,52.86885245901639,46.72131147540984,48.36065573770492
