epoch,source_acc,target_acc_no_im,target_acc_oracle,target_acc_baseline,target_acc_MLLS,target_acc_RLLS,baseline_AE,MLLS_AE,RLLS_AE,multarget_acc_oracle,multarget_acc_baseline,multarget_acc_MLLS,multarget_acc_RLLS
9,90.09,84.8360655737705,89.75409836065575,85.65573770491804,85.65573770491804,86.0655737704918,0.26027343502155936,0.2190632581412642,0.24992631335547405,89.75409836065575,85.65573770491804,85.65573770491804,86.0655737704918
