epoch,source_acc,target_acc_no_im,target_acc_oracle,target_acc_baseline,target_acc_MLLS,target_acc_RLLS,baseline_AE,MLLS_AE,RLLS_AE,multarget_acc_oracle,multarget_acc_baseline,multarget_acc_MLLS,multarget_acc_RLLS
40,86.27692307692307,86.5192049021073,86.5490958003288,86.48931400388582,86.50425945299656,86.53415035121806,0.021185787158854386,0.021826485492887016,0.02976334452643979,86.5490958003288,86.48931400388582,86.50425945299656,86.53415035121806
