epoch,source_acc,target_acc_no_im,target_acc_oracle,target_acc_baseline,target_acc_MLLS,target_acc_RLLS,baseline_AE,MLLS_AE,RLLS_AE,multarget_acc_oracle,multarget_acc_baseline,multarget_acc_MLLS,multarget_acc_RLLS
10,97.03333333333333,93.33333333333333,92.22222222222223,92.22222222222223,92.22222222222223,92.22222222222223,0.10192739798062068,0.10621180468135409,0.11314537428833657,92.22222222222223,92.22222222222223,92.22222222222223,92.22222222222223
