epoch,source_acc,target_acc_no_im,target_acc_oracle,target_acc_baseline,target_acc_MLLS,target_acc_RLLS,baseline_AE,MLLS_AE,RLLS_AE,multarget_acc_oracle,multarget_acc_baseline,multarget_acc_MLLS,multarget_acc_RLLS
4,82.36,78.52004110996916,78.00616649537513,79.75334018499485,67.52312435765673,78.31449126413155,0.25615019211880596,0.3262469315626355,0.18046715411856407,78.00616649537513,79.75334018499485,67.52312435765673,78.31449126413155
