epoch,source_acc,target_acc_no_im,target_acc_oracle,target_acc_baseline,target_acc_MLLS,target_acc_RLLS,baseline_AE,MLLS_AE,RLLS_AE,cal_target_acc_no_im,cal_target_acc_oracle,cal_target_acc_baseline,cal_target_acc_MLLS,cal_target_acc_RLLS,cal_baseline_AE,cal_MLLS_AE,cal_RLLS_AE,cal_source_acc
41,91.56,90.1840490797546,90.49079754601227,90.33742331288343,90.33742331288343,90.33742331288343,0.06170838013108522,0.056283720431883635,0.05083880198189987,91.25766871165644,91.71779141104295,91.71779141104295,91.71779141104295,91.79447852760735,0.03970969146106139,0.02602104010757493,0.026629575480011998,91.7
