epoch,source_acc,target_acc_no_im,target_acc_oracle,target_acc_baseline,target_acc_MLLS,target_acc_RLLS,baseline_AE,MLLS_AE,RLLS_AE,cal_target_acc_no_im,cal_target_acc_oracle,cal_target_acc_baseline,cal_target_acc_MLLS,cal_target_acc_RLLS,cal_baseline_AE,cal_MLLS_AE,cal_RLLS_AE,cal_source_acc
49,77.59,79.09836065573771,85.65573770491804,82.78688524590164,85.65573770491804,84.42622950819673,0.40667194192732886,0.16323345876068607,0.20308715410578104,79.09836065573771,86.0655737704918,82.78688524590164,84.8360655737705,85.24590163934425,0.3789176658441439,0.160712244540286,0.20447542374960195,77.94
