epoch,source_acc,target_acc_no_im,target_acc_oracle,target_acc_baseline,target_acc_MLLS,target_acc_RLLS,baseline_AE,MLLS_AE,RLLS_AE,cal_target_acc_no_im,cal_target_acc_oracle,cal_target_acc_baseline,cal_target_acc_MLLS,cal_target_acc_RLLS,cal_baseline_AE,cal_MLLS_AE,cal_RLLS_AE,cal_source_acc
44,64.67,53.45744680851063,60.37234042553191,53.45744680851063,53.72340425531915,53.45744680851063,0.6355686286338009,0.6217859972037697,0.7243474468515049,64.36170212765957,67.2872340425532,64.8936170212766,65.42553191489363,64.8936170212766,0.43925963165832965,0.36222262690675533,0.33095764471883315,68.23
