epoch,source_acc,target_acc_no_im,target_acc_oracle,target_acc_baseline,target_acc_MLLS,target_acc_RLLS,baseline_AE,MLLS_AE,RLLS_AE,cal_target_acc_no_im,cal_target_acc_oracle,cal_target_acc_baseline,cal_target_acc_MLLS,cal_target_acc_RLLS,cal_baseline_AE,cal_MLLS_AE,cal_RLLS_AE,cal_source_acc
38,79.96666666666667,68.14814814814815,67.4074074074074,67.4074074074074,66.66666666666666,67.4074074074074,0.25043431985433456,0.30473749422364765,0.3026044109896728,67.4074074074074,68.14814814814815,65.92592592592592,63.70370370370371,65.92592592592592,0.23291200470455264,0.3977722558313368,0.3146501572679562,80.2
