epoch,source_acc,target_acc_no_im,target_acc_oracle,target_acc_baseline,target_acc_MLLS,target_acc_RLLS,baseline_AE,MLLS_AE,RLLS_AE,cal_target_acc_no_im,cal_target_acc_oracle,cal_target_acc_baseline,cal_target_acc_MLLS,cal_target_acc_RLLS,cal_baseline_AE,cal_MLLS_AE,cal_RLLS_AE,cal_source_acc
40,79.76923076923077,36.54329258080723,37.229944732875566,36.62703064813264,36.62703064813264,36.593535421202475,0.3189679405724827,0.3125612320625798,0.32352677624760795,38.11756824652487,39.139172667894826,37.43091609445654,35.16998827667057,36.694021101992966,0.34402479132376285,0.6126001309491931,0.4314690777815596,80.76923076923077
