epoch,source_acc,target_acc_no_im,target_acc_oracle,target_acc_baseline,target_acc_MLLS,target_acc_RLLS,baseline_AE,MLLS_AE,RLLS_AE,multarget_acc_oracle,multarget_acc_baseline,multarget_acc_MLLS,multarget_acc_RLLS
15,66.32921284455811,41.06636415201361,45.71752694271129,41.15144639818491,29.35337492909813,40.187180941576855,0.6135714299602025,1.2449694632053565,0.6568513064359374,45.15031196823596,40.38570618264322,34.23142370958593,38.96766874645491
