epoch,source_acc,target_acc_no_im,target_acc_oracle,target_acc_baseline,target_acc_MLLS,target_acc_RLLS,baseline_AE,MLLS_AE,RLLS_AE,multarget_acc_oracle,multarget_acc_baseline,multarget_acc_MLLS,multarget_acc_RLLS
40,74.84615384615385,78.08564231738035,79.59697732997482,78.84130982367759,79.42905121746432,79.26112510495382,0.14341623121192235,0.0998731166242421,0.12004062944833058,79.59697732997482,78.84130982367759,79.42905121746432,79.26112510495382
