epoch,source_acc,target_acc_no_im,target_acc_oracle,target_acc_baseline,target_acc_MLLS,target_acc_RLLS,baseline_AE,MLLS_AE,RLLS_AE,multarget_acc_oracle,multarget_acc_baseline,multarget_acc_MLLS,multarget_acc_RLLS
7,98.82352941176471,98.52941176470588,98.52941176470588,98.52941176470588,98.52941176470588,98.52941176470588,0.028498985092429555,0.02994914002278272,0.029812505311261207,98.52941176470588,98.52941176470588,98.52941176470588,98.52941176470588
