epoch,source_acc,cal_source_acc
1,97.11764705882354,97.11764705882354
2,97.35294117647058,97.35294117647058
3,98.11764705882354,98.11764705882354
4,98.0,98.0
5,97.6470588235294,97.6470588235294
6,98.23529411764706,98.23529411764706
7,98.82352941176471,98.82352941176471
8,98.52941176470588,98.52941176470588
9,98.52941176470588,98.52941176470588
10,98.52941176470588,98.52941176470588
