epoch,source_acc,target_acc_no_im,target_acc_oracle,target_acc_baseline,target_acc_MLLS,target_acc_RLLS,baseline_AE,MLLS_AE,RLLS_AE,cal_target_acc_no_im,cal_target_acc_oracle,cal_target_acc_baseline,cal_target_acc_MLLS,cal_target_acc_RLLS,cal_baseline_AE,cal_MLLS_AE,cal_RLLS_AE,cal_source_acc
6,51.06382978723404,46.264367816091955,53.879310344827594,47.55747126436782,47.98850574712644,47.8448275862069,0.6047876034927564,0.5417030155242506,0.5366550636256711,55.603448275862064,62.356321839080465,59.05172413793104,59.62643678160919,60.20114942528736,0.5095974590277083,0.28367167048158803,0.30464180574677324,54.90421117683412
