epoch,source_acc,target_acc_no_im,target_acc_oracle,target_acc_baseline,target_acc_MLLS,target_acc_RLLS,baseline_AE,MLLS_AE,RLLS_AE,cal_target_acc_no_im,cal_target_acc_oracle,cal_target_acc_baseline,cal_target_acc_MLLS,cal_target_acc_RLLS,cal_baseline_AE,cal_MLLS_AE,cal_RLLS_AE,cal_source_acc
41,91.78,83.97239263803681,84.04907975460122,83.8957055214724,83.8957055214724,83.8957055214724,0.11494772876698546,0.11451544971462406,0.11136948270805916,82.74539877300614,82.66871165644172,81.36503067484662,80.98159509202453,81.21165644171779,0.12843345926126087,0.19667394772354807,0.1521254656356954,92.4
