epoch,source_acc,target_acc_no_im,target_acc_oracle,target_acc_baseline,target_acc_MLLS,target_acc_RLLS,baseline_AE,MLLS_AE,RLLS_AE,cal_target_acc_no_im,cal_target_acc_oracle,cal_target_acc_baseline,cal_target_acc_MLLS,cal_target_acc_RLLS,cal_baseline_AE,cal_MLLS_AE,cal_RLLS_AE,cal_source_acc
8,95.7592339261286,64.58923512747874,64.87252124645893,63.172804532577906,61.18980169971672,62.606232294617556,0.3730240582907968,0.5336084001550613,0.4069325651848276,55.524079320113316,58.35694050991501,52.124645892351275,49.57507082152974,51.84135977337111,0.6233539044008849,0.8284465362734319,0.6567827604449483,96.58002735978111
