epoch,source_acc,target_acc_no_im,target_acc_oracle,target_acc_baseline,target_acc_MLLS,target_acc_RLLS,baseline_AE,MLLS_AE,RLLS_AE,multarget_acc_oracle,multarget_acc_baseline,multarget_acc_MLLS,multarget_acc_RLLS
1,84.43,80.52147239263803,78.52760736196319,78.91104294478528,69.78527607361963,73.77300613496932,0.0789032249134377,0.30759003918983635,0.21782653745368008,78.52760736196319,78.91104294478528,69.78527607361963,73.77300613496932
