epoch,source_acc,target_acc_no_im,target_acc_oracle,target_acc_baseline,target_acc_MLLS,target_acc_RLLS,baseline_AE,MLLS_AE,RLLS_AE,cal_target_acc_no_im,cal_target_acc_oracle,cal_target_acc_baseline,cal_target_acc_MLLS,cal_target_acc_RLLS,cal_baseline_AE,cal_MLLS_AE,cal_RLLS_AE,cal_source_acc
31,86.06153846153846,69.30272108843538,71.13945578231292,70.1360544217687,70.20408163265306,70.17006802721089,0.29035698705080415,0.273791582218441,0.2684544468322732,69.31972789115646,72.70408163265306,70.51020408163265,70.54421768707483,70.53571428571429,0.30980660103920366,0.2915409390580188,0.2872673034859592,85.98461538461538
