epoch,source_acc,target_acc_no_im,target_acc_oracle,target_acc_baseline,target_acc_MLLS,target_acc_RLLS,baseline_AE,MLLS_AE,RLLS_AE,cal_target_acc_no_im,cal_target_acc_oracle,cal_target_acc_baseline,cal_target_acc_MLLS,cal_target_acc_RLLS,cal_baseline_AE,cal_MLLS_AE,cal_RLLS_AE,cal_source_acc
10,99.86058145733384,99.84472049689441,99.84472049689441,99.84472049689441,99.84472049689441,99.84472049689441,0.006298681015368568,0.003813627401586639,0.004674756916241564,99.9611801242236,99.9611801242236,99.9611801242236,99.9611801242236,99.9611801242236,0.0007202105527246289,0.0007010187884295277,0.0007159350389015166,99.99589945462746
