epoch,source_acc,target_acc_no_im,target_acc_oracle,target_acc_baseline,target_acc_MLLS,target_acc_RLLS,baseline_AE,MLLS_AE,RLLS_AE,multarget_acc_oracle,multarget_acc_baseline,multarget_acc_MLLS,multarget_acc_RLLS
28,49.24516641652688,47.96610169491525,58.079096045197744,50.7909604519774,53.559322033898304,52.59887005649717,0.6584980631759931,0.47114167684972774,0.5472305558898494,57.06214689265536,49.152542372881356,52.03389830508475,53.050847457627114
