epoch,source_acc,target_acc_no_im,target_acc_oracle,target_acc_baseline,target_acc_MLLS,target_acc_RLLS,baseline_AE,MLLS_AE,RLLS_AE,multarget_acc_oracle,multarget_acc_baseline,multarget_acc_MLLS,multarget_acc_RLLS
10,99.43412473859024,99.5711222301644,99.7855611150822,99.71408148677628,99.7855611150822,99.7855611150822,0.01882384846744531,0.006356605875164048,0.007074274395876689,99.85704074338814,99.7855611150822,99.7855611150822,99.7855611150822
