epoch,source_acc,target_acc_no_im,target_acc_oracle,target_acc_baseline,target_acc_MLLS,target_acc_RLLS,baseline_AE,MLLS_AE,RLLS_AE,multarget_acc_oracle,multarget_acc_baseline,multarget_acc_MLLS,multarget_acc_RLLS
49,42.44,38.56382978723404,49.202127659574465,34.840425531914896,38.297872340425535,32.71276595744681,0.8161049246158886,0.802676293448376,0.8662730894242275,49.202127659574465,34.840425531914896,38.297872340425535,32.71276595744681
