epoch,source_acc,target_acc_no_im,target_acc_oracle,target_acc_baseline,target_acc_MLLS,target_acc_RLLS,baseline_AE,MLLS_AE,RLLS_AE,multarget_acc_oracle,multarget_acc_baseline,multarget_acc_MLLS,multarget_acc_RLLS
28,49.24516641652688,51.21095707365959,51.47820277267413,50.10856856522465,50.20878570235511,47.43611157507934,0.2310482657531347,0.2421131613206456,0.519733695860711,51.29447135460163,50.22548855854351,50.27559712710874,48.07082011023885
