epoch,source_acc,target_acc_no_im,target_acc_oracle,target_acc_baseline,target_acc_MLLS,target_acc_RLLS,baseline_AE,MLLS_AE,RLLS_AE,cal_target_acc_no_im,cal_target_acc_oracle,cal_target_acc_baseline,cal_target_acc_MLLS,cal_target_acc_RLLS,cal_baseline_AE,cal_MLLS_AE,cal_RLLS_AE,cal_source_acc
7,66.91092080868721,59.14634146341463,68.4959349593496,61.856368563685635,62.80487804878049,63.956639566395665,0.48616836286840615,0.3495882092730811,0.31598665949684923,60.02710027100271,70.46070460704607,64.15989159891599,67.07317073170732,67.81842818428184,0.5376722519398764,0.25976521919965695,0.25316432894756846,67.24640240134192
