epoch,source_acc,target_acc_no_im,target_acc_oracle,target_acc_baseline,target_acc_MLLS,target_acc_RLLS,baseline_AE,MLLS_AE,RLLS_AE,multarget_acc_oracle,multarget_acc_baseline,multarget_acc_MLLS,multarget_acc_RLLS
40,68.0,41.498405951115835,42.15373715905065,38.93021608218207,37.70811193765498,37.123627346794194,0.4838507024906483,0.644181091823027,0.7463872760448109,42.15373715905065,38.93021608218207,37.70811193765498,37.123627346794194
