epoch,source_acc,target_acc_no_im,target_acc_oracle,target_acc_baseline,target_acc_MLLS,target_acc_RLLS,baseline_AE,MLLS_AE,RLLS_AE,multarget_acc_oracle,multarget_acc_baseline,multarget_acc_MLLS,multarget_acc_RLLS
40,74.0,73.29974811083123,83.6272040302267,80.85642317380352,83.37531486146096,80.85642317380352,0.4966987503559964,0.10793837750262777,0.2325062638536867,83.6272040302267,80.85642317380352,83.37531486146096,80.85642317380352
