epoch,source_acc,target_acc_no_im,target_acc_oracle,target_acc_baseline,target_acc_MLLS,target_acc_RLLS,baseline_AE,MLLS_AE,RLLS_AE,multarget_acc_oracle,multarget_acc_baseline,multarget_acc_MLLS,multarget_acc_RLLS
10,98.03076923076924,98.2663279031535,98.29621880137498,98.2663279031535,98.2663279031535,98.2663279031535,0.007004753153806248,0.0070355091505103495,0.007227459395280675,98.29621880137498,98.2663279031535,98.2663279031535,98.2663279031535
