epoch,source_acc,target_acc_no_im,target_acc_oracle,target_acc_baseline,target_acc_MLLS,target_acc_RLLS,baseline_AE,MLLS_AE,RLLS_AE,multarget_acc_oracle,multarget_acc_baseline,multarget_acc_MLLS,multarget_acc_RLLS
28,49.24516641652688,47.89972899728998,55.894308943089435,49.11924119241192,51.21951219512195,50.47425474254743,0.62020454480214,0.4227492851655605,0.41302911831579076,55.420054200542005,50.40650406504065,52.03252032520326,51.8970189701897
