epoch,source_acc,target_acc_no_im,target_acc_oracle,target_acc_baseline,target_acc_MLLS,target_acc_RLLS,baseline_AE,MLLS_AE,RLLS_AE,multarget_acc_oracle,multarget_acc_baseline,multarget_acc_MLLS,multarget_acc_RLLS
9,96.96153846153847,96.15384615384616,96.15384615384616,96.15384615384616,96.15384615384616,96.15384615384616,0.07983187843973819,0.0850945643794078,0.09899437699948044,96.15384615384616,96.15384615384616,96.15384615384616,96.15384615384616
