epoch,source_acc,target_acc_no_im,target_acc_oracle,target_acc_baseline,target_acc_MLLS,target_acc_RLLS,baseline_AE,MLLS_AE,RLLS_AE,multarget_acc_oracle,multarget_acc_baseline,multarget_acc_MLLS,multarget_acc_RLLS
4,82.88,67.52312435765673,68.448098663926,67.31757451181912,53.442959917780065,66.59815005138746,0.2945089475285235,0.4408507438817799,0.28932255390102735,68.448098663926,67.31757451181912,53.442959917780065,66.59815005138746
