epoch,source_acc,target_acc_no_im,target_acc_oracle,target_acc_baseline,target_acc_MLLS,target_acc_RLLS,baseline_AE,MLLS_AE,RLLS_AE,cal_target_acc_no_im,cal_target_acc_oracle,cal_target_acc_baseline,cal_target_acc_MLLS,cal_target_acc_RLLS,cal_baseline_AE,cal_MLLS_AE,cal_RLLS_AE,cal_source_acc
46,90.2872777017784,69.6551724137931,77.93103448275862,70.34482758620689,62.758620689655174,69.6551724137931,0.5377071691179198,0.7066368420915438,0.5375016982231604,66.89655172413794,71.03448275862068,64.82758620689654,63.44827586206897,64.82758620689654,0.5604240500412113,0.6394511241425664,0.5917344930317897,92.61285909712723
