epoch,source_acc,target_acc_no_im,target_acc_oracle,target_acc_baseline,target_acc_MLLS,target_acc_RLLS,baseline_AE,MLLS_AE,RLLS_AE,multarget_acc_oracle,multarget_acc_baseline,multarget_acc_MLLS,multarget_acc_RLLS
8,90.60488676996424,91.13903124483386,91.2051578773351,90.18846090262853,90.24632170606712,89.83303025293436,0.17165069961216767,0.1675120809045108,0.21930396180368478,91.15556290295916,90.11406844106465,90.1388659282526,89.77516944949578
