epoch,source_acc,target_acc_no_im,target_acc_oracle,target_acc_baseline,target_acc_MLLS,target_acc_RLLS,baseline_AE,MLLS_AE,RLLS_AE,multarget_acc_oracle,multarget_acc_baseline,multarget_acc_MLLS,multarget_acc_RLLS
8,47.95887961859356,44.67280888258918,55.23269548783368,38.058114812189935,40.11339475549256,17.55256319395228,1.0818842422263772,0.9451961886184368,1.8326223364011147,55.090952043467986,37.93999527521852,40.018899125915425,17.55256319395228
