epoch,source_acc,target_acc_no_im,target_acc_oracle,target_acc_baseline,target_acc_MLLS,target_acc_RLLS,baseline_AE,MLLS_AE,RLLS_AE,cal_target_acc_no_im,cal_target_acc_oracle,cal_target_acc_baseline,cal_target_acc_MLLS,cal_target_acc_RLLS,cal_baseline_AE,cal_MLLS_AE,cal_RLLS_AE,cal_source_acc
6,55.495718195462175,47.64367816091954,48.67816091954023,47.90229885057472,47.8448275862069,48.13218390804598,0.3477426821464994,0.32388077489184497,0.3322466604334827,49.6551724137931,51.43678160919541,50.172413793103445,44.94252873563218,48.9080459770115,0.31708068467971695,0.4855343415038922,0.39140060007301847,57.535093140284275
