epoch,source_acc,target_acc_no_im,target_acc_oracle,target_acc_baseline,target_acc_MLLS,target_acc_RLLS,baseline_AE,MLLS_AE,RLLS_AE,multarget_acc_oracle,multarget_acc_baseline,multarget_acc_MLLS,multarget_acc_RLLS
40,72.5,76.71809256661992,78.82187938288921,76.57784011220197,77.41935483870968,75.73632538569424,0.24893923823331152,0.1722770845791852,0.26889867399799633,78.82187938288921,76.57784011220197,77.41935483870968,75.73632538569424
