epoch,source_acc,target_acc_no_im,target_acc_oracle,target_acc_baseline,target_acc_MLLS,target_acc_RLLS,baseline_AE,MLLS_AE,RLLS_AE,multarget_acc_oracle,multarget_acc_baseline,multarget_acc_MLLS,multarget_acc_RLLS
9,90.10000000000001,80.0531914893617,84.04255319148936,81.91489361702128,81.91489361702128,81.91489361702128,0.2537854802965188,0.22558342129562553,0.2430879811784915,84.04255319148936,81.91489361702128,81.91489361702128,81.91489361702128
