epoch,source_acc,target_acc_no_im,target_acc_oracle,target_acc_baseline,target_acc_MLLS,target_acc_RLLS,baseline_AE,MLLS_AE,RLLS_AE,cal_target_acc_no_im,cal_target_acc_oracle,cal_target_acc_baseline,cal_target_acc_MLLS,cal_target_acc_RLLS,cal_baseline_AE,cal_MLLS_AE,cal_RLLS_AE,cal_source_acc
10,99.51728247914183,92.79829111992676,93.93754450208523,93.69341877733699,93.72393449293052,93.70359068253484,0.13840041954160134,0.1192236085617582,0.13228048402573103,93.56118400976503,95.84986267927982,95.36161122978334,95.60573695453158,95.40229885057471,0.13570485908627908,0.07403302092194955,0.1267054437551437,99.53516090584029
