epoch,source_acc,target_acc_no_im,target_acc_oracle,target_acc_baseline,target_acc_MLLS,target_acc_RLLS,baseline_AE,MLLS_AE,RLLS_AE,cal_target_acc_no_im,cal_target_acc_oracle,cal_target_acc_baseline,cal_target_acc_MLLS,cal_target_acc_RLLS,cal_baseline_AE,cal_MLLS_AE,cal_RLLS_AE,cal_source_acc
9,96.96153846153847,68.12850586435492,79.60224375318715,70.1682814890362,70.37225905150434,70.01529831718511,0.4956898547147156,0.4247037874658088,0.47437698753488894,67.36359000509944,79.50025497195308,68.74043855175931,68.28148903620603,68.8934217236104,0.5196280558823315,0.4217223757914153,0.48297659983344565,97.34615384615385
