epoch,source_acc,target_acc_no_im,target_acc_oracle,target_acc_baseline,target_acc_MLLS,target_acc_RLLS,baseline_AE,MLLS_AE,RLLS_AE,cal_target_acc_no_im,cal_target_acc_oracle,cal_target_acc_baseline,cal_target_acc_MLLS,cal_target_acc_RLLS,cal_baseline_AE,cal_MLLS_AE,cal_RLLS_AE,cal_source_acc
7,98.82352941176471,90.9090909090909,100.0,90.9090909090909,90.9090909090909,90.9090909090909,0.20431186793708048,0.14566987888380967,0.19176471280005533,90.9090909090909,90.9090909090909,90.9090909090909,90.9090909090909,90.9090909090909,0.1857993615869349,0.18171688129568378,0.1816654204703064,98.76470588235294
