epoch,source_acc,target_acc_no_im,target_acc_oracle,target_acc_baseline,target_acc_MLLS,target_acc_RLLS,baseline_AE,MLLS_AE,RLLS_AE,multarget_acc_oracle,multarget_acc_baseline,multarget_acc_MLLS,multarget_acc_RLLS
49,42.44,41.286307053941904,42.11618257261411,34.95850622406639,31.016597510373444,32.572614107883815,0.40744622665673835,0.7444541365314358,0.5866870327934387,42.11618257261411,34.95850622406639,31.016597510373444,32.572614107883815
