epoch,source_acc,target_acc_no_im,target_acc_oracle,target_acc_baseline,target_acc_MLLS,target_acc_RLLS,baseline_AE,MLLS_AE,RLLS_AE,cal_target_acc_no_im,cal_target_acc_oracle,cal_target_acc_baseline,cal_target_acc_MLLS,cal_target_acc_RLLS,cal_baseline_AE,cal_MLLS_AE,cal_RLLS_AE,cal_source_acc
10,89.65260017050298,89.87146529562982,90.64267352185091,90.23136246786633,90.0771208226221,90.12853470437018,0.12670849834080072,0.12145896946963873,0.1342852975023798,89.5629820051414,90.02570694087404,89.5629820051414,89.10025706940874,89.20308483290489,0.12855964151442356,0.1264717412289206,0.12954952329262337,89.81244671781756
