epoch,source_acc,target_acc_no_im,target_acc_oracle,target_acc_baseline,target_acc_MLLS,target_acc_RLLS,baseline_AE,MLLS_AE,RLLS_AE,multarget_acc_oracle,multarget_acc_baseline,multarget_acc_MLLS,multarget_acc_RLLS
49,82.76333789329685,43.47826086956522,48.4472049689441,36.64596273291926,25.465838509316768,39.130434782608695,0.5898820626641977,1.2427032988256164,0.6005951461732989,47.82608695652174,36.024844720496894,27.95031055900621,37.88819875776397
