epoch,source_acc,target_acc_no_im,target_acc_oracle,target_acc_baseline,target_acc_MLLS,target_acc_RLLS,baseline_AE,MLLS_AE,RLLS_AE,multarget_acc_oracle,multarget_acc_baseline,multarget_acc_MLLS,multarget_acc_RLLS
4,69.19,51.84049079754601,45.858895705521476,40.1840490797546,24.233128834355828,27.607361963190186,0.2586894219089871,1.2317986688515485,0.8503662080002651,45.858895705521476,40.1840490797546,24.233128834355828,27.607361963190186
