epoch,source_acc,target_acc_no_im,target_acc_oracle,target_acc_baseline,target_acc_MLLS,target_acc_RLLS,baseline_AE,MLLS_AE,RLLS_AE,multarget_acc_oracle,multarget_acc_baseline,multarget_acc_MLLS,multarget_acc_RLLS
8,95.7592339261286,64.83762597984322,65.8454647256439,62.82194848824189,61.254199328107504,62.48600223964166,0.35918532095381245,0.541942546253472,0.4048063063582603,65.62150055991042,62.82194848824189,61.47816349384099,62.597984322508395
