epoch,source_acc,target_acc_no_im,target_acc_oracle,target_acc_baseline,target_acc_MLLS,target_acc_RLLS,baseline_AE,MLLS_AE,RLLS_AE,cal_target_acc_no_im,cal_target_acc_oracle,cal_target_acc_baseline,cal_target_acc_MLLS,cal_target_acc_RLLS,cal_baseline_AE,cal_MLLS_AE,cal_RLLS_AE,cal_source_acc
50,89.19288645690835,44.773175542406314,47.337278106508876,44.18145956607495,44.773175542406314,44.97041420118343,0.4770909814142,0.5189836101764947,0.480003929413544,42.60355029585799,41.02564102564102,38.26429980276134,32.149901380670606,36.489151873767256,0.5755571096476787,1.0722813628073333,0.6434902279916971,92.61285909712723
