epoch,source_acc,target_acc_no_im,target_acc_oracle,target_acc_baseline,target_acc_MLLS,target_acc_RLLS,baseline_AE,MLLS_AE,RLLS_AE,multarget_acc_oracle,multarget_acc_baseline,multarget_acc_MLLS,multarget_acc_RLLS
15,76.27877237851662,76.88499619192687,77.03731911652703,75.97105864432598,74.67631378522468,74.71439451637471,0.1736830533352519,0.2533117996602786,0.2546334847456124,76.35186595582636,75.32368621477532,74.37166793602438,73.99086062452399
