epoch,source_acc,target_acc_no_im,target_acc_oracle,target_acc_baseline,target_acc_MLLS,target_acc_RLLS,baseline_AE,MLLS_AE,RLLS_AE,multarget_acc_oracle,multarget_acc_baseline,multarget_acc_MLLS,multarget_acc_RLLS
28,50.35755275006621,46.101694915254235,56.949152542372886,48.983050847457626,51.864406779661024,51.75141242937853,0.6757459467600442,0.46608213329367426,0.57678114716883,55.42372881355932,46.101694915254235,49.548022598870055,48.983050847457626
