epoch,source_acc,target_acc_no_im,target_acc_oracle,target_acc_baseline,target_acc_MLLS,target_acc_RLLS,baseline_AE,MLLS_AE,RLLS_AE,cal_target_acc_no_im,cal_target_acc_oracle,cal_target_acc_baseline,cal_target_acc_MLLS,cal_target_acc_RLLS,cal_baseline_AE,cal_MLLS_AE,cal_RLLS_AE,cal_source_acc
8,95.7592339261286,84.6938775510204,93.87755102040816,86.73469387755102,85.71428571428571,86.73469387755102,0.31364373141681123,0.24062327539561515,0.28659494884983383,80.61224489795919,89.79591836734694,82.6530612244898,84.6938775510204,83.6734693877551,0.37635669220962753,0.2909593025409758,0.35766457758003267,96.58002735978111
