epoch,source_acc,target_acc_no_im,target_acc_oracle,target_acc_baseline,target_acc_MLLS,target_acc_RLLS,baseline_AE,MLLS_AE,RLLS_AE,multarget_acc_oracle,multarget_acc_baseline,multarget_acc_MLLS,multarget_acc_RLLS
4,82.57,79.98466257668711,81.05828220858896,80.13803680981594,77.91411042944786,78.6042944785276,0.15307273775156288,0.15633985281356272,0.1758363371137216,81.05828220858896,80.13803680981594,77.91411042944786,78.6042944785276
