epoch,source_acc,target_acc_no_im,target_acc_oracle,target_acc_baseline,target_acc_MLLS,target_acc_RLLS,baseline_AE,MLLS_AE,RLLS_AE,multarget_acc_oracle,multarget_acc_baseline,multarget_acc_MLLS,multarget_acc_RLLS
40,72.5,42.30769230769231,44.230769230769226,36.53846153846153,30.76923076923077,30.76923076923077,0.43353012068053853,0.8841561003332922,0.6822237217745438,44.230769230769226,36.53846153846153,30.76923076923077,30.76923076923077
