epoch,source_acc,target_acc_no_im,target_acc_oracle,target_acc_baseline,target_acc_MLLS,target_acc_RLLS,baseline_AE,MLLS_AE,RLLS_AE,cal_target_acc_no_im,cal_target_acc_oracle,cal_target_acc_baseline,cal_target_acc_MLLS,cal_target_acc_RLLS,cal_baseline_AE,cal_MLLS_AE,cal_RLLS_AE,cal_source_acc
10,97.1275327771156,97.07871777276738,97.11792961474364,97.11792961474364,97.11792961474364,97.11792961474364,0.01976875746534118,0.002422077301004022,0.003507700628317123,97.0689148122733,97.13753553573179,97.13753553573179,97.13753553573179,97.13753553573179,0.01687811100766906,0.0036666818885589536,0.0024270337817716148,97.12455303933254
