epoch,source_acc,target_acc_no_im,target_acc_oracle,target_acc_baseline,target_acc_MLLS,target_acc_RLLS,baseline_AE,MLLS_AE,RLLS_AE,cal_target_acc_no_im,cal_target_acc_oracle,cal_target_acc_baseline,cal_target_acc_MLLS,cal_target_acc_RLLS,cal_baseline_AE,cal_MLLS_AE,cal_RLLS_AE,cal_source_acc
7,98.82352941176471,91.30434782608695,91.30434782608695,91.30434782608695,91.30434782608695,91.30434782608695,0.21263807199379106,0.22127625354284092,0.21552367319702048,95.65217391304348,91.30434782608695,91.30434782608695,91.30434782608695,91.30434782608695,0.19393591679935843,0.2136573857691926,0.19836311736589846,98.76470588235294
