epoch,source_acc,target_acc_no_im,target_acc_oracle,target_acc_baseline,target_acc_MLLS,target_acc_RLLS,baseline_AE,MLLS_AE,RLLS_AE,cal_target_acc_no_im,cal_target_acc_oracle,cal_target_acc_baseline,cal_target_acc_MLLS,cal_target_acc_RLLS,cal_baseline_AE,cal_MLLS_AE,cal_RLLS_AE,cal_source_acc
31,86.06153846153846,81.09756097560977,80.48780487804879,80.48780487804879,80.48780487804879,79.8780487804878,0.12462893073878638,0.12383064200601927,0.13464373711464517,80.48780487804879,80.48780487804879,79.8780487804878,81.09756097560977,80.48780487804879,0.11982184793890978,0.10991668664827582,0.10965389623162092,85.98461538461538
