epoch,source_acc,target_acc_no_im,target_acc_oracle,target_acc_baseline,target_acc_MLLS,target_acc_RLLS,baseline_AE,MLLS_AE,RLLS_AE,multarget_acc_oracle,multarget_acc_baseline,multarget_acc_MLLS,multarget_acc_RLLS
9,96.96153846153847,95.1923076923077,95.1923076923077,95.1923076923077,95.1923076923077,95.1923076923077,0.09995358838484836,0.10405797167466235,0.1094113782897328,95.1923076923077,95.1923076923077,95.1923076923077,95.1923076923077
