epoch,source_acc,target_acc_no_im,target_acc_oracle,target_acc_baseline,target_acc_MLLS,target_acc_RLLS,baseline_AE,MLLS_AE,RLLS_AE,multarget_acc_oracle,multarget_acc_baseline,multarget_acc_MLLS,multarget_acc_RLLS
40,77.17647058823529,43.73848987108656,67.03499079189686,51.841620626151006,57.6427255985267,54.05156537753223,0.8419606137170044,0.4959595276807773,0.7144363820958118,67.03499079189686,51.841620626151006,57.6427255985267,54.05156537753223
