epoch,source_acc,target_acc_no_im,target_acc_oracle,target_acc_baseline,target_acc_MLLS,target_acc_RLLS,baseline_AE,MLLS_AE,RLLS_AE,multarget_acc_oracle,multarget_acc_baseline,multarget_acc_MLLS,multarget_acc_RLLS
40,72.5,22.22222222222222,33.33333333333333,22.22222222222222,22.22222222222222,22.22222222222222,1.313974979238992,1.2167899062887089,1.3045125417056436,33.33333333333333,22.22222222222222,22.22222222222222,22.22222222222222
