epoch,source_acc,target_acc_no_im,target_acc_oracle,target_acc_baseline,target_acc_MLLS,target_acc_RLLS,baseline_AE,MLLS_AE,RLLS_AE,cal_target_acc_no_im,cal_target_acc_oracle,cal_target_acc_baseline,cal_target_acc_MLLS,cal_target_acc_RLLS,cal_baseline_AE,cal_MLLS_AE,cal_RLLS_AE,cal_source_acc
40,79.05882352941175,71.42857142857143,71.42857142857143,71.42857142857143,71.42857142857143,71.42857142857143,0.4190063533654861,0.4447143317183698,0.5334274847266736,68.57142857142857,65.71428571428571,68.57142857142857,65.71428571428571,62.857142857142854,0.2855421989091805,0.45073695551548126,0.35999154207475953,82.29411764705883
