epoch,source_acc,target_acc_no_im,target_acc_oracle,target_acc_baseline,target_acc_MLLS,target_acc_RLLS,baseline_AE,MLLS_AE,RLLS_AE,cal_target_acc_no_im,cal_target_acc_oracle,cal_target_acc_baseline,cal_target_acc_MLLS,cal_target_acc_RLLS,cal_baseline_AE,cal_MLLS_AE,cal_RLLS_AE,cal_source_acc
38,79.96666666666667,54.44444444444444,57.77777777777777,56.666666666666664,56.666666666666664,56.666666666666664,0.33301037624478347,0.38182180082348127,0.35313809435831034,56.666666666666664,61.111111111111114,56.666666666666664,53.333333333333336,55.55555555555556,0.3135466636055046,0.40513600268297734,0.31208804900182996,80.2
