epoch,source_acc,target_acc_no_im,target_acc_oracle,target_acc_baseline,target_acc_MLLS,target_acc_RLLS,baseline_AE,MLLS_AE,RLLS_AE,multarget_acc_oracle,multarget_acc_baseline,multarget_acc_MLLS,multarget_acc_RLLS
49,42.44,9.01639344262295,21.721311475409834,8.19672131147541,4.508196721311475,10.245901639344263,1.1646025215474067,1.9098359972925463,1.2420380809738512,21.721311475409834,8.19672131147541,4.508196721311475,10.245901639344263
