epoch,source_acc,target_acc_no_im,target_acc_oracle,target_acc_baseline,target_acc_MLLS,target_acc_RLLS,baseline_AE,MLLS_AE,RLLS_AE,cal_target_acc_no_im,cal_target_acc_oracle,cal_target_acc_baseline,cal_target_acc_MLLS,cal_target_acc_RLLS,cal_baseline_AE,cal_MLLS_AE,cal_RLLS_AE,cal_source_acc
50,89.05608755129958,35.41076487252124,37.39376770538244,35.12747875354108,35.41076487252124,35.12747875354108,0.6116715403162892,0.6539611040836163,0.6397781102313751,31.444759206798867,30.02832861189802,28.328611898016998,19.8300283286119,27.19546742209632,0.7135175222869903,1.330432312685502,0.7415245434027423,92.74965800273598
