epoch,source_acc,target_acc_no_im,target_acc_oracle,target_acc_baseline,target_acc_MLLS,target_acc_RLLS,baseline_AE,MLLS_AE,RLLS_AE,cal_target_acc_no_im,cal_target_acc_oracle,cal_target_acc_baseline,cal_target_acc_MLLS,cal_target_acc_RLLS,cal_baseline_AE,cal_MLLS_AE,cal_RLLS_AE,cal_source_acc
10,89.65260017050298,64.22287390029325,72.87390029325513,64.22287390029325,64.07624633431085,64.22287390029325,0.626930340605792,0.5936201175751356,0.6241886156635825,64.66275659824046,72.58064516129032,64.51612903225806,64.07624633431085,64.22287390029325,0.6624064349268053,0.620107209130641,0.6491595514897037,89.81244671781756
