epoch,source_acc,target_acc_no_im,target_acc_oracle,target_acc_baseline,target_acc_MLLS,target_acc_RLLS,baseline_AE,MLLS_AE,RLLS_AE,multarget_acc_oracle,multarget_acc_baseline,multarget_acc_MLLS,multarget_acc_RLLS
15,76.27522023302075,75.7840616966581,76.86375321336762,75.47557840616966,74.293059125964,74.24164524421593,0.2465612976343771,0.2814693761598348,0.2814756382368802,76.1439588688946,74.70437017994858,73.83033419023135,73.62467866323908
