epoch,source_acc,target_acc_no_im,target_acc_oracle,target_acc_baseline,target_acc_MLLS,target_acc_RLLS,baseline_AE,MLLS_AE,RLLS_AE,cal_target_acc_no_im,cal_target_acc_oracle,cal_target_acc_baseline,cal_target_acc_MLLS,cal_target_acc_RLLS,cal_baseline_AE,cal_MLLS_AE,cal_RLLS_AE,cal_source_acc
40,85.78461538461538,76.42276422764228,76.42276422764228,76.42276422764228,76.42276422764228,76.42276422764228,0.25160434299973944,0.24137109348444438,0.24753233152178059,82.11382113821138,82.92682926829268,82.92682926829268,82.11382113821138,82.11382113821138,0.16864881360131065,0.1847880288761685,0.15764198430782184,87.58461538461539
