epoch,source_acc,target_acc_no_im,target_acc_oracle,target_acc_baseline,target_acc_MLLS,target_acc_RLLS,baseline_AE,MLLS_AE,RLLS_AE,cal_target_acc_no_im,cal_target_acc_oracle,cal_target_acc_baseline,cal_target_acc_MLLS,cal_target_acc_RLLS,cal_baseline_AE,cal_MLLS_AE,cal_RLLS_AE,cal_source_acc
10,97.03333333333333,60.86956521739131,82.6086956521739,65.21739130434783,65.21739130434783,65.21739130434783,0.7297009321371009,0.594109583675894,0.7199402837137514,60.86956521739131,86.95652173913044,65.21739130434783,65.21739130434783,65.21739130434783,0.7943896510856184,0.6448113834449836,0.7657135714156225,97.3
