epoch,source_acc,target_acc_no_im,target_acc_oracle,target_acc_baseline,target_acc_MLLS,target_acc_RLLS,baseline_AE,MLLS_AE,RLLS_AE,cal_target_acc_no_im,cal_target_acc_oracle,cal_target_acc_baseline,cal_target_acc_MLLS,cal_target_acc_RLLS,cal_baseline_AE,cal_MLLS_AE,cal_RLLS_AE,cal_source_acc
46,90.2872777017784,37.37373737373738,44.44444444444444,39.39393939393939,30.303030303030305,39.39393939393939,0.9671747103037143,1.0530699501332008,0.9246686313241865,33.33333333333333,42.42424242424242,32.323232323232325,29.292929292929294,32.323232323232325,0.9790898914625674,1.0903324504449758,0.9588906667454173,92.61285909712723
