epoch,source_acc,target_acc_no_im,target_acc_oracle,target_acc_baseline,target_acc_MLLS,target_acc_RLLS,baseline_AE,MLLS_AE,RLLS_AE,multarget_acc_oracle,multarget_acc_baseline,multarget_acc_MLLS,multarget_acc_RLLS
40,73.65384615384616,68.26923076923077,68.26923076923077,69.23076923076923,67.3076923076923,68.26923076923077,0.1938476925715804,0.2908702025619837,0.29036247399692744,68.26923076923077,69.23076923076923,67.3076923076923,68.26923076923077
