epoch,source_acc,target_acc_no_im,target_acc_oracle,target_acc_baseline,target_acc_MLLS,target_acc_RLLS,baseline_AE,MLLS_AE,RLLS_AE,cal_target_acc_no_im,cal_target_acc_oracle,cal_target_acc_baseline,cal_target_acc_MLLS,cal_target_acc_RLLS,cal_baseline_AE,cal_MLLS_AE,cal_RLLS_AE,cal_source_acc
10,89.65260017050298,70.04830917874396,72.56038647342994,69.01771336553946,67.4074074074074,68.47020933977456,0.3785540208364232,0.4747561790630498,0.4099016230645631,69.72624798711755,71.81964573268921,67.60064412238326,64.47665056360708,66.76328502415458,0.40490423851847795,0.5822679333399134,0.4405477677368437,89.81244671781756
