epoch,source_acc,target_acc_no_im,target_acc_oracle,target_acc_baseline,target_acc_MLLS,target_acc_RLLS,baseline_AE,MLLS_AE,RLLS_AE,multarget_acc_oracle,multarget_acc_baseline,multarget_acc_MLLS,multarget_acc_RLLS
7,99.47513019231558,66.62315056570931,75.50043516100958,69.75630983463881,70.36553524804178,69.75630983463881,0.5012553884512829,0.4876134948534419,0.500239477623555,74.06440382941688,68.58137510879025,68.71192341166231,68.58137510879025
