epoch,source_acc,target_acc_no_im,target_acc_oracle,target_acc_baseline,target_acc_MLLS,target_acc_RLLS,baseline_AE,MLLS_AE,RLLS_AE,cal_target_acc_no_im,cal_target_acc_oracle,cal_target_acc_baseline,cal_target_acc_MLLS,cal_target_acc_RLLS,cal_baseline_AE,cal_MLLS_AE,cal_RLLS_AE,cal_source_acc
7,99.47923073768811,63.76243171312509,64.71494607087827,61.68931222860344,60.624737358173405,61.60526684409581,0.5425201706540783,0.6525273187308608,0.5445316782243643,63.790446841294305,66.74604286314609,61.95545594621096,60.8348508194425,61.91343325395714,0.5328226687536918,0.5991738273016189,0.5338501864959593,99.65145364333456
