epoch,source_acc,target_acc_no_im,target_acc_oracle,target_acc_baseline,target_acc_MLLS,target_acc_RLLS,baseline_AE,MLLS_AE,RLLS_AE,multarget_acc_oracle,multarget_acc_baseline,multarget_acc_MLLS,multarget_acc_RLLS
49,42.44,7.446808510638298,15.425531914893616,5.851063829787234,2.925531914893617,6.117021276595745,0.9052175866499383,1.9484819508419065,1.012699191982435,15.425531914893616,5.851063829787234,2.925531914893617,6.117021276595745
