epoch,source_acc,target_acc_no_im,target_acc_oracle,target_acc_baseline,target_acc_MLLS,target_acc_RLLS,baseline_AE,MLLS_AE,RLLS_AE,cal_target_acc_no_im,cal_target_acc_oracle,cal_target_acc_baseline,cal_target_acc_MLLS,cal_target_acc_RLLS,cal_baseline_AE,cal_MLLS_AE,cal_RLLS_AE,cal_source_acc
50,88.50889192886456,31.451612903225808,40.32258064516129,32.25806451612903,31.451612903225808,32.25806451612903,0.9148700311517103,0.9392630188616926,0.9311726924763727,28.225806451612907,33.064516129032256,28.225806451612907,17.741935483870968,27.419354838709676,0.7972323716524223,1.3027932755147764,0.8276614495168205,92.0656634746922
