epoch,source_acc,target_acc_no_im,target_acc_oracle,target_acc_baseline,target_acc_MLLS,target_acc_RLLS,baseline_AE,MLLS_AE,RLLS_AE,cal_target_acc_no_im,cal_target_acc_oracle,cal_target_acc_baseline,cal_target_acc_MLLS,cal_target_acc_RLLS,cal_baseline_AE,cal_MLLS_AE,cal_RLLS_AE,cal_source_acc
7,99.47923073768811,63.25599087105363,65.38607835678965,61.56333206542411,60.72651198174211,61.50627615062761,0.5679944446232467,0.6638096768796741,0.5697713289961479,63.46519589197413,67.89653860783568,61.82959300114111,60.66945606694561,61.82959300114111,0.5462511183662832,0.6119017160885333,0.54700521110068,99.65145364333456
