epoch,source_acc,target_acc_no_im,target_acc_oracle,target_acc_baseline,target_acc_MLLS,target_acc_RLLS,baseline_AE,MLLS_AE,RLLS_AE,multarget_acc_oracle,multarget_acc_baseline,multarget_acc_MLLS,multarget_acc_RLLS
49,82.9001367989056,47.05882352941176,67.64705882352942,47.05882352941176,47.05882352941176,47.05882352941176,1.1209133306983858,1.025870274731148,1.0510163407892177,67.64705882352942,47.05882352941176,50.0,44.11764705882353
