epoch,source_acc,target_acc_no_im,target_acc_oracle,target_acc_baseline,target_acc_MLLS,target_acc_RLLS,baseline_AE,MLLS_AE,RLLS_AE,cal_target_acc_no_im,cal_target_acc_oracle,cal_target_acc_baseline,cal_target_acc_MLLS,cal_target_acc_RLLS,cal_baseline_AE,cal_MLLS_AE,cal_RLLS_AE,cal_source_acc
41,92.04,75.74511819116135,76.46454265159302,76.05344295991779,76.05344295991779,76.05344295991779,0.17973241070620447,0.17099575559012323,0.16117566267721328,78.31449126413155,79.95889003083248,78.62281603288798,79.34224049331962,78.82836587872559,0.14535974199287324,0.09748601199214836,0.12300109936725934,92.55
