epoch,source_acc,target_acc_no_im,target_acc_oracle,target_acc_baseline,target_acc_MLLS,target_acc_RLLS,baseline_AE,MLLS_AE,RLLS_AE,multarget_acc_oracle,multarget_acc_baseline,multarget_acc_MLLS,multarget_acc_RLLS
28,49.24516641652688,42.31625835189309,49.44320712694877,44.097995545657014,45.657015590200444,40.089086859688194,0.5630496066686684,0.4967522774988866,0.6917505643790174,50.55679287305123,44.543429844098,45.211581291759465,43.652561247216035
