epoch,source_acc,target_acc_no_im,target_acc_oracle,target_acc_baseline,target_acc_MLLS,target_acc_RLLS,baseline_AE,MLLS_AE,RLLS_AE,multarget_acc_oracle,multarget_acc_baseline,multarget_acc_MLLS,multarget_acc_RLLS
39,80.05,73.07692307692307,84.85576923076923,81.97115384615384,85.33653846153845,84.2548076923077,0.4452675635604044,0.10360339107226382,0.1624137193561707,84.85576923076923,81.97115384615384,85.33653846153845,84.2548076923077
